AXT68466.1	1
QAV59478.1	1
QCR02978.1	1
AOT35173.1	1
ADA76168.1	1
QFH28134.1	1
AQP93709.1	1
AWJ16177.1	1
AYQ49748.1	1
QHU69077.1	1
AWF24126.1	1
QJO41311.1	1
AJJ33094.1	1
QPR28803.1	1
UDC18572.1	1
AHP13161.1	1
QXY83763.1	1
ATG59845.1	1
QIM23453.1	1
QQI55155.1	1
UAT39934.1	1
QIM38951.1	1
QCD67382.1	1
ACA79806.1	1
QXX81747.1	1
QCU40219.1	1
AWL68738.1	1
QIF91327.1	1
ALX59892.1	1
AJJ34946.1	1
QIM44796.1	1
QJL42193.1	1
QJM07183.1	1
AHS42635.1	1
QAY41557.1	1
AZG61788.1	1
BBW28905.1	1
ALN35068.1	1
QWM18856.1	1
AUV21776.1	1
QOI57212.1	1
CAL22443.1	1
VEC19704.1	1
AZB79199.1	1
QHB67119.1	1
CAX53953.1	1
QBH59750.1	1
QXG54503.1	1
AHR16895.1	1
QJJ19066.1	1
QGM63816.1	1
UDC13328.1	1
ULF58195.1	1
QIP22327.1	1
QXN63787.1	1
QHB45010.1	1
QJB62835.1	1
ATB75525.1	1
AXU05036.1	1
QSH07377.1	1
BCL45075.1	1
AMQ53587.1	1
QJG42113.1	1
QEX55998.1	1
QBO99411.1	1
AZR20801.1	1
QWK97068.1	1
QIJ52367.1	1
QPA74436.1	1
AKO35774.1	1
ALY15344.1	1
APB46522.1	1
AGP42541.1	1
QLV61515.1	1
ADP11074.1	1
ULJ16508.1	1
AKM46316.1	1
QCN67622.1	1
ART19164.1	1
ATO03160.1	1
ADD75324.1	1
ASM09709.1	1
ANI29669.1	1
AMM77189.1	1
AWN71319.1	1
ATV48712.1	1
ULK40852.1	1
QDK87977.1	1
QPX99035.1	1
UNH34893.1	1
VDZ33686.1	1
AGS31761.1	1
QAX77265.1	1
ANV18682.1	1
QHQ19821.1	1
QXO61434.1	1
VDZ70463.1	1
QFY19694.1	1
BCU53557.1	1
BBL44185.1	1
AMX13543.1	1
QNF98198.1	1
CAL10318.1	1
URE95061.1	1
AIQ99299.1	1
QLS77414.1	1
QJM97138.1	1
ATR01675.1	1
SQI44262.1	1
QJZ18512.1	1
ATX48625.1	1
ALL95725.1	1
QRQ74056.1	1
QCA20504.1	1
AUV03218.1	1
BCZ60392.1	1
AKD63393.1	1
AHP63083.1	1
ASD61477.1	1
QPJ68399.1	1
BBW19161.1	1
UMB76587.1	1
APB03746.1	1
AJJ11247.1	1
VED22397.1	1
QGF28661.1	1
ASJ45657.1	1
ARX45875.1	1
ARA05560.1	1
QPD18580.1	1
AWF29063.1	1
AYP08342.1	1
VWQ03430.1	1
QQH41978.1	1
QJG03473.1	1
ASZ43769.1	1
AJB53810.1	1
ANK39639.1	1
AKK15918.1	1
AYK01532.1	1
QAV81681.1	1
AYZ17712.1	1
UIA87865.1	1
CDO16301.1	1
UPS72790.1	1
QKB61760.1	1
ASL90272.1	1
QSD23048.1	1
URG48782.1	1
BCA41825.1	1
AYO73472.1	1
AHV47500.1	1
QRF12457.1	1
ACI08512.1	1
CAQ86220.1	1
QQJ09736.1	1
QAU67162.1	1
ULI37831.1	1
BBR02506.1	1
QOR43253.1	1
QBZ35541.1	1
QBA28162.1	1
AMH20406.1	1
AXZ60483.1	1
BBQ86072.1	1
AWY26368.1	1
AHQ19041.1	1
ATW95602.1	1
UNA36861.1	1
QSS08046.1	1
AWA59999.1	1
ARA74574.1	1
APW90567.1	1
QAZ64840.1	1
AKF61676.1	1
QST37676.1	1
AVN48980.1	1
QJK49246.1	1
AHP67390.1	1
ANV04961.1	1
APK24996.1	1
QJK40155.1	1
UCZ79307.1	1
QJL26343.1	1
AHU17054.1	1
AOP80648.1	1
QEG44149.1	1
AMC96673.1	1
CUR98233.1	1
UQZ11806.1	1
QJP01837.1	1
QCN78562.1	1
ACZ78721.1	1
AST82081.1	1
QKA66575.1	1
AUY85622.1	1
QHE55042.1	1
AYM92455.1	1
AIR84198.1	1
QEC03757.1	1
QRB03117.1	1
QUI36987.1	1
QXO65239.1	1
AHP76030.1	1
AHO91701.1	1
AAP18893.1	1
ATC04876.1	1
AXF66720.1	1
AKK41025.1	1
QLP60520.1	1
QEB42014.1	1
AMH24614.1	1
QHM96900.1	1
AYL93509.1	1
QPN90401.1	1
AWS55773.1	1
QNC51700.1	1
AIX02012.1	1
AHU68159.1	1
QJZ96547.1	1
QTA68992.1	1
QER61071.1	1
QHZ87788.1	1
AMZ54985.1	1
AWA54552.1	1
QIP26956.1	1
QLU27100.1	1
UOZ18335.1	1
UMK52900.1	1
UIN17291.1	1
ATO35166.1	1
QRB56751.1	1
ADN48696.1	1
AHQ49586.1	1
ATM44994.1	1
UNH42272.1	1
AOP41630.1	1
UDN36275.1	1
AMJ68748.1	1
QPI43307.1	1
ANF73325.1	1
AHV11754.1	1
AIR05239.1	1
QSN70875.1	1
ARU99631.1	1
BBT78059.1	1
ANA23411.1	1
UIN00667.1	1
AJD99063.1	1
AXA11125.1	1
QKT78153.1	1
QCC14052.1	1
AIE26219.1	1
AYY06569.1	1
QEN99477.1	1
UCQ54177.1	1
ALL35960.1	1
AJO85846.1	1
AHQ84238.1	1
AFH94186.1	1
AQW19688.1	1
AQV64072.1	1
UAN46151.1	1
AHV16128.1	1
APC53627.1	1
AMN60130.1	1
ART00761.1	1
QBB82604.1	1
AJI81983.1	1
APK56088.1	1
QHQ01790.1	1
VTO64131.1	1
ACX89917.1	1
ASN42410.1	1
QHX01982.1	1
ANZ89732.1	1
QXX01644.1	1
QFI20299.1	1
AWO40777.1	1
QLB45849.1	1
QEH04126.1	1
QQI63152.1	1
QKA34533.1	1
AHW15408.1	1
ABX70177.1	1
AJB69207.1	1
QSC14524.1	1
ALN25708.1	1
QIR53535.1	1
QBM50756.1	1
UMV38174.1	1
QAZ87720.1	1
APJ66223.1	1
QBF93515.1	1
QEM88580.1	1
BBE80393.1	1
AUO59737.1	1
CAR15454.1	1
QGH31965.1	1
AJB78502.1	1
AHW96484.1	1
QVH37976.1	1
AVT92324.1	1
QJO69432.1	1
AKD05985.1	1
QAS85030.1	1
QHE01035.1	1
QPW25495.1	1
VEC46132.1	1
QLP50417.1	1
AZJ01585.1	1
AUQ39684.1	1
UCQ17755.1	1
AYL11021.1	1
QJJ40292.1	1
AWR51674.1	1
ARU95590.1	1
QLR26365.1	1
QAU93584.1	1
QEP81904.1	1
ARZ88108.1	1
ATX41190.1	1
AFM62135.1	1
QSB79567.1	1
AKR86187.1	1
VED44938.1	1
AUZ14679.1	1
AUC27792.1	1
APR45703.1	1
UMU74121.1	1
AIZ53601.1	1
AKL45837.1	1
QBG10772.1	1
QIS53927.1	1
BBP32663.1	1
UDV47789.1	1
ALH01014.1	1
QJO85794.1	1
AHQ53849.1	1
QHG48024.1	1
AZG94048.1	1
UKH41757.1	1
QPG40781.1	1
AHR34257.1	1
AWQ55079.1	1
QHM77781.1	1
QMI70987.1	1
QJP83074.1	1
QLU53502.1	1
QPD23261.1	1
AOD09048.1	1
AHR25701.1	1
AWY29901.1	1
QQO27880.1	1
QLM91575.1	1
QLN21185.1	1
AJB20233.1	1
QJU37944.1	1
QLN80984.1	1
QDG07287.1	1
APL16025.1	1
BBN75106.1	1
QVP37354.1	1
SMB37269.1	1
QSD47723.1	1
QQI53646.1	1
QFV96569.1	1
ANV95565.1	1
QIC17505.1	1
AHT28278.1	1
QCM90779.1	1
QCL39659.1	1
QEP67828.1	1
QEK46692.1	1
ASG90322.1	1
QCW32440.1	1
BCT21088.1	1
QHW80826.1	1
ANG71293.1	1
QLG54464.1	1
AHV59390.1	1
UFM69435.1	1
ATU12070.1	1
UQS56458.1	1
UKH20664.1	1
AAP96583.1	1
AUN55000.1	1
AOM55600.1	1
QHW94550.1	1
AJB82502.1	1
AUH09376.1	1
AUS40486.1	1
QDI26310.1	1
AYC91419.1	1
ARX23866.1	1
QCJ14295.1	1
AXO55221.1	1
ATW44885.1	1
APA24156.1	1
ALC71486.1	1
ASL62267.1	1
QJN73207.1	1
AJF78914.1	1
AUN80935.1	1
AKS88543.1	1
AWR81873.1	1
QEB24186.1	1
ATW92396.1	1
QKT17285.1	1
APJ96102.1	1
ATF94797.1	1
QBH95111.1	1
APD46813.1	1
ALG59218.1	1
QGW19094.1	1
UHC77066.1	1
CBX73673.1	1
QBC00730.1	1
AGK00831.1	1
AWE47988.1	1
QPA82941.1	1
AHR69616.1	1
QHR48318.1	1
AOV40385.1	1
ALD42406.1	1
VEE35389.1	1
QOX68745.1	1
AKM37370.1	1
AXC58442.1	1
AMA22982.1	1
QJI76873.1	1
QEM53072.1	1
APK74513.1	1
CBG36998.1	1
QQO69407.1	1
AER34606.1	1
AUY39567.1	1
VEA65567.1	1
QCC33583.1	1
QES61955.1	1
QHQ24122.1	1
AHT49455.1	1
QAW97870.1	1
AHP38932.1	1
UAN40762.1	1
AVH18129.1	1
QHR43710.1	1
AID80945.1	1
QLX42170.1	1
AKE78247.1	1
ADF64515.1	1
ASV22629.1	1
QEU14099.1	1
QHW61263.1	1
QNC86502.1	1
SNV39709.1	1
AJB60760.1	1
AWX28917.1	1
AXI37746.1	1
ARZ96687.1	1
QHJ29399.1	1
UFK89729.1	1
QLR04658.1	1
AKZ82378.1	1
CAR35308.1	1
QKJ55802.1	1
QZN64285.1	1
AHU59605.1	1
AGO53161.1	1
ASW70391.1	1
UON88369.1	1
UMV18854.1	1
AQV57097.1	1
QQX55592.1	1
AYU96252.1	1
QPD32165.1	1
AUM10399.1	1
QPO80441.1	1
ALX80297.1	1
VEG82702.1	1
AZT57361.1	1
QFW15542.1	1
BAB38150.1	1
QAZ97939.1	1
QLG85716.1	1
ATZ10149.1	1
AKL29132.1	1
QEB62299.1	1
AVU58029.1	1
AOP89522.1	1
ARC42248.1	1
ARN28763.1	1
ULI47344.1	1
AWJ27206.1	1
QIA80690.1	1
UOZ13974.1	1
CAG9433852.1	1
QSA69918.1	1
ALQ84891.1	1
BBE63838.1	1
AYM21720.1	1
QIF26935.1	1
AVF36661.1	1
AHV41476.1	1
VEC12647.1	1
QGM67395.1	1
AHW24268.1	1
AHO52844.1	1
AUL67829.1	1
BBV43298.1	1
ASI18701.1	1
UOY56168.1	1
ALZ94640.1	1
QBO43538.1	1
QVH58975.1	1
AYH49883.1	1
ATZ40472.1	1
UMU51309.1	1
AKD80902.1	1
QPB01088.1	1
AML11706.1	1
AIW74304.1	1
AKD20316.1	1
QEC30181.1	1
VDY71972.1	1
AHR50003.1	1
AUZ71905.1	1
BBQ59817.1	1
QNJ35784.1	1
ATA19767.1	1
VEB78855.1	1
UIN03933.1	1
AMM69607.1	1
QJQ64087.1	1
SBT62415.1	1
ATA26221.1	1
AZZ19249.1	1
QLB20957.1	1
AUY31376.1	1
QPJ05756.1	1
QYD26710.1	1
QCT10486.1	1
AFP72106.1	1
ATW44034.1	1
AYX18581.1	1
QEG93965.1	1
ATX91021.1	1
QII40015.1	1
QLS03469.1	1
QQK70636.1	1
AWK15006.1	1
ASQ20199.1	1
UCB29624.1	1
UBX50174.1	1
AAX67739.1	1
QFU71804.1	1
QKA12648.1	1
QEF03480.1	1
ACI36678.1	1
QKB04152.1	1
QBA35860.1	1
QML20286.1	1
ASE82440.1	1
VEC35373.1	1
QCQ28083.1	1
AVZ12506.1	1
QGN44891.1	1
AUG66952.1	1
AVE72994.1	1
AER86829.1	1
QLI99009.1	1
AXT78429.1	1
ULK84504.1	1
CUR98231.1	1
AUX05032.1	1
UQX59317.1	1
QCQ73408.1	1
UPR44111.1	1
AYB68055.1	1
QIS58138.1	1
QIC10762.1	1
QJT83529.1	1
QKI50792.1	1
QCH85356.1	1
QEX61597.1	1
QJO80365.1	1
ANK25266.1	1
AUC42591.1	1
QIJ22603.1	1
CUU52966.1	1
AHV03076.1	1
QKA23779.1	1
ARD53577.1	1
QQH66792.1	1
QER81525.1	1
QJZ37581.1	1
QKD70933.1	1
BBV68244.1	1
ALB33807.1	1
AJD97721.1	1
AML96996.1	1
QJZ05922.1	1
AKD89625.1	1
AOF20674.1	1
QEY49428.1	1
AKO43144.1	1
UKH09887.1	1
QBP83882.1	1
AXK21969.1	1
AMZ14100.1	1
AUN92656.1	1
AKR91736.1	1
CDG09954.1	1
QJJ77671.1	1
QSC10705.1	1
QBC15459.1	1
QLP32001.1	1
AYH17190.1	1
QIA15019.1	1
QET56923.1	1
AHP17432.1	1
VEA57000.1	1
QIV36657.1	1
QNM23903.1	1
QEC90485.1	1
AAG58989.1	1
QKF35919.1	1
SMZ54606.1	1
QEI67436.1	1
ART26944.1	1
QXO72700.1	1
ABR79666.1	1
CRY88917.1	1
QHP60106.1	1
AQV29938.1	1
UQY43932.1	1
QEP48901.1	1
AIN20943.1	1
QCE21832.1	1
QJL04392.1	1
AJI95100.1	1
QLJ44119.1	1
AFH43426.1	1
AGK11559.1	1
UAN57748.1	1
QKL31929.1	1
AZP44279.1	1
QBI06362.1	1
AHU42640.1	1
UFK39753.1	1
AUA44485.1	1
ABB68268.1	1
QDP32596.1	1
QBQ32940.1	1
AGU66252.1	1
QBP03886.1	1
CBA71847.1	1
QBJ10002.1	1
AWP34462.1	1
QQI11866.1	1
AUH88911.1	1
QJA22087.1	1
AVO76125.1	1
VEA97184.1	1
ASC76576.1	1
QJM60504.1	1
CAY72496.1	1
AID26451.1	1
UEM39211.1	1
ARA66390.1	1
QBI28378.1	1
QMM54757.1	1
AHU08661.1	1
QEW94145.1	1
AHY67569.1	1
APK64595.1	1
QTF06725.1	1
AXC32472.1	1
ARJ42075.1	1
QKO07258.1	1
CDZ22565.1	1
QHJ24380.1	1
AUM24949.1	1
AJE07157.1	1
AHY10682.1	1
QJJ13767.1	1
CAR00766.1	1
QFV73624.1	1
QGU89374.1	1
QJK78308.1	1
QQW43062.1	1
QVH50575.1	1
UDC60382.1	1
ADC60805.1	1
AZG83775.1	1
SLM64995.1	1
AHQ10429.1	1
AWY90609.1	1
QSS02834.1	1
ASG40732.1	1
ALN30334.1	1
AHT97793.1	1
ANP09819.1	1
UDQ80065.1	1
ADV97114.1	1
VDY32452.1	1
QFH97838.1	1
VED04503.1	1
AHU80987.1	1
ANF60659.1	1
QPV81866.1	1
QIE84218.1	1
BAT41538.1	1
AUN64984.1	1
AUJ83555.1	1
ATQ91086.1	1
UOH51286.1	1
QLJ58552.1	1
ARZ02673.1	1
UNH38749.1	1
UEQ11372.1	1
QGR30258.1	1
QLF66439.1	1
UAA04623.1	1
AHR82417.1	1
QKW73319.1	1
AHM55085.1	1
AKG32580.1	1
QQH05383.1	1
QKO20043.1	1
ARA46627.1	1
AHR04152.1	1
AUV31728.1	1
UIN13915.1	1
AIL17634.1	1
AHK19414.1	1
AHO48297.1	1
ATC05621.1	1
AYY82674.1	1
QQN43456.1	1
AHR62847.1	1
QCL45248.1	1
QRZ71990.1	1
QUE95113.1	1
AUV38351.1	1
AWJ19468.1	1
UCP92146.1	1
ARA51892.1	1
UCQ34711.1	1
AMG57063.1	1
VTP85987.1	1
AVD31025.1	1
QLM41301.1	1
QLN10628.1	1
CDX09274.1	1
QSQ79740.1	1
QQH77370.1	1
QKT55809.1	1
VEI62235.1	1
VEE90924.1	1
ACI74998.1	1
QKK66693.1	1
AGW10842.1	1
QCM35933.1	1
AZH87579.1	1
UOD73705.1	1
APK46028.1	1
AWF51105.1	1
ANF64404.1	1
QKA71922.1	1
ATY25181.1	1
BAJ45532.1	1
VEI44070.1	1
AUO34671.1	1
QBK45853.1	1
QKJ46911.1	1
AWD99709.1	1
QGV88055.1	1
AWK44165.1	1
QSX13061.1	1
QRZ80766.1	1
QLM97735.1	1
QDD33245.1	1
UEH04184.1	1
QHJ62207.1	1
QJO96100.1	1
QHR33777.1	1
QOV83091.1	1
QQJ32470.1	1
ANQ03164.1	1
AIX75219.1	1
QXP23584.1	1
QRN34036.1	1
QME86357.1	1
QKI66922.1	1
UPQ71546.1	1
APJ84399.1	1
QQN33855.1	1
QJY11909.1	1
QLO70205.1	1
QZA36366.1	1
QCC95144.1	1
QEL47557.1	1
APK04197.1	1
QJK83217.1	1
AON02734.1	1
AUT93213.1	1
QCH80071.1	1
ALK13614.1	1
AVK30456.1	1
AEW75807.1	1
AFD60768.1	1
QKF16556.1	1
QCL67570.1	1
BDH20406.1	1
QCJ62073.1	1
QJX89852.1	1
AZI03308.1	1
AGB80229.1	1
AUL65916.1	1
QNK32324.1	1
AWW65638.1	1
QKE15491.1	1
QLA68341.1	1
QRX99825.1	1
AVL37129.1	1
QEI69804.1	1
AVG01441.1	1
AYL87992.1	1
AAN45305.1	1
AZI80537.1	1
ATY20551.1	1
QJJ93196.1	1
QHF70500.1	1
ULF64069.1	1
QJN94398.1	1
AGE15988.1	1
AHQ14763.1	1
QWL97190.1	1
AIE62088.1	1
AHT82228.1	1
UAK21069.1	1
BBT73143.1	1
QST46704.1	1
QSB91471.1	1
AHU46918.1	1
APM06350.1	1
UMV03447.1	1
QIB84237.1	1
BBV78843.1	1
UNX68219.1	1
ASW62070.1	1
QPN40382.1	1
UDC70907.1	1
APK21482.1	1
QLR64930.1	1
ALL19589.1	1
AKK56280.1	1
AJG10794.1	1
AHT00216.1	1
QIG00340.1	1
QJG14537.1	1
QER48680.1	1
QJJ45760.1	1
AVL21021.1	1
QEB13739.1	1
ADU67477.1	1
QQM49257.1	1
ADO50470.1	1
QQH33707.1	1
ULK27109.1	1
QKB04594.1	1
QCM46907.1	1
AYW91048.1	1
UHD36621.1	1
QGK10897.1	1
VEA89390.1	1
AQZ84096.1	1
QDF93737.1	1
QKB77766.1	1
ULJ30677.1	1
AHS26364.2	1
QMD54939.1	1
QCN34597.1	1
QDI36013.1	1
ATZ96230.1	1
ANJ96599.1	1
AWK01603.1	1
QEO94343.1	1
AKR62066.1	1
QKA18283.1	1
QHI85108.1	1
ASO85707.1	1
BBT13609.1	1
UKS46721.1	1
AHU98745.1	1
ANK11347.1	1
QFU59206.1	1
ATI64103.1	1
QGR13435.1	1
QJZ64124.1	1
AHQ36683.1	1
QFS62256.1	1
QKZ01837.1	1
ATR65852.1	1
ATM31318.1	1
AVG75177.1	1
QQI77060.1	1
QGR43880.1	1
AHZ04808.1	1
QRB61531.1	1
AJB79984.1	1
QQH88853.1	1
UIW18133.1	1
VEC27757.1	1
QLO96318.1	1
CAR19112.1	1
BBW48092.1	1
QKD67402.1	1
QME69951.1	1
VDY96344.1	1
ATX00815.1	1
QDP04264.1	1
UJQ23923.1	1
AUT94778.1	1
QHQ12783.1	1
QDK73463.1	1
ADE66319.1	1
VDY62435.1	1
QEF70224.1	1
ASM24024.1	1
BBZ89717.1	1
AKG79532.1	1
APP26932.1	1
AYX00582.1	1
QGY27525.1	1
QFY25109.1	1
AVY97130.1	1
SPR86489.1	1
QGL23798.1	1
QKJ61054.1	1
QPF27901.1	1
AIM94402.1	1
ULJ59014.1	1
AXZ88558.1	1
QPW07568.1	1
AFS76823.1	1
QIV47944.1	1
AZH22863.1	1
QPO74554.1	1
AWL56631.1	1
QJS63891.1	1
QIF20707.1	1
ARW90482.1	1
BBV73243.1	1
QGX85671.1	1
QKY94107.1	1
QJY04426.1	1
AXQ35057.1	1
UAN22003.1	1
AVS07972.1	1
ABF05731.1	1
QFW83305.1	1
AQW07032.1	1
QGA34517.1	1
QAU57751.1	1
ANF39030.1	1
AOV09678.1	1
QLY00487.1	1
AHQ06153.1	1
ATX12679.1	1
QMK80440.1	1
AYO70034.1	1
AIJ08319.1	1
AXH63697.1	1
QXW34179.1	1
AUV98323.1	1
AWX40674.1	1
QYD21369.1	1
AHR38554.1	1
BAG79601.1	1
AEN66982.1	1
CDS71350.1	1
AZH95089.1	1
BBU16138.1	1
AVZ92346.1	1
VFQ40610.1	1
QWR83261.1	1
QGH40947.1	1
AFS59607.1	1
QNM28592.1	1
BBO60860.1	1
QCD04038.1	1
AHP08889.1	1
ASG52056.1	1
BBF17212.1	1
AKO54962.1	1
QTA04062.1	1
QJO74928.1	1
CDG14835.1	1
URG52534.1	1
QQA76316.1	1
QKO11409.1	1
APL18927.1	1
ARZ92070.1	1
QJB71793.1	1
APA39730.1	1
SQE29585.1	1
ANF20926.1	1
SNU19265.1	1
QCU84937.1	1
AWC70665.1	1
UAW29451.1	1
AKG69282.1	1
QEI95091.1	1
AYL73117.1	1
APZ07885.1	1
QWL89894.1	1
AER91748.1	1
UEG33068.1	1
QGR35209.1	1
QNC96265.1	1
QQH65371.1	1
AST76781.1	1
UKY57871.1	1
AYA09095.1	1
AOM41614.1	1
ULK45280.1	1
QQI81455.1	1
QEU43734.1	1
QWJ91556.1	1
AUY03255.1	1
QQM79148.1	1
AIX49883.1	1
BCL50647.1	1
AMG99752.1	1
QLK23889.1	1
ATM97667.1	1
AWJ46080.1	1
QEB91300.1	1
BAX23297.1	1
AHF75409.1	1
QMV76343.1	1
QNC63949.1	1
UQQ20791.1	1
QXO46192.1	1
ARI06240.1	1
AYZ53180.1	1
AEZ47175.1	1
QEB39670.1	1
APK29864.1	1
AHR58563.1	1
ATO77502.1	1
VZZ90493.1	1
VTO23125.1	1
QBH43243.1	1
QSS19177.1	1
QKT39069.1	1
QLK18839.1	1
VEB81444.1	1
QEF61030.1	1
AEK00769.1	1
AHR42847.1	1
QDZ54179.1	1
QUG77583.1	1
ANV00375.1	1
QEV96533.1	1
AXW93556.1	1
QHI50484.1	1
AZI93414.1	1
AYW84227.1	1
AXS33311.1	1
QMH60841.1	1
QKY73502.1	1
QBL51628.1	1
QPD71292.1	1
AMY85790.1	1
AIE07900.1	1
AIX76831.1	1
AIX57421.1	1
QXZ36886.1	1
QLM27767.1	1
QSI91565.1	1
AWF11240.1	1
ARE54631.1	1
SQI82974.1	1
ASC16972.1	1
VDZ10714.1	1
AVE57536.1	1
AML37757.1	1
AMZ59847.1	1
ANS40665.1	1
BAJ39025.1	1
QHN09127.1	1
QSI88300.1	1
UCQ31385.1	1
AYV05050.1	1
AVU48754.1	1
AUH94616.1	1
AKE12566.1	1
AIE01159.1	1
QHJ53614.1	1
AWS70555.1	1
AKD76482.1	1
AUK24286.1	1
AWO09832.1	1
VEF82068.1	1
QKT44655.1	1
AOV29616.1	1
AYP04265.1	1
AHS79036.1	1
AGQ71407.1	1
QRB18878.1	1
AVU38400.1	1
APG20762.1	1
CCW76644.1	1
QBA62923.1	1
ALB53318.1	1
AUU14723.1	1
AHQ75610.1	1
QJI97726.1	1
AJJ66334.1	1
VEC97068.1	1
UOY66212.1	1
VEB03101.1	1
QEB93921.1	1
QQO62222.1	1
QJK30759.1	1
BCT16456.1	1
QEA85079.1	1
BAI57174.1	1
AHY73319.1	1
AHR29992.1	1
UNK72720.1	1
QFH67149.1	1
QPS92045.1	1
AVN37459.1	1
AKF57537.1	1
AHP26048.1	1
QQI72410.1	1
QDJ89941.1	1
QEA77164.1	1
AVE96086.1	1
QJM23642.1	1
QKB56460.1	1
VEA84543.1	1
AYA41396.1	1
QKI47420.1	1
AIZ84991.1	1
AXO72253.1	1
UML88856.1	1
UBB13356.1	1
QLF58976.1	1
AND14665.1	1
QZS47197.1	1
APM55984.1	1
VED38478.1	1
QMI07039.1	1
AJJ63807.1	1
ASO02890.1	1
AQV88272.1	1
QCM52400.1	1
ASS79817.1	1
UCT08529.1	1
ACT05059.1	1
UKH23227.1	1
QIM67791.1	1
QEJ26201.1	1
AMH17235.1	1
QWU37548.1	1
AXL56639.1	1
APK36029.1	1
AKO32883.1	1
AJZ90765.1	1
AZH67370.1	1
UJR63975.1	1
ALX92360.1	1
ANK50966.1	1
QIT31067.1	1
QUY06394.1	1
QJU89517.1	1
QIR59206.1	1
UFK94402.1	1
QHL85254.1	1
QSR07249.1	1
QQI40005.1	1
AHS03069.1	1
AUU10151.1	1
AKD85264.1	1
AWA70976.1	1
QSD40569.1	1
AMW97190.1	1
QIB97270.1	1
ULK73365.1	1
AMO51170.1	1
ATR33520.1	1
AKO48632.1	1
URQ60625.1	1
AMA17265.1	1
ACB04823.1	1
QCM30446.1	1
AWV78237.1	1
QXM20916.1	1
BBT59753.1	1
ULJ54660.1	1
QEB52005.1	1
ANG82472.1	1
QBA47775.1	1
AMQ59976.1	1
ALP76371.1	1
QST55268.1	1
APK48952.1	1
QLM45711.1	1
QGW00250.1	1
AMN37904.1	1
AIK94864.1	1
QEJ18936.1	1
QEI60553.1	1
BBE58066.1	1
UQQ41743.1	1
QGF13908.1	1
QQO72408.1	1
AVZ56763.1	1
QTA08749.1	1
AEX54113.1	1
AHS34439.1	1
ATU37035.1	1
QJL47518.1	1
AHT40828.1	1
AHO08130.1	1
ULK15883.1	1
QEA79811.1	1
AYL49065.1	1
ACT74553.1	1
QMF01591.1	1
AOM72319.1	1
AVL31852.1	1
AVF17664.1	1
CAS11643.1	1
AYP24865.1	1
AVP27797.1	1
AKF69955.1	1
QPA97241.1	1
QQX96075.1	1
QCR59222.1	1
AJJ03357.1	1
QIF32050.1	1
QDY40514.1	1
AXL26942.1	1
QBG60716.1	1
UJD78321.1	1
ATG08174.1	1
ANR83613.1	1
ARV55609.1	1
AMH10157.1	1
QJJ08546.1	1
AWX80077.1	1
UNE44113.1	1
BBU02356.1	1
QCM79833.1	1
CZQ44035.1	1
QWM08073.1	1
UOY32101.1	1
CBJ88472.1	1
AMW40657.1	1
QJF86548.1	1
AGK68894.1	1
AHT60853.1	1
AWO51278.1	1
BCG34135.1	1
BBU94208.1	1
QQJ26440.1	1
AXF70275.1	1
UCP87677.1	1
AYN92116.1	1
APL62014.1	1
BDD53713.1	1
ANJ93334.1	1
QQI02384.1	1
QLV70750.1	1
QLP38901.1	1
QLN50511.1	1
QEB57313.1	1
AHQ27568.1	1
QHI53425.1	1
AHO65871.1	1
ARR41359.1	1
QER01457.1	1
QJM39503.1	1
QKJ89160.1	1
SQJ46862.1	1
QLP10560.1	1
AJJ70200.1	1
QWQ20559.1	1
QKB51151.1	1
AAV79550.1	1
AKS02680.1	1
QJN29980.1	1
ASI53531.1	1
QDN45453.1	1
QNC59509.1	1
BBU73084.1	1
AIE68055.1	1
QGR69137.1	1
QKB40592.1	1
ULK60212.1	1
UNF12696.1	1
QWM15030.1	1
AWF40610.1	1
QUC30122.1	1
ABV18793.1	1
APK82064.1	1
AWR64423.1	1
QKT66981.1	1
QHP17658.1	1
QPI99873.1	1
AOZ37910.1	1
AHT73676.1	1
BBM80477.1	1
AIA46506.1	1
UPY95382.1	1
QSZ39603.1	1
QFG85058.1	1
AUY44932.1	1
QQE93093.1	1
QEF74833.1	1
AFS83882.1	1
UIN10561.1	1
QGF84600.1	1
AKG83940.1	1
QHW73534.1	1
AXZ18572.1	1
CBX78997.1	1
QMV97361.1	1
QKA29161.1	1
QLD09660.1	1
ABJ03253.1	1
AQV68807.1	1
UKH17030.1	1
QKF11806.1	1
ARA27030.1	1
QWQ16725.1	1
AIG71253.1	1
AYH38372.1	1
QKF25172.1	1
AWO35766.1	1
AHQ38752.1	1
QEJ63555.1	1
QTL39682.1	1
VEC61464.1	1
QCA06019.1	1
AMA28134.1	1
QLX90983.1	1
QDJ79451.1	1
ASQ77671.1	1
AVS18394.1	1
QJG22232.1	1
VEC19024.1	1
QSW14357.1	1
QQJ18449.1	1
QEP63246.1	1
AAN83148.1	1
UMU63959.1	1
VED09878.1	1
QGQ41654.1	1
QDJ68758.1	1
QKX27846.1	1
ATY05552.1	1
ASA68134.1	1
QJN02653.1	1
ULJ98035.1	1
QLU79574.1	1
UCQ44618.1	1
QHS43838.1	1
AMW56121.1	1
ACH73921.1	1
QTH75941.1	1
UEG38022.1	1
AMZ69240.1	1
VEB91675.1	1
QEJ03705.1	1
APJ63385.1	1
QMK66560.1	1
QGH85586.1	1
QIB13104.1	1
APG34334.1	1
ANG94714.1	1
QEQ85288.1	1
APM21344.1	1
AHP34675.1	1
ABB63883.1	1
QJX99190.1	1
QPP02131.1	1
QJQ56586.1	1
AYH33975.1	1
AOR62846.1	1
QGY21978.1	1
QJJ98667.1	1
ULJ06938.1	1
VEB91677.1	1
QGM80162.1	1
AKK77173.1	1
BBV06921.1	1
QAV64276.1	1
AVS11331.1	1
AGQ69696.1	1
AXZ15410.1	1
QJL58627.1	1
AHS64244.1	1
ULI92072.1	1
AYQ53912.1	1
ANK19725.1	1
AFH15784.1	1
AUY94929.1	1
QBJ31572.1	1
QKA93272.1	1
QHJ68081.1	1
AZG49216.1	1
APK71651.1	1
QKZ10756.1	1
AMO79972.1	1
QLZ80656.1	1
AMJ30734.1	1
QJL96282.1	1
QSH16605.1	1
AHP54693.1	1
QNC55683.1	1
ATH69983.1	1
QIU91205.1	1
QQI67757.1	1
QJF91015.1	1
QBQ00818.1	1
AOM93753.1	1
AKH01479.1	1
AVU63146.1	1
AQL13857.1	1
QQH47957.1	1
UKH39815.1	1
QIL65354.1	1
ASN35926.1	1
AHV69135.1	1
UPQ39201.1	1
AHT06291.2	1
QCS98806.1	1
BCG40381.1	1
API17669.1	1
APM67314.1	1
AKR97217.1	1
QEB28449.1	1
QKA98699.1	1
AMB56429.1	1
ALU53039.1	1
UNE87706.1	1
QIW15072.1	1
QOH75588.1	1
AVT51088.1	1
QOV78826.1	1
BDG86852.1	1
VEA97414.1	1
QSQ03543.1	1
VEA08014.1	1
ACT15016.1	1
BAP09897.1	1
AHO35305.1	1
UOU78951.1	1
QEA92690.1	1
VDY77569.1	1
QJI71299.1	1
AUH13350.1	1
AXA22040.1	1
APM28322.1	1
QJK99318.1	1
QAB32300.1	1
QIP98549.1	1
AFR05383.1	1
AJI89080.1	1
AGG29291.1	1
AXT83067.1	1
QEC35026.1	1
QLH61794.1	1
QCO53485.1	1
VDZ81867.1	1
QBG02566.1	1
QBA53479.1	1
QND01411.1	1
AQZ80057.1	1
VTO16449.1	1
AWX01790.1	1
AMZ36421.1	1
AUF93265.1	1
QGG05374.1	1
QPD27724.1	1
VDZ91213.1	1
VEI15383.1	1
ASE06940.1	1
VEC58731.1	1
AKA92985.1	1
ANN52212.1	1
AOP98206.1	1
AUU04036.1	1
QNQ22449.1	1
ATR39052.1	1
AIK15960.1	1
AUX74185.1	1
ACR67360.1	1
QVH71571.1	1
BBR07678.1	1
QFX87822.1	1
QOH83658.1	1
UBS82576.1	1
AUK03439.1	1
UAW34612.1	1
QLN35251.1	1
AXS20595.1	1
QVH75771.1	1
AYR81486.1	1
SQL14485.1	1
QHO88249.1	1
AMR13817.1	1
AVB07877.1	1
QKA87939.1	1
QCV10032.1	1
CEI45219.1	1
UNF65170.1	1
QIF67701.1	1
QLN30547.1	1
UON96148.1	1
AFU20110.1	1
BAI33073.1	1
QEP77288.1	1
AYY31355.1	1
QHC75682.1	1
AKS79357.1	1
BCG11288.1	1
QDK08150.1	1
QJG59991.1	1
QJZ53822.1	1
ULS44533.1	1
QPA66849.1	1
AJJ23675.1	1
QKJ10791.1	1
QQJ23422.1	1
AMF89618.1	1
QGQ68211.1	1
QZX95583.1	1
QIH79685.1	1
QAW75710.1	1
UKH33401.1	1
BBV83909.1	1
AVJ15787.1	1
QRZ76379.1	1
ASK74914.1	1
ASX08570.1	1
QFH53150.1	1
QQE42628.1	1
QFZ71485.1	1
AEG25955.1	1
QSV49419.1	1
QZY94708.1	1
BAS38163.1	1
ANK47983.1	1
QWA90701.1	1
QIK15996.1	1
QFR91021.1	1
AJJ45374.1	1
QPD66422.1	1
QBP88111.1	1
QJJ33642.1	1
QJK73209.1	1
QGW01654.1	1
AKR76423.1	1
AVT65194.1	1
ASV92039.1	1
QJY25188.1	1
AOM48971.1	1
VEB77836.1	1
QPI32457.1	1
ATY92640.1	1
QJZ69585.1	1
QHU53421.1	1
ABV11309.1	1
CAR10598.2	1
QSB73211.1	1
AHQ92802.1	1
AOT62770.1	1
ALB52200.1	1
QFH77594.1	1
QEB64708.1	1
AKO47268.1	1
QSD44636.1	1
AXY28497.1	1
AVN00818.1	1
QIZ57309.1	1
QET64414.1	1
AJB24526.1	1
ARR32874.1	1
QIF55418.1	1
QNQ24972.1	1
AWQ20517.1	1
AHU04464.1	1
AZP01376.1	1
QNB41784.1	1
ACE62258.1	1
QKA82536.1	1
QMA94442.1	1
ADX19710.1	1
QLM23679.1	1
AWC03248.1	1
QPO69716.1	1
UMO87324.1	1
AJJ39844.1	1
VED12539.1	1
AXL63243.1	1
UKH25174.1	1
QDE52183.1	1
AWQ41618.1	1
APJ56233.1	1
QHC42650.1	1
AAS63357.1	1
SQI29367.1	1
QIV02152.1	1
AQW75489.1	1
QMI61450.1	1
CEP69785.1	1
QEO56070.1	1
AGH72216.1	1
AUT99360.1	1
QLB33076.1	1
QIJ11118.1	1
ACT45465.1	1
BBN79500.1	1
AWG14811.1	1
APM00887.1	1
BCQ47427.1	1
AMK99720.1	1
ATM75973.1	1
ASW35303.1	1
AHS95947.1	1
QEY80937.1	1
ASG78055.1	1
QJQ52888.1	1
AFG42740.1	1
APE82421.1	1
QGG10453.1	1
AWS80007.1	1
ASY81222.1	1
QMC80099.1	1
QDB98139.1	1
AKM85290.1	1
AHG78448.1	1
API49741.1	1
QMI67542.1	1
QDN13894.1	1
QER68570.1	1
QGM70775.1	1
UMU28166.1	1
AUQ41393.1	1
QZY90186.1	1
QGX92755.1	1
ANP30459.1	1
ABN74628.1	1
UNM56300.1	1
CDG23110.1	1
QJP47037.1	1
AKK90216.1	1
AWO61289.1	1
QIB20269.1	1
BBG80165.1	1
ANR79596.1	1
AUV41399.1	1
QIG14599.1	1
UAN51760.1	1
QKV88870.1	1
AIK16442.1	1
QIE77235.1	1
QEB44444.1	1
VTP80487.1	1
QIJ93320.1	1
QEB59897.1	1
ULK60747.1	1
QBY20970.1	1
QGW89191.1	1
QCN07243.1	1
QJL69199.1	1
AVT70992.1	1
QPO61456.1	1
AOX60292.1	1
QKA61236.1	1
AWC74893.1	1
QJG45399.1	1
AZQ78471.1	1
QEC17998.1	1
AHP97591.1	1
AVN36288.1	1
QJE06110.1	1
QIH01808.1	1
QSA11544.1	1
UOY70621.1	1
QGN51438.1	1
AFH13640.1	1
QJN68074.1	1
QJY08806.1	1
VTO32119.1	1
AMY81253.1	1
AXZ53029.1	1
AXQ33430.1	1
AOF28849.1	1
QLT97630.1	1
QLX17917.1	1
AHS74175.2	1
QKB83269.1	1
BBS39267.1	1
QJY64779.1	1
QIX95638.1	1
CQR83212.1	1
QMK48117.1	1
QBM95971.1	1
QRA81254.1	1
QAS87513.1	1
APV27543.1	1
UIZ76229.1	1
ANM80874.1	1
APS94400.1	1
VEE74032.1	1
UIM87474.1	1
ANU91421.1	1
QLN02392.1	1
APW92935.1	1
QJY18024.1	1
QJN24495.1	1
VEA61305.1	1
QLU98972.1	1
AHS91667.1	1
QMB03539.1	1
QEP58868.1	1
QBH09333.1	1
UBU87232.1	1
ANE64861.1	1
AUA53581.1	1
UNI54081.1	1
QJQ60285.1	1
AYQ00562.1	1
ANA27750.1	1
QCS75502.1	1
QPV86981.1	1
AHQ88520.1	1
QJK36069.1	1
APE55534.1	1
AIT01266.1	1
QIV46865.1	1
AUN75264.1	1
AOV98344.1	1
QBH34988.1	1
UQC73064.1	1
ACF69242.1	1
AKD59013.1	1
QLS62461.1	1
QAY26137.1	1
QVV61977.1	1
ULK11142.1	1
QSQ74617.1	1
QJZ86009.1	1
ULI33585.1	1
AMY76654.1	1
APK01405.1	1
ALD06339.1	1
AUA01657.1	1
QCS87186.1	1
QNK06588.1	1
QGY17226.1	1
AZH41321.1	1
QMI03042.1	1
QJP75067.1	1
AIE20822.1	1
AYX23650.1	1
QEL31725.1	1
QAV46574.1	1
ASB85022.1	1
QJL09677.1	1
AHR78142.1	1
QNB21415.1	1
QDI11791.1	1
UCQ27617.1	1
QCV20089.1	1
AJK11817.1	1
QHD94333.1	1
AWJ40827.1	1
AHS07357.1	1
AUW12157.1	1
UNK28025.1	1
QQJ05114.1	1
AYW27193.1	1
UPT54383.1	1
ARD39947.1	1
AUN75813.1	1
QLJ19521.1	1
QCN40164.1	1
AZU44131.1	1
APE70199.1	1
APP72882.1	1
VDR30565.1	1
SQJ03812.1	1
QLP29054.1	1
QGP85863.1	1
QJG28333.1	1
UEG74311.1	1
UHD31818.1	1
AUN49806.1	1
ALI38526.1	1
AUB50343.1	1
QEB31929.1	1
AJB06327.1	1
QFH33526.1	1
AHQ31820.1	1
ASO61472.1	1
AYB99940.1	1
QZG78416.1	1
ULI66762.1	1
QJS74494.1	1
QCN29110.1	1
QJJ46739.1	1
QKA45128.1	1
QFH01059.1	1
AJA94974.1	1
UCQ21236.1	1
QIN40291.1	1
APQ28806.1	1
UDG00755.1	1
AVJ67875.1	1
ATC73871.1	1
CAR05412.1	1
QHU64746.1	1
AJC06942.1	1
UOY37015.1	1
AIA34509.1	1
QHP39067.1	1
AQV74242.1	1
AVJ88770.1	1
ASE76045.1	1
QBA02696.1	1
AUK08771.1	1
AJE90626.1	1
AIZ80445.1	1
AHV20462.1	1
QJL17988.1	1
QHR93285.1	1
AHP21770.1	1
ABY70124.1	1
QKJ49624.1	1
QAU99258.1	1
QJG32833.1	1
QEI89220.1	1
VEF66579.1	1
AHG76455.1	1
AUY71673.1	1
ATX18376.1	1
APL05554.1	1
AYD36935.1	1
QPB04897.1	1
AUX66333.1	1
AUU96954.1	1
VDZ85417.1	1
AXZ01010.1	1
BAI27950.1	1
ATX97747.1	1
ATD36388.1	1
ULK55855.1	1
QHW90139.1	1
UBX32958.1	1
QGQ17287.1	1
AYY49657.1	1
QIM64580.1	1
AXL97813.1	1
AXS11350.1	1
AID93799.1	1
AZP24211.1	1
QCV93136.1	1
QVH63175.1	1
AQT14797.1	1
AXO42408.1	1
QKF28317.1	1
QCE27307.1	1
UAA14384.1	1
AOE24058.1	1
QSS13695.1	1
QLT90756.1	1
ADO11528.1	1
AHT11235.1	1
ASO46524.1	1
QFU56486.1	1
AYD31685.1	1
QBM21160.1	1
QAZ81973.1	1
AWZ98234.1	1
AWS50116.1	1
QXO49916.1	1
SNY86395.1	1
QHB30907.1	1
AXK99494.1	1
AYL44542.1	1
UDF26155.1	1
UHD11196.1	1
AVJ76900.1	1
QSB85072.1	1
APL33858.1	1
UOY51254.1	1
QGA63559.1	1
QJY71232.1	1
QLT78984.1	1
AKF23005.1	1
UKE85372.1	1
AUR32966.1	1
AKH63038.1	1
QOC43601.1	1
UKH44231.1	1
AUU19270.1	1
SQH42649.1	1
VDZ04493.1	1
VEC61739.1	1
QZS64147.1	1
QJJ79478.1	1
UAN17466.1	1
AHQ66711.1	1
QCM74355.1	1
AHT04466.1	1
UKH15051.1	1
QSS29903.1	1
QLW57368.1	1
QPI95078.1	1
QTC46201.1	1
AZJ30172.1	1
UDC08304.1	1
AHS30163.1	1
AKK14476.2	1
QLB27545.1	1
AXX26575.1	1
AMG52225.1	1
URE78423.1	1
QIF96711.1	1
UIA92018.1	1
UGW88704.1	1
UOY41677.1	1
AWA36344.1	1
QEX07621.1	1
AHR08054.1	1
QAU74724.1	1
AWD02329.1	1
QRA95394.1	1
QJY75675.1	1
AHW04276.1	1
AIF62888.1	1
AUZ08068.1	1
AHE46995.1	1
AIA39909.1	1
ASO36264.1	1
AHT77960.1	1
QAV76050.1	1
AXG17083.1	1
AHV24438.1	1
QUG46511.1	1
QJY78821.1	1
QST08939.1	1
QJZ10130.1	1
QGG29801.1	1
AVR71043.1	1
AEF43295.1	1
UAN10556.1	1
AJJ17553.1	1
QHD77393.1	1
UCQ57709.1	1
ATC19685.1	1
VTO30272.1	1
ASM28801.1	1
QHP82176.1	1
AIN34108.1	1
QEC99291.1	1
ANV09530.1	1
AVJ11272.1	1
UJT79107.1	1
QMI65836.1	1
AHP84777.1	1
QJM91534.1	1
QQM57847.1	1
AYN28107.1	1
VEB27118.1	1
BBU11269.1	1
ANJ37530.1	1
APM78673.1	1
AHT86503.1	1
ACI75000.1	1
BBQ18716.1	1
ASN31734.1	1
ANC39947.1	1
AKO41718.1	1
QJT77865.1	1
ANF80251.1	1
ALE98687.1	1
UAY92376.1	1
AWQ45930.1	1
QSS33628.1	1
AQV40058.1	1
AHO03229.1	1
ASR23157.1	1
AZH56687.1	1
QEF09909.1	1
QDI10895.1	1
QEB05767.1	1
BBS84583.1	1
QIH61070.1	1
QEB21671.1	1
ABG12131.1	1
AMM38771.1	1
QJM70688.1	1
CAX57735.1	1
UDQ67104.1	1
CBK84278.1	1
AXG63549.1	1
QHW65767.1	1
QQI90928.1	1
BCG39196.1	1
CDY62755.1	1
QKT72567.1	1
QJK94045.1	1
QBO94698.1	1
UMU78218.1	1
UAS94765.1	1
AVU28567.1	1
QEC37444.1	1
AJJ78819.1	1
AXS16425.1	1
QJP26225.1	1
BBV14265.1	1
QYM98131.1	1
ARZ78811.1	1
AOO71990.1	1
UFK51110.1	1
UBI66531.1	1
QKW79342.1	1
APG52114.1	1
AHP43200.1	1
AMW17006.1	1
AOR17796.1	1
QQH79153.1	1
CAH6192177.1	1
AWE31721.1	1
QEG52720.1	1
AQV81051.1	1
AWR76371.1	1
QOD35230.1	1
QFR74341.1	1
AWW64904.1	1
AKE60792.1	1
BCN19969.1	1
UDQ75734.1	1
AZZ00189.1	1
QJO27865.1	1
QLN45050.1	1
QJX87982.1	1
QKE22817.1	1
QCN12726.1	1
APL75096.1	1
QXO80411.1	1
UFT94155.1	1
UCQ14812.1	1
AIV31946.1	1
AWS63604.1	1
AYH25079.1	1
UKH19076.1	1
QIN55828.1	1
QHB88234.1	1
UHD26315.1	1
ART09573.1	1
QJY29881.1	1
AVJ62473.1	1
AHQ79956.1	1
QXL97582.1	1
QEX68804.1	1
QPO90756.1	1
ADR29177.1	1
QIF87461.1	1
QHF75558.1	1
QCW76192.1	1
AYQ03042.1	1
QDQ75032.1	1
QQI21279.1	1
APJ90279.1	1
AMG17274.1	1
QEC25254.1	1
ALV19818.1	1
ASM33598.1	1
VDY91555.1	1
AHT15522.1	1
VAV76362.1	1
QQI06941.1	1
QEU20691.1	1
UMD12970.1	1
QTL44012.1	1
QTA64366.1	1
UPK81316.1	1
QAU62092.1	1
QLN16858.1	1
QCW54190.1	1
ART05781.1	1
AZK64590.1	1
BCQ42077.1	1
QEB96512.1	1
BBM23648.1	1
AVP00182.1	1
AHT69396.1	1
QQH93565.1	1
API23314.1	1
QBI34334.1	1
BBV19406.1	1
AQW11747.1	1
AKI68791.1	1
AWD97281.1	1
QBN12339.1	1
AYQ66287.1	1
QFU66607.1	1
AYH03298.1	1
QGF75363.1	1
AKO40233.1	1
ARX52510.1	1
UNC48201.1	1
QFU50544.1	1
QKJ14671.1	1
QPE17375.1	1
QMI43664.1	1
QJQ16615.1	1
UHC94144.1	1
AWR67005.1	1
VEB11900.1	1
AVO81899.1	1
AZZ34552.1	1
AHT19799.1	1
AWO06758.1	1
QHF80949.1	1
QJN13514.1	1
QGT66709.1	1
QEL38179.1	1
CBA27043.1	1
QHP65081.1	1
ALV66840.1	1
ASW67716.1	1
ALZ58084.1	1
QCN45720.1	1
ANF72751.1	1
AJA28891.1	1
QDJ64236.1	1
QJN84986.1	1
AYW22065.1	1
ASG32544.1	1
QJG10026.1	1
AXQ45142.1	1
QBO40288.1	1
QIM34560.1	1
AQV35213.1	1
APV16818.1	1
QUY46870.1	1
AIN14413.1	1
QEF56629.1	1
UCZ73608.1	1
BBR85675.1	1
APC13847.1	1
VEC85650.1	1
CAG9434090.1	1
QIF92553.1	1
AOP97603.1	1
QNP24642.1	1
APL80134.1	1
ALO89486.1	1
QAZ74436.1	1
QJZ91370.1	1
UDJ98459.1	1
AWB62725.1	1
AJB15300.1	1
QDR62770.1	1
QJJ29919.1	1
QMV53421.1	1
QLU07158.1	1
SQF65336.1	1
AWA76747.1	1
QPA78390.1	1
UKH31362.1	1
QDD28184.1	1
AXU96876.1	1
AVO14802.1	1
AHG84887.1	1
AKL57251.1	1
CDG16059.1	1
QCN73086.1	1
BBG67341.1	1
AOV24263.1	1
QHU39112.1	1
AML21665.1	1
QCI02392.1	1
QOV58541.1	1
AKL07008.1	1
QGQ12346.1	1
ALD37427.1	1
QCT19350.1	1
QLE80438.1	1
QEB71828.1	1
AHO70213.1	1
APL89457.1	1
QDM06647.1	1
ANO27614.1	1
AIZ93415.1	1
AYW95772.1	1
QIZ49529.1	1
AZU05499.1	1
AFK01265.1	1
QBL01166.1	1
UNK23273.1	1
QHD14578.1	1
AVE66592.1	1
QTA13268.1	1
ASM19271.1	1
AJE58359.1	1
ANE75210.1	1
AQZ28369.1	1
ARS06002.1	1
AHS15921.1	1
QJG65192.1	1
QRG79090.1	1
BBV53339.1	1
QHR03874.1	1
QKN83778.1	1
AOT46210.1	1
QJY68539.1	1
QAX12909.1	1
QIF14604.1	1
AXE59939.1	1
QWV41827.1	1
AHR12456.1	1
QBM69447.1	1
UMV42730.1	1
BBP15073.1	1
ALQ90386.1	1
BCU62871.1	1
ALH05382.1	1
UNK61242.1	1
BBQ23439.1	1
AXH19596.1	1
QJU84893.1	1
BBJ69599.1	1
BBR61098.1	1
AWO27491.1	1
BBK49820.1	1
APL51312.1	1
BBQ75768.1	1
AHR94554.1	1
AUS67727.1	1
CDJ74781.1	1
QQZ20013.1	1
QSZ86492.1	1
QDM86311.1	1
QJL15021.1	1
AEF09751.1	1
URR18001.1	1
ANF75262.1	1
AVN03430.1	1
AKS61910.1	1
AHR98833.1	1
QQH98114.1	1
QLC53518.1	1
AVU27758.1	1
APL72526.1	1
QJK19895.1	1
UFO03270.1	1
QTO08957.1	1
AZG97266.1	1
ASB13432.1	1
UKK46075.1	1
QIF59580.1	1
ALE64377.1	1
QKA01840.1	1
QLM10152.1	1
AZA44593.1	1
BBT03884.1	1
AUD20138.1	1
QJM50088.1	1
AXH83891.1	1
ASE43733.1	1
BBW33769.1	1
ALR74894.1	1
AOF21640.1	1
QKB35452.1	1
AMA05395.1	1
UIM94093.1	1
QYM93219.1	1
UAN27015.1	1
UJD91378.1	1
AHR85797.1	1
QLQ97345.1	1
QSG98270.1	1
ATW90656.1	1
QEI99409.1	1
AXS57996.1	1
QLZ43646.1	1
AUK19183.1	1
ATR17974.1	1
ACY91094.1	1
AVE97854.1	1
ATX35196.1	1
QJL31782.1	1
BBC52971.1	1
AHP47543.1	1
ATC77443.1	1
QLU90189.1	1
QKO15839.1	1
VEA79779.1	1
QMA30030.1	1
UJD97186.1	1
QJS68832.1	1
QEP72659.1	1
UPI87165.1	1
AIL38216.1	1
AHT56027.2	1
QDL58517.1	1
AVL80204.1	1
BBS34540.1	1
QFI13438.1	1
ARX32722.1	1
QQG70721.1	1
AHU25627.1	1
QLP44497.1	1
QEB09688.1	1
QFR83689.1	1
QKB25479.1	1
QIV72258.1	1
AXX20597.1	1
ABX88110.1	1
AKW09116.1	1
AYY22377.1	1
ALO84906.1	1
AWS94456.1	1
QLN86472.1	1
AUT24760.1	1
ALB65190.1	1
QSR97514.1	1
AOV51141.1	1
AUO01975.1	1
QIN71979.1	1
QRQ31132.1	1
AKF40066.1	1
APK91003.1	1
QJN78651.1	1
AGB80534.1	1
AHX79642.1	1
AHT95271.1	1
ARA31588.1	1
QIR24941.1	1
AHQ97081.1	1
QKA77316.1	1
QLS97037.1	1
QAT10173.1	1
QIV57708.1	1
AHP58991.1	1
QGZ79951.1	1
AUJ38021.1	1
UJT85928.1	1
QZQ50049.1	1
QRI82130.1	1
QEG81059.1	1
QXL76026.1	1
BBT88527.1	1
QOV55186.1	1
AHT36795.1	1
BBO60032.1	1
AWC88622.1	1
AHV33057.1	1
QJO91163.1	1
BBO99097.1	1
QAS92129.1	1
API28806.1	1
AST67448.1	1
ULR30873.1	1
AJJ56250.1	1
QEB49617.1	1
AJJ60709.1	1
QPK00439.1	1
AJA99083.1	1
QET49064.1	1
AUG99027.1	1
ATM10637.1	1
QEY40329.1	1
AVB74487.1	1
QQG28231.1	1
AIT45420.1	1
QLK70504.1	1
AWS84458.1	1
URK13146.1	1
ADE88453.1	1
QIB15897.1	1
QFF97049.1	1
QEC32604.1	1
AIG84193.1	1
BCO01751.1	1
QJO10745.1	1
BAH61065.1	1
AKC50812.1	1
ASV25586.1	1
BBP36916.1	1
AHT24036.1	1
QEB00670.1	1
VEC75276.1	1
QSX11058.1	1
QNN32972.1	1
QEP90872.1	1
QHP74972.1	1
SKC10477.1	1
QNF12931.1	1
QGR05023.1	1
ATB80511.1	1
QDA48119.1	1
AWU92505.1	1
AVQ91377.1	1
QLY05422.1	1
AYH12095.1	1
AHS49201.1	1
QED06047.1	1
VED22160.1	1
QDX69328.1	1
AHV07421.1	1
ARW96030.1	1
UEQ27807.1	1
QIL61482.1	1
ALE24076.1	1
ATO00447.1	1
QQU63117.1	1
QLE88381.1	1
AHM46047.1	1
QKW68447.1	1
CDF56187.1	1
CCG32432.1	1
AYY73367.1	1
AVZ97862.1	1
ADN00452.1	1
QCM24960.1	1
AIJ42523.1	1
AEE59108.1	1
QVH79969.1	1
AWO77238.1	1
UQS59523.1	1
ASZ48251.1	1
QDI31256.1	1
QLW52376.1	1
AHQ58137.1	1
QPO99408.1	1
BBW78897.1	1
AHO61541.1	1
AUT28549.1	1
QKF17906.1	1
ADN73162.1	1
BCZ62810.1	1
AQV99893.1	1
AKO38980.1	1
ASA45123.1	1
QXO57604.1	1
AWG95969.1	1
QKK73771.1	1
AZI89458.1	1
AVL08760.1	1
ALN47874.1	1
ARX06829.1	1
AHO18653.1	1
UKK88535.1	1
APE65364.1	1
ACB19844.1	1
AZA01561.1	1
ABS47564.1	1
QSX14500.1	1
AWV29020.1	1
AIU90098.1	1
QEI84387.1	1
QAA70194.1	1
APY06494.1	1
AKH24459.1	1
AKK88042.1	1
QCV82008.1	1
UQQ55675.1	1
UMU69721.1	1
AUJ94094.1	1
AJB10576.1	1
AOI29132.1	1
QKQ94301.1	1
QIE97839.1	1
AHP80402.1	1
QGY12489.1	1
QOT97389.1	1
ARB83365.1	1
QSH11991.1	1
AKT02555.1	1
AHO96021.1	1
QAV47925.1	1
QRB37952.1	1
QZE29171.1	1
ATG02994.1	1
SQK77159.1	1
QKG47516.1	1
QEB76655.1	1
AXX38739.1	1
AWO54650.1	1
QVH42175.1	1
AKL33509.1	1
QIR29416.1	1
QEJ93202.1	1
AVB47828.1	1
AMZ31912.1	1
QBI89006.1	1
QST73514.1	1
AHS87333.1	1
QCN56662.1	1
UBX29312.1	1
ANF68167.1	1
QJX94615.1	1
ASO35111.1	1
AKR31439.1	1
QKT83742.1	1
UOO23602.1	1
QJF95683.1	1
APP55279.1	1
QHW51982.1	1
QKT33481.1	1
VDZ66011.1	1
AHT90875.1	1
AXL19853.1	1
AHJ75798.1	1
AVU18239.1	1
BCF79234.1	1
AHQ01872.1	1
QJL53099.1	1
AZJ07194.1	1
QFH55723.1	1
ANU86944.1	1
ARR66263.1	1
QSG93647.1	1
AHG20421.1	1
QEJ13103.1	1
QCZ39321.1	1
QJJ88077.1	1
QDH99007.1	1
AKO45908.1	1
VED95694.1	1
AKC14056.1	1
AYX99469.1	1
AHU55286.1	1
QJY90927.1	1
VEC03702.1	1
QLS37189.1	1
QBG45025.1	1
AWE36254.1	1
QFH22686.1	1
AUA41629.1	1
AGC89280.1	1
QIV12471.1	1
UAY66100.1	1
ANW42773.1	1
AYA13890.1	1
APL24908.1	1
QHR62650.1	1
QQI34938.1	1
URA02303.1	1
AXZ50640.1	1
AWA65274.1	1
QIM63804.1	1
QEZ41751.1	1
QAX18151.1	1
QLB17071.1	1
AWL74569.1	1
AMB74138.1	1
QKV31153.1	1
ACI74997.1	1
QEJ34249.1	1
QAV23297.1	1
AUY75381.1	1
UCQ11245.1	1
AKR26946.1	1
QSD87208.1	1
VTS65301.1	1
AHV64779.1	1
AKK82536.1	1
QHP52592.1	1
QGH61541.1	1
UOV18168.1	1
ALC68989.1	1
QLM32185.1	1
QMO62074.1	1
UIU19861.1	1
QDM72894.1	1
QUS03480.1	1
CAV00909.1	1
SLM08933.1	1
ADT77417.1	1
QAR67495.1	1
AWJ57283.1	1
CRL46742.1	1
AVK65546.1	1
QMI69278.1	1
QSR41086.1	1
QHJ34498.1	1
QJK03831.1	1
QBI91247.1	1
AWW70487.1	1
QKB72484.1	1
QFX06518.1	1
AKK35375.1	1
ULI23643.1	1
QIH71237.1	1
QNC76489.1	1
AVW79078.1	1
AUA07196.1	1
QEJ38591.1	1
UJD82872.1	1
QGU67811.1	1
AYX16141.1	1
UMB88581.1	1
AYC86104.1	1
UIM61080.1	1
AOP88976.1	1
ABE09772.1	1
QHR28932.1	1
AHO25499.1	1
AIN19030.1	1
QEC60722.1	1
AHR73870.1	1
BCZ53183.1	1
QHN00131.1	1
QTP46064.1	1
AUM05640.1	1
QWR91636.1	1
AZK58142.1	1
QFX37064.1	1
ASL85340.1	1
QCM63372.1	1
AMZ50437.1	1
QCC90146.1	1
SQE46232.1	1
AUX56226.1	1
AJF71105.1	1
QOH79694.1	1
QLO86751.1	1
ALI42925.1	1
QDN31924.1	1
AZR65342.1	1
QPO45467.1	1
ALG18594.1	1
QLO27534.1	1
QES99921.1	1
AMH37109.1	1
VEH56999.1	1
AWL48487.1	1
VDY46160.1	1
QXN98649.1	1
AVQ87797.1	1
APK17723.1	1
QLW62276.1	1
QHS47818.1	1
AWF47529.1	1
QUG49941.1	1
QEB37051.1	1
AIT36939.1	1
AVV36237.1	1
URG36944.1	1
QEG87874.1	1
ATV44945.1	1
AUQ27135.1	1
QML70030.1	1
ACD08480.1	1
AHS11639.1	1
ASO90495.1	1
BBE06319.1	1
QGU56923.1	1
AKK44975.1	1
AUG95763.1	1
ACR65260.1	1
QQH59615.1	1
AVT60726.1	1
ALG80419.1	1
QSS45551.1	1
BBE69427.1	1
AOV45744.1	1
AIW68759.1	1
AQL18943.1	1
QNQ54560.1	1
QSX16640.1	1
QQJ13976.1	1
SQE30090.1	1
QCV36295.1	1
AIL43150.1	1
ATM07792.1	1
QGY59718.1	1
QCN18223.1	1
AKR22594.1	1
QJY94954.1	1
QLD34213.1	1
ATM26344.1	1
AZG67328.1	1
AGY86452.1	1
QKT89331.1	1
QKX26776.1	1
AUF77904.1	1
QEJ55759.1	1
QGJ44989.1	1
AHP93307.1	1
AMZ40898.1	1
SQE60672.1	1
ASQ69424.1	1
QGT23864.1	1
QNU43294.1	1
APO29081.1	1
QPG27029.1	1
QWT42474.1	1
AUX95167.1	1
API34478.1	1
QKX84011.1	1
AHW11792.1	1
QHW47411.1	1
QRN38572.1	1
CAD5360511.1	1
QTD78239.1	1
BAT45781.1	1
QBQ20877.1	1
AXZ26807.1	1
QLW43450.1	1
UJB77735.1	1
ANJ40298.1	1
AYE44973.1	1
AHU76704.1	1
AUU83196.1	1
ARA36993.1	1
BBJ93821.1	1
ATU17809.1	1
AHV55875.1	1
QYG86771.1	1
AGX40238.1	1
QEI35883.1	1
QLJ50364.1	1
AVJ82481.1	1
ATF55544.1	1
UAW63658.1	1
QLR16748.1	1
QII32620.1	1
ARA17869.1	1
ANV14115.1	1
QCR37561.1	1
QJU31991.1	1
AIX67175.1	1
UCQ51164.1	1
ARV42469.1	1
ARM77568.1	1
QFH92518.1	1
QBQ24777.1	1
QGM53029.1	1
AVA38672.1	1
AVS45586.1	1
QEH86467.1	1
ATX52593.1	1
AHA68010.1	1
QED66922.1	1
AGR76159.1	1
AMG92449.1	1
AST63709.1	1
ACX41782.1	1
QMA80982.1	1
AWO30779.1	1
QJJ03184.1	1
QLP24490.1	1
ATO22929.1	1
AAM83961.1	1
QIM74822.1	1
QJZ80485.1	1
ASQ59083.1	1
QJL37012.1	1
AVL60786.1	1
QEJ42899.1	1
QEM93815.1	1
QXO76565.1	1
AKF91561.1	1
QOV69019.1	1
QHD92711.1	1
QEE89796.1	1
QMK85055.1	1
AHS83298.1	1
AZT26702.1	1
BBV94033.1	1
QRA90733.1	1
AVM04341.1	1
QFU37037.1	1
APP67015.1	1
UAL34308.1	1
QJN46315.1	1
SQI29363.1	1
QMF78388.1	1
QKA39944.1	1
APU37697.1	1
AYL04016.1	1
QMJ71909.1	1
QIG04039.1	1
CBA19123.1	1
QHC47605.1	1
QLS22531.1	1
VEI47938.1	1
BAT37251.1	1
UNH24033.1	1
CBW19977.1	1
AMP81076.1	1
AVE13652.1	1
AJK20419.1	1
QAY51483.1	1
QCX05219.1	1
AUK14027.1	1
QJN99983.1	1
AJJ77358.1	1
AGS61785.1	1
ACL32678.1	1
BBF61954.1	1
VDY91694.1	1
QEB83795.1	1
SQH96095.1	1
QPF08707.1	1
VEB27119.1	1
QET10430.1	1
UAW44271.1	1
QIV41846.1	1
QHW38713.1	1
UIM90768.1	1
AXG49482.1	1
QPQ10967.1	1
AXW86251.1	1
CDZ82067.1	1
AKO31641.1	1
AMM60698.1	1
QHP28637.1	1
CAG9433074.1	1
QSH21213.1	1
AYL68410.1	1
APV22096.1	1
AHS58170.1	1
BAS37836.1	1
AZP53024.1	1
QEQ37654.1	1
QKX20841.1	1
AHB72271.1	1
QQJ33564.1	1
QJO26945.1	1
AUY26897.1	1
AHR21298.1	1
QBR64006.1	1
QGK02404.1	1
QSD27808.1	1
ALB61238.1	1
QHN47632.1	1
QJN30934.1	1
CUQ99068.1	1
QKT50233.1	1
APM61627.1	1
AHE68698.1	1
AMX07670.1	1
AZM36022.1	1
QCO62832.1	1
AXZ75438.1	1
QPK15543.1	1
QBR59924.1	1
AOA97796.1	1
QBI22577.1	1
QCG26633.1	1
QCH96581.1	1
AXF27215.1	1
QCT13182.1	1
QFH98711.1	1
AGQ78167.1	1
API12105.1	1
AKA12998.1	1
AUS22255.1	1
QPA62845.1	1
QHW56665.1	1
UJR60194.1	1
AGE88053.1	1
AHS19843.1	1
ANA19187.1	1
QKB67100.1	1
AHP89050.1	1
QJU26196.1	1
QMI39602.1	1
AWC99564.1	1
CBY29153.1	1
UKH27236.1	1
BBT87626.1	1
AVJ72816.1	1
QEI54087.1	1
QWC67175.1	1
AVX40066.1	1
QLB18256.1	1
ACH50550.1	1
QPO50737.1	1
QAT72622.1	1
QEP86476.1	1
AVL59725.1	1
AFN30106.1	1
QLR45244.1	1
AUY63420.1	1
ASV57475.1	1
AHQ62419.1	1
AVL41644.1	1
QSA16596.1	1
QFI32493.1	1
QGG24435.1	1
ANK04328.1	1
UEX70573.1	1
QSI85192.1	1
APS31843.1	1
QPD09699.1	1
AKP33871.1	1
QJY54113.1	1
AMU84359.1	1
ACI74996.1	1
VDZ75531.1	1
QIR45451.1	1
QFW49179.1	1
QYO51219.1	1
QRN29716.1	1
QSA54442.1	1
QHQ05747.1	1
AJI91487.1	1
VEB76160.1	1
QJM12584.1	1
CAR61790.1	1
QCY19782.1	1
APL57778.1	1
AJJ08678.1	1
QIF46928.1	1
AXP28963.1	1
QJY58254.1	1
UDC03041.1	1
QLO09960.1	1
QJW49603.1	1
BBP19395.1	1
QFY36227.1	1
AIK90915.1	1
QUC26000.1	1
AZP35292.1	1
QFI03271.1	1
QBH51558.1	1
AGF83098.1	1
QFG95595.1	1
AGQ62754.1	1
QEJ08164.1	1
ANZ03842.1	1
APK51418.1	1
AHO57170.1	1
QDR58291.1	1
ALH86458.1	1
QLS67577.1	1
QPP84890.1	1
BCZ50770.1	1
API06530.1	1
QCL23295.1	1
AWZ75375.1	1
QLO49537.1	1
UER61759.1	1
APK84148.1	1
UNH30587.1	1
QRA85968.1	1
AMX41863.1	1
QHW76243.1	1
VEC67313.1	1
AKO34330.1	1
AXO49482.1	1
BBP22087.1	1
AYJ96169.1	1
QBH40664.1	1
QEC15650.1	1
QEQ46213.1	1
QGM60708.1	1
QEB81490.1	1
VEC85761.1	1
QLO80799.1	1
ARF51726.1	1
QEA90279.1	1
QCW48518.1	1
AWF18653.1	1
AWZ70121.1	1
VDZ55948.1	1
QKB30492.1	1
ASC09399.1	1
APE60484.1	1
ADM40207.1	1
QIY46301.1	1
AZV07615.1	1
URL27341.1	1
QGT19065.1	1
QHI59568.1	1
QFH69371.1	1
QBK02813.1	1
QET26900.1	1
QPJ01901.1	1
QAA04463.1	1
ATM23434.1	1
AUU28511.1	1
QEB67090.1	1
ANP20633.1	1
QQJ85203.1	1
QDC32616.1	1
QHW92107.1	1
QMF18384.1	1
QEO72954.1	1
QUT15417.1	1
AJC68045.1	1
AHG72370.1	1
QMG50317.1	1
AMN29683.1	1
AZL03533.1	1
QKJ06725.1	1
ATV11153.1	1
QHG39256.1	1
QDW15293.1	1
QKG46731.1	1
BBS70055.1	1
SQH15551.1	1
QLV02317.1	1
AKD72120.1	1
QCV41925.1	1
ATX37803.1	1
AHM76314.1	1
AKJ43656.1	1
AKN49668.1	1
QAA18128.1	1
AOE39713.1	1
QDI16566.1	1
QIR48179.1	1
UMU37631.1	1
AZH51975.1	1
QJO47837.1	1
QDK13288.1	1
BBQ91978.1	1
ALQ00371.1	1
AYW85943.1	1
QIA53328.1	1
AZA37242.1	1
ULI42279.1	1
AHU29899.1	1
ANF70065.1	1
AMY90646.1	1
QQI86224.1	1
AQU94960.1	1
AUY79468.1	1
UMU45066.1	1
ATY00550.1	1
AUX52679.1	1
QFH39024.1	1
AXK28473.1	1
AVE50519.1	1
ANM84604.1	1
AHU94404.1	1
AGX12369.1	1
VTP80491.1	1
ATM82719.1	1
AUO40546.1	1
QYO79593.1	1
AVU47910.1	1
QAW70051.1	1
ASJ28475.1	1
CCQ31434.2	1
ALX64672.1	1
QHP44402.1	1
AIZ30277.1	1
CAH19418.1	1
QZY64213.1	1
ASG85667.1	1
QXL93837.1	1
QYH20773.1	1
AAL22777.1	1
QKB09776.1	1
ALT51715.1	1
QGU45576.1	1
QWU10150.1	1
AMV54192.1	1
QHU55472.1	1
CAD5359804.1	1
UKL42389.1	1
VEI63012.1	1
ATX85599.1	1
APL44847.1	1
UHO32343.1	1
QNL00568.1	1
QOW12390.1	1
AWS59176.1	1
BBS29439.1	1
AKS93264.1	1
ATD46876.1	1
ASO26774.1	1
QSB94527.1	1
QEA74525.1	1
BBU92685.1	1
ATC14802.1	1
QGN35967.1	1
QGG12462.1	1
APL08074.1	1
AZV17084.1	1
QBX67474.1	1
QEB88640.1	1
QFR79521.1	1
QLM36905.1	1
ATB95325.1	1
AKS86789.1	1
QPI91665.1	1
QEC06131.1	1
AOM60280.1	1
AYY44774.1	1
AOE97404.1	1
QKB99316.1	1
AHQ45593.1	1
QNE51191.1	1
AID87699.1	1
APP43899.1	1
AKL02188.1	1
QOH53978.1	1
QKB88552.1	1
QCD72064.1	1
UDK92873.1	1
QIO25754.1	1
QHS06847.1	1
QKV82385.1	1
QHW85563.1	1
QIB31817.1	1
AHM41429.1	1
QSI20548.1	1
QFI29804.1	1
QCU38077.1	1
QLO21492.1	1
BBK60111.1	1
UCQ41291.1	1
AWA03730.1	1
QRB14300.1	1
CCF11663.1	1
SAZ12405.1	1
AHS72609.1	1
ASB78103.1	1
QET22083.1	1
VEC72260.1	1
AOE29134.1	1
AHY05169.1	1
QKK57285.1	1
AIX56754.1	1
ARD63230.1	1
QGU74976.1	1
VED58406.1	1
ATR44622.1	1
QDX28626.1	1
UNG05073.1	1
QEJ47215.1	1
AUJ43275.1	1
ATF99709.1	1
AKR66329.1	1
AWZ79537.1	1
QIY04317.1	1
UBM20886.1	1
QDI50275.1	1
AJJ82783.1	1
UKH35788.1	1
ARB23150.1	1
AZM43285.1	1
QLO33273.1	1
QYE25665.1	1
AOF10800.1	1
QEC85474.1	1
AYH07626.1	1
QOD33630.1	1
ANO91748.1	1
VEB10693.1	1
AGT26573.1	1
QJZ75083.1	1
AIN63711.1	1
AHO01732.1	1
ASE69319.1	1
UDD40215.1	1
AUN65640.1	1
AWH68527.1	1
AZU65422.1	1
UHM92032.1	1
VED82635.1	1
QAS65466.1	1
AOF33022.1	1
AFJ48826.1	1
APL49278.1	1
ANF61915.1	1
BAK13397.1	1
QLO54906.1	1
UIA83438.1	1
BBV33106.1	1
AWF30941.1	1
QWM04441.1	1
AHM32286.1	1
AMZ76643.1	1
QCR14411.1	1
QDA49843.1	1
ULD76438.1	1
CBG26916.1	1
QUZ58878.1	1
AGQ38683.1	1
QEJ12626.1	1
QCD07047.1	1
ATH90450.1	1
QLO91191.1	1
AYD42454.1	1
QEC20433.1	1
AKL18904.1	1
ANO80343.1	1
AKL54007.1	1
AMJ25070.1	1
ACY60306.1	1
QTA27831.1	1
QST64151.1	1
AUD36558.1	1
QVI94931.1	1
ADW75840.1	1
ARD18197.1	1
QHI76188.1	1
AXQ84871.1	1
AKE93687.1	1
ABX23525.1	1
UKH46265.1	1
ARV49092.1	1
QWM00843.1	1
ULI61984.1	1
QJK88874.1	1
CCC32518.1	1
ASL95230.1	1
QCD12907.1	1
QPT35355.1	1
ULI19152.1	1
QEJ47690.1	1
ATX29606.1	1
QOR49101.1	1
AVE41902.1	1
AZQ27237.1	1
ATQ96685.1	1
QNS15825.1	1
ANW29497.1	1
AIK81749.1	1
QWQ24394.1	1
ALD58184.1	1
AQV85341.1	1
AUP44470.1	1
ARW85765.1	1
QPN18681.1	1
BBV38106.1	1
APP61148.1	1
AXS05985.1	1
QCP58008.1	1
QGU50923.1	1
AWS74365.1	1
QIA41255.1	1
UPJ19775.1	1
BBQ80991.1	1
QXW39400.1	1
ACF89798.1	1
BAO36259.1	1
VTO16446.1	1
QQP75131.1	1
QQI16584.1	1
QMF35794.1	1
UEG18051.1	1
APV33340.1	1
VUC90164.1	1
ABP41827.1	1
QJB54322.1	1
AGN86590.1	1
BBK14673.1	1
AKH09551.1	1
VEJ57046.1	1
QQD40838.1	1
AGQ26118.1	1
QJZ48253.1	1
AEW58839.1	1
QIE69924.1	1
BBT47096.1	1
BAX18418.1	1
ATR26715.1	1
ATF43609.1	1
QLJ63937.1	1
AVU33272.1	1
AHG82553.1	1
QJZ59171.1	1
ATM98754.1	1
QJZ14190.1	1
QKZ96905.1	1
QGJ58208.1	1
QAX07952.1	1
ULJ97411.1	1
QID73290.1	1
ASA59784.1	1
QJR27659.1	1
CAD09388.1	1
QJM69900.1	1
QJO53619.1	1
QFH57949.1	1
QEH58177.1	1
QIY49670.1	1
QBA38345.1	1
UJL37114.1	1
QFH51997.1	1
AKL14191.1	1
QHQ18074.1	1
APL30863.1	1
QGY26213.1	1
ACN48109.1	1
QJK67882.1	1
AWJ51285.1	1
QBR69445.1	1
AZZ02532.1	1
UMU60888.1	1
QHW71046.1	1
QHR38847.1	1
APE94388.1	1
QID64401.1	1
APM12515.1	1
QDI21534.1	1
AXZ80670.1	1
QCN01752.1	1
CAG9434791.1	1
QHP11996.1	1
UMV33737.1	1
QSH02875.1	1
SQI67156.1	1
QAU79433.1	1
AYQ14178.1	1
QMR48688.1	1
QAZ93203.1	1
QMG00605.1	1
ASL99988.1	1
QQX63714.1	1
QIZ48825.1	1
AOM89955.1	1
QEY57292.1	1
ULJ35530.1	1
BBJ60731.1	1
QZY79881.1	1
ADD59044.1	1
QGU63476.1	1
QJO16242.1	1
AWZ59636.1	1
AML56129.1	1
SQI28167.1	1
AMV59355.1	1
UGO47193.1	1
SCA73674.1	1
UDC54820.1	1
AGH37638.1	1
AXC25057.1	1
VEA79780.1	1
AHM36830.1	1
QJJ72201.1	1
CBJ03580.1	1
AFE60530.1	1
QKB93891.1	1
ARE49684.1	1
QJM18408.1	1
AKL41463.1	1
AOV56511.1	1
QSZ90878.1	1
QIX70769.1	1
BCA47121.1	1
QOH94551.1	1
QSS24510.1	1
QLU69987.1	1
QWC42694.1	1
AKS59432.1	1
AJK06309.1	1
AHS23318.1	1
VDY81825.1	1
QPG14294.1	1
QEC27790.1	1
APR43588.1	1
VEA97435.1	1
ATX10005.1	1
UON34561.1	1
AAC76800.1	1
ALB72275.1	1
QDI45742.1	1
APK61197.1	1
QPB78048.1	1
AUH03342.1	1
QLM49816.1	1
UIL52315.1	1
APK13081.1	1
QJL74581.1	1
QIV30879.1	1
QIJ16998.1	1
QJI56805.1	1
AVE79732.1	1
CAG77098.1	1
AOR92171.1	1
QOF52477.1	1
QKA50515.1	1
QDL84086.1	1
QWK94498.1	1
AXF77857.1	1
QMO24304.1	1
ALD27599.1	1
UAY96100.1	1
QVH54777.1	1
QVI90449.1	1
CUS00802.1	1
QEB86217.1	1
QMI75775.1	1
QKI42292.1	1
QTC50443.1	1
AYX10607.1	1
ARV29884.1	1
APP21402.1	1
APM32549.1	1
ASJ36154.1	1
AOF36944.1	1
QCH69667.1	1
AWL52564.1	1
QLO63544.1	1
UDK89481.1	1
AZL64101.1	1
UNH27116.1	1
QIO42011.1	1
QGW94279.1	1
QDW35131.1	1
AKW13170.1	1
AJB37032.1	1
ACI74999.1	1
AYL77780.1	1
QGL35191.1	1
AVZ55905.1	1
QBD93137.1	1
QLQ93507.1	1
UCQ47902.1	1
AHS38727.1	1
QCM19479.1	1
QEC08516.1	1
AVL73185.1	1
AXC88146.1	1
AHQ23309.1	1
ULJ39373.1	1
AWV08901.1	1
AHW85997.1	1
AXO19492.1	1
AMG80873.1	1
QDJ73481.1	1
UAT33643.1	1
QFS74374.1	1
ASB01890.1	1
AVV68874.1	1
AWF05911.1	1
AOO58134.1	1
QCU07904.1	1
QLN75424.1	1
QCW36639.1	1
QBY30284.1	1
QSB75182.1	1
BBQ46927.1	1
UDC96913.1	1
UDC23508.1	1
QJF15236.1	1
QKB20121.1	1
AML91126.1	1
QQB95905.1	1
ATR76939.1	1
QCR94985.1	1
ASM04833.1	1
ASB73300.1	1
ARX28243.1	1
APJ70265.1	1
UHD63457.1	1
AXV27765.1	1
QEC13163.1	1
QEB98868.1	1
QMR39817.1	1
QEB34475.1	1
BAV90511.1	1
UNA32755.1	1
AHE60017.1	1
QUJ60978.1	1
QCH64189.1	1
AJJ89596.1	1
CDG47836.1	1
ASC38451.1	1
QJQ67786.1	1
URI24374.1	1
QEO90707.1	1
QCL28797.1	1
AZH06773.1	1
AWJ07151.1	1
VDZ06161.1	1
AHO13866.1	1
AHG11497.1	1
AZZ28911.1	1
AVG35775.1	1
UHY22494.1	1
AXG44848.1	1
AJJ16340.1	1
QKJ02274.1	1
VEA71194.1	1
QFH34128.1	1
APJ85052.1	1
ATR49941.1	1
ASZ55887.1	1
QIV75325.1	1
QGJ25329.1	1
AZH46203.1	1
QER56546.1	1
UPS62707.1	1
AUH77536.1	1
ALQ57193.1	1
QHR57516.1	1
CEK29152.1	1
ARX09252.1	1
VEJ17564.1	1
AWA13978.1	1
AZH61976.1	1
AZU82644.1	1
QPW28705.1	1
AWJ00981.1	1
UCQ00089.1	1
AET55755.1	1
AJF58660.1	1
ATM67547.1	1
AXO82639.1	1
QQI91425.1	1
QDA44792.1	1
BBQ70111.1	1
QGJ52509.1	1
QQI97743.1	1
QTA18163.1	1
UIA96450.1	1
QTP39940.1	1
AUU40775.1	1
ACT41310.1	1
QGT89010.1	1
QBE72234.1	1
QIQ96445.1	1
UQQ30667.1	1
QHI90177.1	1
AVK36034.1	1
AYE18213.1	1
QHU45920.1	1
UDJ82381.1	1
QHI94656.1	1
QEB26885.1	1
QEB16361.1	1
QAX23180.1	1
QEB54697.1	1
AMM01761.1	1
QJL85533.1	1
CCQ38591.1	1
ACY64070.1	1
QKG39685.1	1
QFQ11238.1	1
QTK92500.1	1
APM46081.1	1
CAG9430299.1	1
QJM85972.1	1
QLU59095.1	1
AJI97597.1	1
QCT12905.1	1
AWJ35017.1	1
QSB62680.1	1
QCR09899.1	1
ASQ80082.1	1
VED30487.1	1
QMJ76369.1	1
QVK36618.1	1
QET98518.1	1
QDF87994.1	1
QCL56423.1	1
AZU86030.1	1
QGG87884.1	1
AVD77397.1	1
APM73055.1	1
ATR71411.1	1
QEA87604.1	1
QWR87944.1	1
QEP99044.1	1
QCM85302.1	1
QCM68861.1	1
AEX03247.1	1
AHW26331.1	1
AKO50003.1	1
QGU12741.1	1
ULK87688.1	1
BAL40376.1	1
QDE42421.1	1
CAQ34138.1	1
QCH59004.1	1
QBF85713.1	1
UDC29265.1	1
AMH32390.1	1
ASC22199.1	1
QDL34433.1	1
AHU63881.1	1
ATM14997.1	1
QLX75842.1	1
QNR13557.1	1
BCQ37064.1	1
QWM11515.1	1
QBB07249.1	1
ASQ75144.1	1
AYV43945.1	1
QEA82382.1	1
QJT88944.1	1
AML07060.1	1
AWC84314.1	1
QIX79070.1	1
QPO65075.1	1
AUY89504.1	1
QHB93809.1	1
ATX26732.1	1
QCK77537.1	1
QKD72760.1	1
QJH51887.1	1
QMR75785.1	1
ALV93944.1	1
UGA50814.1	1
AHU12820.1	1
QLV38351.1	1
QMT88462.1	1
QBO51529.1	1
QHG44814.1	1
QJO58951.1	1
QMC75832.1	1
UAN63211.1	1
UEK59354.1	1
UKH29269.1	1
QGJ06987.1	1
QMA34617.1	1
QFV07418.1	1
QKA07154.1	1
QJN05315.1	1
UHD00893.1	1
QXE15121.1	1
AHP04562.1	1
AKF74093.1	1
AIA72976.1	1
QGT28732.1	1
QPA93334.1	1
AWY44950.1	1
QIQ91247.1	1
AHQ71132.1	1
UDC49085.1	1
AGJ88260.1	1
QOV64262.1	1
VDY66311.1	1
QTA59983.1	1
AXS52810.1	1
AWX89924.1	1
ACT31226.1	1
UKB67824.1	1
QDF35121.1	1
AQT87237.1	1
QWR80334.1	1
UAN31685.1	1
QME74438.1	1
ABP62649.1	1
QPO84861.1	1
UKH12283.1	1
ATM88195.1	1
ALD32656.1	1
QIQ40141.1	1
AML16728.1	1
ASF04706.1	1
QIR66737.1	1
ATR06848.1	1
QVV65433.1	1
QIG10329.1	1
ATM62224.1	1
QGF36145.1	1
APR31220.1	1
AFI92408.1	1
QGL39677.1	1
AKO37229.1	1
AZT52821.1	1
AHS68400.1	1
AGQ84116.1	1
AOX54900.1	1
CDJ73091.1	1
AYG21400.1	1
USC06686.1	1
QFH06463.1	1
QCH90977.1	1
ANG76792.1	1
BBQ97504.1	1
AJM75980.1	1
QKI67000.1	1
AVI91737.1	1
QJM44795.1	1
SMB37270.1	1
QLW28531.1	1
SNV80399.1	1
QLQ64549.1	1
VEC14694.1	1
QLM14744.1	1
ASF66832.1	1
ABV08203.1	1
ASA05544.1	1
AWG72353.1	1
QCW71553.1	1
AHM50650.1	1
AIJ32246.1	1
AQU01579.1	1
AJR01550.1	1
SAY45896.1	1
QBF23431.1	1
BBW29262.1	1
QEB79074.1	1
QLO01088.1	1
VEC41475.1	1
UJT82659.1	1
QEB08080.1	1
ASG59282.1	1
SQI29365.1	1
QAR43642.1	1
ASO42115.1	1
QLS57185.1	1
AHU34159.1	1
QLV32902.1	1
AYU92884.1	1
UNK52521.1	1
QRA66944.1	1
BBQ64756.1	1
AQV53503.1	1
QBX81907.1	1
QMA58502.1	1
QNC81505.1	1
QEB03288.1	1
CAG9434593.1	1
UGS45970.1	1
AOF16594.1	1
AXY34943.1	1
QEQ80801.1	1
QNP21882.1	1
AIX65781.1	1
QTN55148.1	1
AZU73714.1	1
QNM33825.1	1
ATM53817.1	1
QKC03866.1	1
UKY36316.1	1
QHR95800.1	1
ASM14280.1	1
AMG67476.1	1
QEW34070.1	1
QFI52523.1	1
QQE39650.1	1
QHR52956.1	1
AUZ91332.1	1
ARX16389.1	1
AKK50667.1	1
QJM55321.1	1
QSH30443.1	1
ASY75061.1	1
QEA98024.1	1
SAY92328.1	1
QDX64168.1	1
QAW81187.1	1
UQZ25416.1	1
QOH43148.1	1
QJM34342.1	1
AHT32546.1	1
QCU25894.1	1
QFS69578.1	1
QAX02823.1	1
VEA49453.1	1
VTP82664.1	1
QCX63055.1	1
ALQ74615.1	1
BBJ82974.1	1
QGU34564.1	1
SMF77172.1	1
QFY30650.1	1
QLO60460.1	1
QUT02079.1	1
AZI12459.1	1
UKH37588.1	1
QED54435.1	1
UFH68710.1	1
QHT49062.1	1
ACY82958.1	1
QJJ61507.1	1
AHO30904.1	1
VDY56217.1	1
AMW49046.1	1
ATG12686.1	1
QGL42977.1	1
VEI12251.1	1
BCP72292.1	1
AWC78311.1	1
CDM91872.1	1
SBL21745.1	1
AKA10391.1	1
QND11820.1	1
BBV48247.1	1
APB51285.1	1
AHM87691.1	1
AQV18224.1	1
AKB90145.1	1
ASC28636.1	1
CAO95253.1	1
QBB12283.1	1
UIM97408.1	1
QDX39080.1	1
AFQ68072.1	1
QJN57182.1	1
BBS79698.1	1
QIV07244.1	1
ARA42781.1	1
AHM82023.1	1
AZS58599.1	1
APK41298.1	1
UGB03920.1	1
AVG07654.1	1
QGU70931.1	1
QJO64177.1	1
ARA58770.1	1
QNQ58619.1	1
AZW06593.1	1
ATB10763.1	1
QXF35835.1	1
QEC10827.1	1
ASQ61848.1	1
VEB61561.1	1
ABG16440.1	1
QHQ08793.1	1
QIG30822.1	1
AKF65815.1	1
QTH51200.1	1
URR12963.1	1
QHP33777.1	1
AUV06075.1	1
UCQ24573.1	1
QSZ99671.1	1
QXO42599.1	1
QEB18938.1	1
VEI63095.1	1
QRB07673.1	1
SQI28168.1	1
AWX16403.1	1
AMW43626.1	1
VEB87094.1	1
AVF87191.1	1
AZH36074.1	1
QIF63608.1	1
QGJ62552.1	1
AHU38440.1	1
ANF67057.1	1
QKA55831.1	1
AUZ64175.1	1
AUV28636.1	1
QQA67411.1	1
AHP71659.1	1
AEQ15130.1	1
VDZ50660.1	1
QEC39860.1	1
QSW35343.1	1
QLT11957.1	1
AMG71460.1	1
QED65304.1	1
APT64832.1	1
BAN96833.1	1
QJK14568.1	1
QHQ41896.1	1
ASR31551.1	1
BAE77504.1	1
AJQ71958.1	1
QCC83416.1	1
CAE1141133.1	1
AIF39068.1	1
BBU99295.1	1
AHO44016.1	1
QBR17829.1	1
QDJ84923.1	1
AJK17705.1	1
AVO84465.1	1
ARO96930.1	1
ASQ55273.1	1
QFI19526.1	1
ASC34827.1	1
ANU95894.1	1
QPA71198.1	1
AWE27211.1	1
ANI85097.1	1
ATR60322.1	1
VEI75054.1	1
QEF14549.1	1
AHR54281.1	1
AMZ09609.1	1
AHP00295.1	1
QJZ01844.1	1
AUH83254.1	1
CAR46524.1	1
CUR98232.1	1
QHJ14248.1	1
QJM01711.1	1
AXX04420.1	1
QCJ71709.1	1
QVH67373.1	1
AGR61172.1	1
BBV63234.1	1
QLC84882.1	1
QJW58356.1	1
VEA89388.1	1
AGQ29002.1	1
QOX71280.1	1
QJF82015.1	1
UNX73733.1	1
AWZ54331.1	1
QHP06386.1	1
QLA06858.1	1
QQD68573.1	1
QEJ25588.1	1
ATB85261.1	1
QJO05408.1	1
QGJ38951.1	1
AXL01516.1	1
AVZ11612.1	1
QLN70278.1	1
QIM06271.1	1
UDJ87002.1	1
QQB57435.1	1
APP49409.1	1
QZY36757.1	1
QSD29486.1	1
QSH25827.1	1
ATB15958.1	1
BBQ42264.1	1
AIL22448.1	1
VTO16452.1	1
QQI26769.1	1
CAH6195227.1	1
QJN62765.1	1
QEF65641.1	1
CUU25557.1	1
QIC85004.1	1
QIE66029.1	1
AVU68215.1	1
URR08037.1	1
QHM72874.1	1
VTP59772.1	1
QDL25892.1	1
QIT51889.1	1
ALD44554.1	1
QHG28119.1	1
QJY86887.1	1
QDZ35316.1	1
UQQ50941.1	1
AUT11397.1	1
QFQ82927.1	1
QFG15618.1	1
AHU21346.1	1
VEF23910.1	1
ATZ32591.1	1
ATC00125.1	1
AXZ41246.1	1
QJG35742.1	1
AYL54089.1	1
BBJ65135.1	1
QQQ21653.1	1
AKS78438.1	1
AMZ45706.1	1
URM22794.1	1
SQI98915.1	1
QAU85529.1	1
VEE36482.1	1
QNM18439.1	1
QAA91761.1	1
AAO70893.1	1
ARJ98457.1	1
APL39103.1	1
AOD06035.1	1
AWH88803.1	1
BAE75650.1	1
AKW17840.1	1
QLR01062.1	1
QGZ85395.1	1
AWV43243.1	1
AUU88634.1	1
CBY98103.1	1
AYH16379.1	1
ARA21775.1	1
ADZ40680.1	1
ALX54673.1	1
CAA0106112.1	1
QKJ70560.1	1
AHT45177.1	1
UJD77667.1	1
AIA93291.1	1
UBX44723.1	1
QDC83541.1	1
UEQ64495.1	1
QOH49674.1	1
QGR48753.1	1
AKD67763.1	1
QPD14166.1	1
ARH99449.1	1
ARR58514.1	1
QXC95705.1	1
QAW92224.1	1
ASE47868.1	1
AZP85556.1	1
QTI10957.1	1
SQI76366.1	1
ALG43361.1	1
QIJ37720.1	1
CAG9432062.1	1
QCH48595.1	1
QJZ22549.1	1
ASG56605.1	1
QHG07401.1	1
BDA57403.1	1
AHB46440.1	1
AWW33574.1	1
ASA10349.1	1
UIN07230.1	1
AMZ27319.1	1
AQV25765.1	1
SQI64439.1	1
QGG66903.1	1
AXA32525.1	1
QLW92124.1	1
QGK10033.1	1
AHV28726.1	1
QJT87930.1	1
BBS98817.1	1
QKI56100.1	1
QJM80632.1	1
ALL88041.1	1
QVJ11047.1	1
AZP48615.1	1
QJK25273.1	1
AZH99676.1	1
ANF63974.1	1
AJB34831.1	1
AKH90400.1	1
AUJ93479.1	1
ASO95261.1	1
BBW14132.1	1
QSI95127.1	1
AIR64650.1	1
ALR25155.1	1
QFP84888.1	1
QIJ51271.1	1
AOL13781.1	1
AHN78306.1	1
QEO51706.1	1
ABG71949.1	1
QME95510.1	1
AKO44527.1	1
QGU58934.1	1
QPI77679.1	1
AIX82246.1	1
ASN17023.1	1
BBS24396.1	1
UAW38970.1	1
AVT90018.1	1
APJ79191.1	1
QTR57445.1	1
CBJ83280.1	1
ATX57428.1	1
AWT03825.1	1
QIG35189.1	1
AYC49431.1	1
QQI39591.1	1
ASW65120.1	1
ARX54296.1	1
QXC65806.1	1
QCL50954.1	1
AVN08986.1	1
UDC38980.1	1
AUN54475.1	1
QAW86816.1	1
ALE20954.1	1
QSI14940.1	1
QUI27821.1	1
ATR55268.1	1
AGQ41226.1	1
QCL62080.1	1
ARD79107.1	1
AYY94620.1	1
AUG18495.1	1
AQX99071.1	1
AQL24709.1	1
QJN51974.1	1
QSD52315.1	1
QHP49842.1	1
QJM29001.1	1
QQP24055.1	1
QCM41425.1	1
ASO12579.1	1
BCU50732.1	1
ATM49439.1	1
AUU33897.1	1
BBP28218.1	1
QJO21495.1	1
QEA95421.1	1
AUY19799.1	1
AIZ79922.1	1
AIR70239.1	1
AUZ02732.1	1
AKP86808.1	1
AKZ75612.1	1
APQ23813.1	1
QII52650.1	1
QJJ24577.1	1
AIM19790.1	1
UGS42664.1	1
VEA71193.1	1
QNH65943.1	1
AHV77133.1	1
ATI08212.1	1
AZA32147.1	1
QES79490.1	1
AHP30382.1	1
AYL63674.1	1
ASO99798.1	1
QJN80514.1	1
BBQ37409.1	1
QHJ44676.1	1
BBV06276.1	1
QYE30476.1	1
CBJ44849.1	1
QWA97046.1	1
QLX32350.1	1
QJK06886.1	1
APP37819.1	1
ANE60102.1	1
QDI55210.1	1
QHW73817.1	1
ATF51541.1	1
UAX01995.1	1
AOF04723.1	1
QLA62623.1	1
CDS69163.1	1
QVH46375.1	1
QOV26204.1	1
QIF69286.1	1
AMG25667.1	1
AMN64959.1	1
QJZ26896.1	1
ALG24303.1	1
QLL91654.1	1
QLU32687.1	1
QJY82857.1	1
VEF01427.1	1
ASK01507.1	1
AOF01712.1	1
QBH61504.1	1
ABU78958.1	1
AVR39960.1	1
QSD36429.1	1
AVQ78431.1	1
AMN96022.1	1
QJL90844.1	1
QHW19434.1	1
QSS35211.1	1
AYZ31065.1	1
AYQ09634.1	1
AGS64422.1	1
VEG89378.1	1
QIE73999.1	1
ASU15392.1	1
AKO81711.1	1
BBF50335.1	1
AXZ31790.1	1
APS32645.1	1
AHV51696.1	1
URW95043.1	1
QQA65785.1	1
QED75043.1	1
ANF69276.1	1
UEG41757.1	1
AXE70140.1	1
CAP78240.1	1
QBX84686.1	1
QIE73483.1	1
QZE49362.1	1
QQZ23745.1	1
VDR30564.1	1
QLY67155.1	1
QST28310.1	1
QLT67138.1	1
QOH88492.1	1
AYH29557.1	1
ACF61556.1	1
AWN80314.1	1
AVS29489.1	1
AIM90037.1	1
QSR92030.1	1
CAH6243825.1	1
BBW24039.1	1
QCZ27086.1	1
QLN07341.1	1
AGX35732.1	1
QXO53776.1	1
ULS49088.1	1
ATW57001.1	1
QSZ95282.1	1
QJL63892.1	1
API40039.1	1
AJJ49283.1	1
QKB45690.1	1
QEH91207.1	1
BBV89172.1	1
QAU94966.1	1
QLN25006.1	1
AVO95508.1	1
APL63929.1	1
QME65342.1	1
QLZ28308.1	1
UMU42022.1	1
AMZ64495.1	1
AJJ26677.1	1
AUL92652.1	1
QHJ58796.1	1
QGR51425.1	1
QIP54268.1	1
QID70245.1	1
QKX32710.1	1
UBM41068.1	1
QLM19339.1	1
QDD42463.1	1
ARX19448.1	1
QMQ72645.1	1
AHO39736.1	1
AMH12639.1	1
QJK62576.1	1
CDN84616.1	1
UHD49968.1	1
QCT87476.1	1
QLO39462.1	1
QPJ89554.1	1
BDG91658.1	1
QPQ24419.1	1
AHG17246.1	1
QGU98726.1	1
QEI58881.1	1
ATM89181.1	1
QGR10990.1	1
AHU72415.1	1
QPD64814.1	1
APL84484.1	1
AWQ55832.1	1
API00911.1	1
ATR12245.1	1
AHG85630.1	1
AOV34981.1	1
AXS47581.1	1
AWO45681.1	1
ARM24329.1	1
QTP14744.1	1
QIY08907.1	1
QUL19936.1	1
QMD64272.1	1
AHB95756.1	1
ART41845.1	1
AWX79566.1	1
AXO44956.1	1
AZR91360.1	1
UJD96583.1	1
ASN83723.1	1
QKT61396.1	1
QIL96698.1	1
AZL46369.1	1
AMW60811.1	1
QWL93543.1	1
AXO04969.1	1
QCN51184.1	1
QCH53687.1	1
QDI40778.1	1
UCP81974.1	1
AWO19588.1	1
QDF09032.1	1
CAH5756529.1	1
URN99147.1	1
AJH12433.1	1
AHW17990.1	1
BBK55074.1	1
QQM88333.1	1
UJR56148.1	1
QMH69041.1	1
CBG90655.1	1
AXS36917.1	1
QQH54150.1	1
AEL71965.1	1
QKO37168.1	1
BAI38371.1	1
AVL65861.1	1
AMN19409.1	1
QCA24944.1	1
AVZ51487.1	1
SNW16130.1	1
AUO66672.1	1
QID31321.1	1
APT05223.1	1
AOR61243.1	1
QJO37243.1	1
QLK87547.1	1
QIF74598.1	1
AIU71243.1	1
QEC01190.1	1
QPB32293.1	1
AQV46548.1	1
QUN62476.1	1
QES68381.1	1
QHU74714.1	1
QDK18452.1	1
QIH53465.1	1
BBW43275.1	1
QLS47508.1	1
ALA00186.1	1
QCL34228.1	1
QPK19306.1	1
QJB67415.1	1
QWL86065.1	1
QOL16318.1	1
ATS16074.1	1
QJS59401.1	1
QAY46790.1	1
QJL80098.1	1
AYC20966.1	1
AWS39067.1	1
ARQ23998.1	1
QEC94977.1	1
BBP39774.1	1
QHW99690.1	1
AIN47090.1	1
QCN23633.1	1
QSA38554.1	1
QMC66411.1	1
AKQ36499.1	1
AKE86718.1	1
QIM01285.1	1
QCM57884.1	1
QEB69490.1	1
AWR56132.1	1
QPA86357.1	1
ATM38934.1	1
QAW64285.1	1
UHD03922.1	1
QSF24741.1	1
AEF48247.1	1
UCQ38001.1	1
QKI58314.1	1
CAR39304.1	1
AHT53731.1	1
SQI98916.1	1
ALI47322.1	1
ARD82973.1	1
BBI97651.1	1
UAN36256.1	1
AHU51191.1	1
AYL59131.1	1
ASG46798.1	1
QJG19315.1	1
AHS46311.1	1
AXZ10010.1	1
VEC01784.1	1
ALI15266.1	1
AYZ39958.1	1
CAG9433719.1	1
ARX40373.1	1
QGS14245.1	1
AMY95037.1	1
QCZ34226.1	1
QLR30771.1	1
QJG56164.1	1
ALD77554.1	1
ANF09975.1	1
QED08439.1	1
QJG00471.1	1
AOP76250.1	1
AAZ90493.1	1
QRA71687.1	1
AGI31528.1	1
SQI28169.1	1
AMX31354.1	1
ANS15340.1	1
SQI42578.1	1
AWT17276.1	1
AWV51027.1	1
QCN62153.1	1
QFH82449.1	1
AWF37970.1	1
QMB12527.1	1
QML48180.1	1
QFG90349.1	1
AUU29832.1	1
ARM40820.1	1
QEB74241.1	1
AKA38583.1	1
QFH83573.1	1
QQH00310.1	1
QJG51525.1	1
AZG54490.1	1
QGR38476.1	1
QLK40484.1	1
ARZ83869.1	1
ANE72698.1	1
QWC49499.1	1
UPK78090.1	1
QXO68908.1	1
AVZ82130.1	1
QIN76482.1	1
AWC93493.1	1
QKN94393.1	1
URL15894.1	1
QSS40144.1	1
AHT65117.1	1
AEG96491.1	1
AMR21216.1	1
QXO39361.1	1
BBS75100.1	1
CCI74480.1	1
AWR60125.1	1
QKW85021.1	1
AKT00051.1	1
AEZ42945.1	1
VED55296.1	1
CEK21386.1	1
QHF86154.1	1
QHG54378.1	1
QIE50523.1	1
QGY07863.1	1
AMK64646.1	1
ACS84028.1	1
AYO40614.1	1
AWL63980.1	1
AMZ22839.1	1
UDC65830.1	1
VEC36731.1	1
QIM26974.1	1
QFR75085.1	1
QQQ06212.1	1
QGR56117.1	1
ULI55688.1	1
AUD31008.1	1
QBY41699.1	1
QEU25834.1	1
QIH89341.1	1
ARA00211.1	1
QJN18990.1	1
ANK19053.1	1
USB41016.1	1
QLK59452.1	1
AZI52746.1	1
QCM96275.1	1
ASR28607.1	1
AKK98636.1	1
AIN26287.1	1
QPO55994.1	1
QJC45201.1	1
BBS93788.1	1
QPK24475.1	1
QHJ19325.1	1
AIR60237.1	1
AMZ18543.1	1
QYH14983.1	1
QEB47102.1	1
AIF96420.1	1
AVS21111.1	1
AMX34071.1	1
BBF55716.1	1
AXF61448.1	1
QLD38648.1	1
QGA05419.1	1
QBZ10317.1	1
QAR48095.1	1
QMT06574.1	1
QHJ39592.1	1
UHC87796.1	1
AQT62643.1	1
ANK34612.1	1
QCH75015.1	1
QGX86766.1	1
AXY46869.1	1
UBM97186.1	1
QQA96296.1	1
SMF87102.1	1
QLA02259.1	1
QLV89942.1	1
UFA63664.1	1
QAU80515.1	1
ASB08191.1	1
ARS92209.1	1
AUY12928.1	1
ASL29534.1	1
AMJ36591.1	1
QQC18000.1	1
QFH11978.1	1
AWA19288.1	1
AUV94907.1	1
CDH67447.1	1
AXN85943.1	1
UKH07651.1	1
QJJ66842.1	1
AXR51059.1	1
APK94710.1	1
CAQ91170.1	1
AVV73390.1	1
QJZ42958.1	1
VTP82660.1	1
AIN67842.1	1
QET13206.1	1
AWF19236.1	1
QEC22846.1	1
QJC47920.1	1
UKJ21566.1	1
AFJ31516.1	1
QEY44863.1	1
AUO54237.1	1
QLN38441.1	1
QGU17295.1	1
QJK46656.1	1
CAE17024.1	1
QER65806.1	1
QJK54414.1	1
QEX44667.1	1
QBJ60942.1	1
QJN36498.1	1
QHP22796.1	1
AUL87567.1	1
QHA69073.1	1
QIH91570.1	1
UPA20408.1	1
VEF98695.1	1
AKL23934.1	1
QLV17557.1	1
AGI36363.1	1
ARV34734.1	1
QZN95805.1	1
QIP92104.1	1
QNP33884.1	1
UAD18599.1	1
QQQ31926.1	1
ALH93107.1	1
QWW79735.1	1
ALQ49171.1	1
VED50991.1	1
QDX46658.1	1
UBN54277.1	1
QMA20548.1	1
QJJ56328.1	1
AUI67023.1	1
UDC44190.1	1
UQQ18320.1	1
QJY19506.1	1
QMR45818.1	1
QFH17413.1	1
AZU78158.1	1
QQJ37482.1	1
QMD08648.1	1
QGL30669.1	1
AJK24605.1	1
QLT56406.1	1
APK98819.1	1
ATM73379.1	1
UOY61305.1	1
CAH3777129.1	1
QGR68134.1	1
AHR90274.1	1
QQI49220.1	1
QTI65861.1	1
QTA23186.1	1
AVF12200.1	1
ATG15826.1	1
AWW68044.1	1
AVR01808.1	1
QAU18973.1	1
AJB60037.1	1
BAX13255.1	1
AHG78804.1	1
QBF94737.1	1
ARJ17837.1	2
QEX30242.1	2
ADC86481.1	2
ARJ15318.1	2
ARJ26400.1	2
QEX30005.1	2
AMG64134.1	2
AKC75184.1	2
ARJ08225.1	2
SQE70726.1	2
QEX27186.1	2
QEX36767.1	2
QEX37751.1	2
QOV84991.1	2
CCB52747.1	2
ARJ28702.1	2
ARB76796.1	2
SQI89050.1	2
QEX32993.1	2
QRO85657.1	2
QPV84467.1	3
CZQ24997.1	3
QFY21939.1	3
UMU42150.1	3
QHF67826.1	3
QOV61044.1	3
QHF74234.1	3
QJG28467.1	3
ADU72286.1	3
AWX76399.1	3
QCR85684.1	4
ATW86277.1	4
ATQ85708.1	4
UAY37521.1	4
AME00996.1	4
QHG09886.1	4
ATQ83785.1	4
ATR79139.1	4
AFZ59154.1	5
BBU62380.1	5
ADI66056.1	5
BAT55532.1	5
AFY47756.1	5
AFY72513.1	5
ANV84738.1	5
UJQ26504.1	6
ALN93572.1	6
UNP29013.1	6
UJB19770.1	6
AZZ99572.1	6
QHS51945.1	7
QNI37776.1	7
QMV18440.1	7
QEE30913.1	7
QHN04150.1	7
ADL41709.1	8
ADQ03857.1	8
ADQ39912.1	8
AEM74574.1	8
ATV41644.1	9
ATV39094.1	9
ATV27413.1	9
ATV34187.1	9
QPA30764.1	10
ANB62875.1	10
ANB56992.1	10
QHC05482.1	10
QJC51114.1	11
QTI70545.1	11
UKO94022.1	11
AEI47347.1	12
AYQ34207.1	12
AXE18724.1	12
AQS92831.1	13
ARV14684.1	13
AMY23427.1	14
QBR93391.1	14
QQB62891.1	15
ACV06875.1	15
ATC94665.1	16
AXT30384.1	16
QAV20304.1	17
ACK61283.1	17
APZ79158.1	18
APZ79265.1	18
QEG34697.1	19
QDV44200.1	19
QYJ16367.1	20
BBL80333.1	20
ADP80283.1	21
ASW54501.1	21
