BAQ00846.1	1
AFW04741.1	1
WP_001634575.1	1
EEC0943439.1	1
EAU6968783.1	1
WP_086550147.1	1
EHX2146157.1	1
EFB3414289.1	1
MBS7409194.1	2
MBR5531459.1	2
WP_202270386.1	2
MBO7271819.1	2
WP_144217666.1	2
WP_004291093.1	2
MBQ5895042.1	2
WP_226064002.1	2
PHV33377.1	2
WP_102294207.1	2
SMC38412.1	2
MBR2318540.1	2
WP_039366875.1	2
MBR5893391.1	2
WP_084085212.1	2
WP_115404904.1	2
WP_034704662.1	2
MBW0025168.1	2
WP_119249103.1	2
WP_115889831.1	2
MBF1451183.1	2
WP_111410990.1	2
WP_123275890.1	2
SEH76371.1	2
WP_230702607.1	2
WP_018910243.1	2
WP_021584741.1	2
WP_123281031.1	2
WP_099984848.1	2
WP_211807275.1	2
WP_004360633.1	2
MBR6691320.1	2
WP_101571397.1	2
WP_111897974.1	2
MBQ5888481.1	2
MBR5476836.1	2
WP_090980766.1	2
MBQ3209332.1	2
WP_159474330.1	2
MBP3424391.1	2
WP_055093123.1	2
RRQ45333.1	2
WP_211806167.1	2
WP_227587816.1	2
WP_154532779.1	2
MUU05497.1	2
MBS1442712.1	2
WP_094402199.1	2
MBO4464702.1	2
MBR1682942.1	2
WP_218457428.1	2
HBI98136.1	2
MBA7488188.1	2
MQM47052.1	2
MBD9261733.1	2
MBQ8365425.1	2
WP_157183544.1	2
MBW0050665.1	2
MBV3372850.1	2
MBR2415901.1	2
MBR5886343.1	2
WP_091851517.1	2
WP_158576005.1	2
MBL0356226.1	2
WP_091816200.1	2
MBQ4064421.1	2
MBD9027931.1	2
ROT16373.1	2
OQB64814.1	2
WP_051220136.1	2
WP_218458378.1	2
WP_053398626.1	2
MBP3227869.1	2
WP_227961492.1	2
MBQ7634607.1	2
MBP3726653.1	2
MBR3389840.1	2
MBU4538421.1	2
HIY47290.1	2
MBQ2182060.1	2
WP_118115667.1	2
ACF61556.1	3
ACF69242.1	3
WP_000055605.1	3
ACF89798.1	3
ACH73921.1	3
ACH50550.1	3
CAS11643.1	3
CAR10598.2	3
BAI33073.1	3
ADT77417.1	3
WP_021515185.1	3
WP_147706834.1	3
WP_150331403.1	3
WP_077125777.1	3
EGO5215219.1	3
EHR8836435.1	3
HBI2655211.1	3
WP_136127343.1	3
WP_032263501.1	3
EFN8763919.1	3
WP_112036885.1	3
WP_097404354.1	3
WP_000055113.1	3
EFX6526273.1	3
EFD1057340.1	3
EEW1291468.1	3
EFQ0059195.1	3
EFJ3256238.1	3
WP_001705569.1	3
WP_105285830.1	3
WP_064530535.1	3
QED65304.1	3
WP_135520254.1	3
WP_181478848.1	3
WP_191776142.1	3
WP_125317745.1	3
AFG42740.1	3
WP_211935026.1	3
WP_049009036.1	3
EAR9310774.1	3
WP_038634539.1	3
WP_171922687.1	3
EAN8507989.1	3
WP_023185205.1	3
WP_012907930.1	3
MBJ3593798.1	3
WP_042326093.1	3
MBA3112788.1	3
WP_194212828.1	3
ECJ2264653.1	3
WP_103780518.1	3
WP_079935198.1	3
WP_047407613.1	3
WP_152400933.1	3
WP_096758937.1	3
EEC0833043.1	3
EGT3575702.1	3
EAA7244786.1	3
WP_061075776.1	3
MBJ3560635.1	3
WP_044327611.1	3
HAU5792951.1	3
WP_198447881.1	3
KDS03574.1	3
WP_187254149.1	3
WP_040230069.1	3
WP_213135352.1	3
WP_200013142.1	3
EBK5657007.1	3
EBA9359467.1	3
WP_000055600.1	3
EHC43611.1	3
CNU17804.1	3
WP_046878130.1	3
WP_120066165.1	3
WP_064561603.1	3
WP_181621412.1	3
MBM6608576.1	3
KGB07671.1	3
WP_047054416.1	3
WP_142487525.1	3
WP_045783648.1	3
WP_103825323.1	3
WP_077227593.1	3
WP_090465544.1	3
WP_039289216.1	3
WP_166995859.1	3
WP_038476914.1	3
WP_172568628.1	3
WP_133523143.1	3
WP_106995941.1	3
WP_039299259.1	3
WP_159466150.1	3
WP_034492214.1	3
WP_222889099.1	3
WP_202307627.1	3
WP_017459722.1	3
WP_054180995.1	3
WP_049839519.1	3
WP_061706571.1	3
WP_159776736.1	3
WP_139537364.1	3
WP_123758120.1	3
WP_044521753.1	3
WP_123350492.1	3
WP_085006393.1	3
WP_097164554.1	3
WP_141416519.1	3
AUU88634.1	3
WP_020456006.1	3
SFF24138.1	3
WP_119936330.1	3
WP_139883141.1	3
WP_160704091.1	3
WP_108476918.1	3
WP_006816621.1	3
WP_131412648.1	3
WP_152082681.1	3
WP_049858392.1	3
WP_126358031.1	3
WP_112012634.1	3
WP_166718554.1	3
WP_004869567.1	3
WP_024559846.1	3
WP_064327914.1	3
WP_189624488.1	3
WP_089598259.1	3
WP_097401967.1	3
WP_079517127.1	3
WP_124970857.1	3
WP_013368182.1	3
WP_059446096.1	3
AGB80229.1	3
WP_137273457.1	3
WP_042714906.1	3
WP_167614800.1	3
WP_165466376.1	3
MBU5621077.1	3
WP_028018201.1	3
WP_139563818.1	3
WP_032644806.1	3
WP_059311525.1	3
WP_187800561.1	3
WP_126787367.1	3
WP_161669838.1	3
WP_126349117.1	3
WP_047624331.1	3
WP_061808159.1	3
WP_182235553.1	3
WP_209637822.1	3
WP_207120031.1	3
WP_095283898.1	3
WP_223580737.1	3
WP_175572846.1	3
WP_148421642.1	3
WP_039055064.1	3
WP_110276880.1	3
AMX07670.1	3
WP_038875378.1	3
WP_159872539.1	3
HBM2881550.1	3
WP_050556253.1	3
WP_061283903.1	3
WP_004127421.1	3
WP_154747370.1	3
WP_182268683.1	3
WP_103101691.1	3
WP_221925076.1	3
WP_019452553.1	3
WP_187321905.1	3
WP_193145466.1	3
WP_174137442.1	3
WP_064568881.1	3
WP_085115773.1	3
WP_194303579.1	3
WP_049600781.1	3
WP_024551628.1	3
WP_104949890.1	3
WP_044554402.1	3
WP_073533195.1	3
WP_130017536.1	3
WP_153858693.1	3
WP_095105155.1	3
WP_046374747.1	3
WP_224247201.1	3
WP_193843196.1	3
WP_106929836.1	3
WP_064546419.1	3
MRS92234.1	3
WP_031523759.1	3
WP_089186663.1	3
WP_062777376.1	3
WP_090136049.1	3
WP_164954738.1	3
WP_049209218.1	3
WP_199636446.1	3
MBS1204781.1	3
WP_007704340.1	3
MCA1924351.1	3
WP_135314667.1	3
WP_024484177.1	3
WP_129936267.1	3
AMO51170.1	3
WP_135344757.1	3
WP_084999280.1	3
VXC45129.1	3
WP_149464872.1	3
WP_088262969.1	3
NWA45370.1	3
WP_090126612.1	3
WP_154148074.1	3
WP_088278162.1	3
WP_105398537.1	3
WP_025119012.1	3
WP_214087076.1	3
WP_112877300.1	3
WP_037400977.1	3
WP_188475122.1	3
WP_194565075.1	3
WP_132347385.1	3
WP_183172333.1	3
WP_166733845.1	3
WP_013099270.1	3
WP_042526468.1	3
WP_080330366.1	3
WP_148052002.1	3
WP_177317928.1	3
WP_118984699.1	3
WP_113024808.1	3
WP_050152154.1	3
WP_131635700.1	3
WP_214053949.1	3
WP_109054845.1	3
VTN07949.1	3
WP_145511597.1	3
WP_136166744.1	3
WP_057533317.1	3
WP_049635107.1	3
WP_047254900.1	3
WP_203463978.1	3
WP_032911355.1	3
WP_130640548.1	3
WP_032908779.1	3
WP_225086116.1	3
WP_025382139.1	3
WP_005969152.1	3
WP_137764670.1	3
WP_193401971.1	3
WP_015731404.1	3
WP_219657630.1	3
WP_049688752.1	3
WP_172291396.1	3
WP_226307961.1	3
WP_113626913.1	3
WP_019213149.1	3
WP_011095672.1	3
WP_039363226.1	3
WP_180779372.1	3
WP_145510135.1	3
WP_224718030.1	3
WP_065388983.1	3
WP_048254826.1	3
WP_205552043.1	3
WP_205539680.1	3
WP_145493474.1	3
WP_226312891.1	3
WP_205565090.1	3
WP_095442010.1	3
WP_129708833.1	3
CCJ95040.1	3
WP_045909235.1	3
WP_180787077.1	3
WP_083161886.1	3
WP_101817249.1	3
WP_032815346.1	3
WP_101826649.1	3
WP_039305243.1	3
WP_050143424.1	3
WP_120509241.1	3
WP_212589591.1	3
WP_120134459.1	3
WP_050288714.1	3
QHQ19821.1	3
WP_122096511.1	3
WP_200223338.1	3
WP_212585890.1	3
WP_113866050.1	3
WP_112290312.1	3
WP_131488640.1	3
WP_132456480.1	3
WP_101079458.1	3
WP_172908505.1	3
WP_092508507.1	3
WP_015960954.1	3
WP_187653196.1	3
WP_008914057.1	3
WP_092516713.1	3
WP_095835336.1	3
WP_013577527.1	3
WP_048275891.1	3
MBD2811743.1	3
WP_036839290.1	3
WP_074022745.1	3
WP_228859110.1	3
WP_154624228.1	3
WP_015344130.1	3
WP_140182123.1	3
WP_129955214.1	3
WP_099109313.1	3
WP_099124150.1	3
WP_218523031.1	3
WP_017800649.1	3
WP_189759395.1	3
WP_197950250.1	3
MBP6083001.1	3
WP_219244963.1	3
CEE90143.1	3
WP_198620249.1	3
WP_210836693.1	3
WP_047766317.1	3
WP_006658200.1	3
WP_115065029.1	3
MBQ0692395.1	3
WP_099119944.1	3
WP_064718558.1	3
WP_198886964.1	3
WP_100159754.1	3
WP_154599723.1	3
WP_112837585.1	3
WP_196576489.1	3
WP_068439750.1	3
WP_161706225.1	3
WP_099076341.1	3
WP_115825347.1	3
WP_069317285.1	3
WP_038248500.1	3
WP_038207798.1	3
WP_038214029.1	3
WP_193016947.1	3
WP_193851617.1	3
MBG6029054.1	3
WP_036939573.1	3
CCK04797.1	3
WP_198624514.1	3
WP_130590107.1	3
WP_123337806.1	3
MBD2800632.1	3
MBD2814366.1	3
WP_185166483.1	3
HCU17037.1	3
WP_084912505.1	3
WP_047782379.1	3
WP_225701249.1	3
WP_200547535.1	3
WP_045049788.1	3
NDJ55457.1	3
WP_137714898.1	3
KQN51106.1	3
CDS56727.1	3
WP_067422821.1	3
WP_004154923.1	3
WP_168428296.1	3
WP_169405391.1	3
WP_159338533.1	3
WP_154754477.1	3
MBS6058875.1	3
NUU68743.1	3
WP_159567402.1	3
WP_143971973.1	3
VTT27779.1	3
WP_212409480.1	3
WP_115460107.1	3
WP_166708803.1	3
KLO03543.1	3
WP_141177656.1	3
WP_127378491.1	3
WP_021183785.1	3
WP_021013515.1	3
WP_222158881.1	3
MBG6242700.1	3
WP_200574231.1	3
WP_038643804.1	3
WP_176973375.1	3
WP_039329212.1	3
WP_064738167.1	3
WP_158784325.1	3
WP_036115444.1	3
WP_101763765.1	3
WP_064596876.1	3
WP_094101268.1	3
WP_026822651.1	3
WP_032114333.1	3
WP_154775903.1	3
MBK4715001.1	3
WP_129109369.1	3
HBH69547.1	3
WP_061553066.1	3
WP_206404784.1	3
MBV4369192.1	3
AXF77857.1	3
WP_130987539.1	3
WP_130995158.1	3
WP_072550400.1	3
WP_180817206.1	3
WP_150437115.1	3
WP_195314428.1	3
WP_198089401.1	3
WP_026739290.1	3
WP_085652168.1	3
WP_026743718.1	3
WP_058758106.1	3
WP_047709225.1	3
WP_033793101.1	3
WP_208713572.1	3
MCE0491664.1	3
RTY54835.1	3
WP_130833146.1	3
WP_012846991.1	3
WP_034948584.1	3
WP_187513416.1	3
WP_094107823.1	3
WP_078004072.1	3
WP_132923818.1	3
HCW97598.1	3
WP_154929008.1	3
WP_031375049.1	3
WP_193406279.1	3
WP_039381732.1	3
WP_135910461.1	3
WP_010257343.1	3
WP_092878711.1	3
WP_205438975.1	3
WP_179899010.1	3
BAN96833.1	3
WP_017345728.1	3
WP_066597501.1	3
WP_028725431.1	3
MXP49844.1	3
WP_063877892.1	3
ADD75324.1	3
WP_205957091.1	3
WP_038015439.1	3
WP_050569511.1	3
WP_029991723.1	3
WP_226510002.1	3
QYM98131.1	3
WP_168641795.1	3
WP_168361241.1	3
WP_023640969.1	3
WP_226068092.1	3
WP_210193527.1	3
WP_226092826.1	3
WP_210175200.1	3
WP_127959510.1	3
WP_071432571.1	3
WP_016942869.1	3
WP_099823054.1	3
WP_077245381.1	3
WP_042861457.1	3
EFA48078.1	3
WP_216284162.1	3
WP_013319850.1	3
WP_012767949.1	3
WP_107760658.1	3
WP_027710643.1	3
WP_039692797.1	3
CRK85745.1	3
WP_226052056.1	3
WP_192989672.1	3
TNG91876.1	3
WP_125260974.1	3
TNH04542.1	3
WP_012763851.1	3
WP_185181426.1	3
WP_051434129.1	3
WP_223691675.1	3
WP_181893785.1	3
WP_015674280.1	3
WP_026313250.1	3
WP_197050927.1	3
WP_208790016.1	3
KAE9536243.1	3
WP_157403593.1	3
WP_153985700.1	3
WP_009874557.1	3
WP_039709312.1	3
WP_160442055.1	3
WP_021113794.1	3
WP_160413175.1	3
KDB47380.1	3
WP_005613094.1	3
KDD78543.1	3
MWQ07953.1	3
WP_021117394.1	3
WP_021114771.1	3
WP_015939601.1	3
KDB44663.1	3
WP_078237534.1	3
WP_229583610.1	3
WP_176443857.1	3
QIM63804.1	3
WP_160436964.1	3
WP_032844392.1	3
WP_064082387.1	3
WP_025218134.1	3
AAP96583.1	3
WP_188157335.1	3
WP_138317707.1	3
WP_178219271.1	3
WP_207906504.1	3
WP_176671795.1	3
WP_135056216.1	3
WP_042801688.1	3
WP_111749808.1	3
WP_015431779.1	3
OAQ13713.1	3
WP_020006222.1	4
WP_114371184.1	4
PIC83082.1	4
AFW04735.1	5
EAT8922683.1	5
AAC38177.1	6
AAL91079.1	6
AAL91080.1	6
AAL91081.1	6
AAL91082.1	6
WP_237703389.1	6
ACF92750.1	6
AGS07346.1	6
EDW1749581.1	6
EHK0685164.1	6
WP_048221118.1	6
EGT5610491.1	6
AFC91472.1	7
AFC91514.1	7
AAO39700.1	7
AFC91570.1	7
AAR97964.1	7
TYA02932.1	7
WP_148516510.1	7
WP_133295826.1	7
WP_054895408.1	7
WP_182927545.1	7
MBR9870835.1	7
QZD32928.1	7
WP_139204982.1	7
QNF23742.1	7
EFH5849823.1	7
WP_180501315.1	7
WP_075174702.1	7
WP_111885524.1	7
WP_212514244.1	7
WP_180181024.1	7
WP_114212770.1	7
CAI32823.1	8
CAI32843.1	8
CAI33700.1	8
CAI33631.1	8
WP_216458872.1	8
WP_061755395.1	8
WP_050231747.1	8
VJK41440.1	8
WP_050259364.1	8
WP_217813338.1	8
WP_118552738.1	8
WP_110074496.1	8
WP_015392664.1	8
PWM98997.1	8
GFI59156.1	8
MCD8237980.1	8
WP_152704185.1	8
WP_153704326.1	8
WP_142410957.1	8
HIS89155.1	8
WP_074871561.1	8
WP_229304178.1	8
MBR5317391.1	8
WP_137663709.1	8
WP_224289170.1	8
WP_077325704.1	8
WP_010779746.1	8
WP_161169319.1	8
WP_061384080.1	8
WP_016441275.1	8
MBS5763303.1	8
VNC99741.1	8
EHE61561.1	8
VOS41126.1	8
WP_113860531.1	8
VSB76654.1	8
WP_137220543.1	8
WP_129739268.1	8
WP_069653705.1	8
WP_044693603.1	8
CMX58981.1	8
WP_172980634.1	8
WP_199574959.1	8
WP_227809219.1	8
MBS8088733.1	8
MBP3198577.1	8
EHD48111.1	8
WP_208965390.1	8
NQK45294.1	8
NQI73492.1	8
WP_144356771.1	8
WP_013851745.1	8
BAQ00795.1	9
WP_163135203.1	9
WP_213386872.1	9
WP_089691467.1	9
WP_154610449.1	9
WP_107187151.1	9
WP_043995329.1	9
WP_126374421.1	9
WP_115249400.1	9
WP_111401287.1	9
MBS6009095.1	9
WP_005619750.1	9
WP_007525403.1	9
WP_012771594.1	9
WP_005707321.1	9
MBF1241668.1	9
WP_197569836.1	9
WP_075876038.1	9
WP_197544497.1	9
WP_054418906.1	9
WP_115910766.1	9
WP_126471148.1	9
MBS5013393.1	9
MBF1245386.1	9
MBS6726893.1	9
WP_115299623.1	9
WP_010906696.1	9
WP_077586001.1	9
WP_077581680.1	9
WP_049367974.1	9
WP_049370816.1	9
MBF1228307.1	9
WP_116631340.1	9
MBS5252451.1	9
WP_197553660.1	9
WP_099803057.1	9
WP_070713138.1	9
WP_109083557.1	9
WP_148346747.1	9
WP_005697633.1	9
MBS7128483.1	9
WP_059246418.1	9
WP_205765060.1	9
WP_077423648.1	9
WP_205771569.1	9
WP_109427999.1	9
WP_049380027.1	9
WP_061405996.1	9
WP_205764620.1	9
WP_197546764.1	9
VTX82799.1	9
WP_049375059.1	9
WP_195188563.1	9
WP_111300191.1	9
WP_163883902.1	9
WP_005552755.1	9
WP_139638916.1	9
WP_071522897.1	9
WP_005547286.1	9
MBF1233975.1	9
WP_111304661.1	9
MBS6669835.1	9
WP_111315567.1	9
WP_083015183.1	9
WP_205765792.1	9
WP_040216609.1	9
WP_005756390.1	9
WP_109858955.1	9
WP_111312171.1	9
WP_170452761.1	9
WP_205769293.1	9
QEH45435.1	9
WP_014390999.1	9
WP_047977566.1	9
WP_077498898.1	9
WP_077584019.1	9
WP_132022614.1	9
WP_226691233.1	9
WP_006717858.1	9
WP_077495457.1	9
WP_111294541.1	9
WP_111305851.1	9
WP_077435790.1	9
WP_136124858.1	9
WP_109127870.1	9
WP_123955884.1	9
WP_194750776.1	9
WP_077543997.1	9
WP_077421628.1	9
WP_005758935.1	9
WP_115003347.1	9
WP_202937619.1	9
WP_176808882.1	9
WP_005820285.1	9
WP_077492946.1	9
WP_135094522.1	9
EQA12092.1	9
WP_021111743.1	9
WP_077477651.1	9
WP_160405210.1	9
WP_005762249.1	9
WP_157393810.1	9
AAP95770.1	9
WP_046338337.1	9
WP_157403397.1	9
WP_229509720.1	9
WP_226690781.1	9
HBO39117.1	9
WP_039196197.1	9
WP_135056821.1	9
WP_014991053.1	9
WP_101775131.1	9
WP_005624336.1	9
EPZ98696.1	9
WP_176670244.1	9
WP_100052013.1	9
WP_132500472.1	9
WP_064318861.1	9
WP_025235507.1	9
WP_025266888.1	9
WP_153985814.1	9
WP_025342334.1	9
WP_176671600.1	9
WP_042802418.1	9
WP_112111249.1	9
WP_021280093.1	9
WP_154704579.1	9
WP_218219167.1	9
CAI33278.1	10
CAI33226.1	10
CAI33252.1	10
CAI34753.1	10
CAI34613.1	10
VPT20589.1	10
WP_050255588.1	10
WP_125844770.1	10
WP_099778220.1	10
OLC69675.1	11
WP_221006790.1	11
MBT9138911.1	11
AAT28922.1	12
AAR24270.1	12
WP_214271335.1	12
EES6290913.1	12
WP_137525764.1	12
WP_161709924.1	12
CAI32772.1	13
WP_162036252.1	13
WP_230107225.1	13
WP_154463002.1	13
WP_064299278.1	13
WP_110063817.1	13
APZ79158.1	13
MBS5133618.1	13
NMA05552.1	13
EHD83116.1	13
WP_163052351.1	13
WP_060418174.1	13
WP_125382933.1	13
WP_045500264.1	13
WP_165993240.1	13
WP_203265798.1	13
WP_172601669.1	13
WP_016766502.1	13
PKM55156.1	13
WP_176761988.1	13
MBQ9314222.1	13
AHB32538.1	14
CDM70549.1	14
WP_000610985.1	14
WP_180644555.1	14
WP_044423368.1	14
WP_187142567.1	14
RSP53952.1	14
BAQ00879.1	15
WP_126327789.1	15
WP_228598439.1	15
WP_028018525.1	15
WP_198120657.1	15
WP_132576810.1	15
WP_108156747.1	15
WP_065821819.1	15
WP_015836400.1	15
WP_011073066.1	15
SDH61519.1	15
WP_199052849.1	15
AHB32215.1	16
AHB32861.1	16
AHB32799.1	16
WP_163044643.1	16
WP_187536966.1	16
WP_118857369.1	16
HAV5950902.1	16
NML86954.1	16
WP_159077557.1	16
WP_043115445.1	16
WP_078460026.1	16
KQN22945.1	16
RWX43907.1	16
MBS62892.1	16
WP_222990728.1	16
WP_031212253.1	16
MBC7619230.1	16
KIM05112.1	16
TQV62357.1	16
WP_168069718.1	16
WP_158083459.1	16
WP_110091477.1	16
KIM05111.1	16
WP_128455948.1	16
WP_220226900.1	16
WP_114182671.1	16
WP_125523459.1	16
WP_208753426.1	16
WP_209767113.1	16
WP_199935042.1	16
WP_150378230.1	16
WP_067551204.1	16
WP_071211484.1	16
WP_004723499.1	16
WP_180134905.1	16
WP_171536897.1	16
WP_200461111.1	16
WP_120368242.1	16
WP_049081426.1	16
WP_198475480.1	16
WP_187652516.1	16
WP_171541174.1	16
WP_039194764.1	16
WP_169334418.1	16
WP_197050931.1	16
WP_180047757.1	16
WP_067725738.1	16
MBA3895737.1	16
WP_171269884.1	16
WP_129384724.1	16
HIP21003.1	16
WP_084201516.1	16
WP_216059302.1	16
WP_090193267.1	16
WP_133481130.1	16
WP_027715123.1	16
WP_010185649.1	16
WP_079553336.1	16
MAL96507.1	16
WP_162349284.1	16
WP_106511899.1	16
WP_080768584.1	16
KPP97782.1	16
WP_078460326.1	16
WP_196727569.1	16
WP_056056224.1	16
WP_017044350.1	16
WP_124743340.1	16
EIJ0935517.1	16
WP_228735898.1	16
WP_199355634.1	16
OGS68171.1	16
WP_208631474.1	16
OYZ24138.1	16
WP_109880524.1	16
NWF39485.1	16
WP_098423599.1	16
WP_198030641.1	16
NCC32271.1	16
WP_183382077.1	16
PZQ18726.1	16
WP_148532585.1	16
WP_198095099.1	16
WP_142626892.1	16
WP_132598473.1	16
EGR2427770.1	16
WP_213983256.1	16
MAS39832.1	16
MCD9124788.1	16
WP_161351960.1	16
WP_199354907.1	16
WP_193678545.1	16
WP_105977053.1	16
WP_089031743.1	16
MBT6671684.1	16
WP_114227905.1	16
KQN07402.1	16
WP_092407806.1	16
WP_192976317.1	16
WP_022987666.1	16
WP_169116372.1	16
MBM7333642.1	16
WP_186524375.1	16
SDP62483.1	16
NQW40276.1	16
WP_082468241.1	16
WP_159431089.1	16
WP_187503084.1	16
RZJ19600.1	16
WP_215326382.1	16
WP_085217757.1	16
HEL33731.1	16
WP_159726016.1	16
WP_147122214.1	16
MBN9220966.1	16
RZL04476.1	16
MBW3617031.1	16
MCC6274529.1	16
MBV9528573.1	16
MAT67810.1	16
WP_222576243.1	16
HIP01433.1	16
MBT7557041.1	16
WP_133735510.1	16
WP_199391511.1	16
WP_047136586.1	16
WP_037501122.1	16
MBM22938.1	16
WP_048016887.1	16
WP_154296859.1	16
WP_211252259.1	16
HCK04268.1	16
QLQ25647.1	16
HIK23550.1	16
WP_166094094.1	16
PWB95608.1	16
MAD71325.1	16
MBI28660.1	16
WP_126986359.1	16
MBT5400305.1	16
WP_215479016.1	16
MBK6511916.1	16
WP_011630073.1	16
WP_107209574.1	16
WP_072338442.1	16
PLX78006.1	16
WP_060527669.1	16
WP_166200770.1	16
WP_054966564.1	16
WP_209040394.1	16
WP_099798041.1	16
MAM09674.1	16
ARN79940.1	16
MBT3281323.1	16
MBL50343.1	16
NCC92985.1	16
WP_228234352.1	16
WP_087846193.1	16
WP_062816438.1	16
MBX3479456.1	16
WP_123658760.1	16
WP_205234844.1	16
NCY07830.1	16
MCB2262497.1	16
MBA3666261.1	16
MBT5399923.1	16
WP_190278049.1	16
WP_093666707.1	16
WP_206201164.1	16
MCA0197291.1	16
CAA9483868.1	16
WP_051531748.1	16
MCD9032756.1	16
WP_133512493.1	16
KZR90559.1	16
WP_230772520.1	16
NUR37916.1	16
MBA3511518.1	16
NDD12153.1	16
WP_136495516.1	16
WP_132833572.1	16
WP_196402873.1	16
WP_175518371.1	16
WP_176500828.1	16
WP_167104024.1	16
WP_131819258.1	16
SFG20480.1	16
WP_140420496.1	16
WP_033919719.1	16
AFN02899.1	17
BAQ01982.1	17
MCD8423126.1	17
WP_130275587.1	17
SHG15803.1	17
MBO7127389.1	17
MCB9256182.1	17
WP_147349917.1	17
GAC10541.1	17
WP_165877102.1	17
MBS5413081.1	17
WP_141616459.1	17
TXH71870.1	17
WP_217741753.1	17
OTT99886.1	17
WP_163863364.1	17
WP_108437870.1	17
WP_033014909.1	17
WP_063193342.1	17
MCD6566083.1	17
WP_100659360.1	17
WP_193442916.1	17
WP_033026343.1	17
NIG52086.1	17
MBO4699207.1	17
WP_096226138.1	17
MCA2962002.1	17
WP_055358240.1	17
WP_013524677.1	17
WP_047758301.1	17
WP_027409263.1	17
MCB9227363.1	17
WP_033022530.1	17
WP_153301260.1	17
WP_183184109.1	17
SIN78826.1	17
WP_106064755.1	17
WP_179991433.1	17
WP_225986167.1	17
WP_082460706.1	17
WP_193534552.1	17
WP_185772024.1	17
WP_205179236.1	17
WP_101549325.1	17
WP_166243293.1	17
VTQ92728.1	17
WP_193470477.1	17
WP_197264338.1	17
WP_023613735.1	17
WP_144537529.1	17
WP_197221804.1	17
WP_113894122.1	17
WP_215653663.1	17
WP_227937234.1	17
WP_066397876.1	17
WP_003346498.1	17
NFM41594.1	17
WP_204589728.1	17
WP_053478722.1	17
WP_028505941.1	17
WP_228608027.1	17
WP_076042318.1	17
WP_003351953.1	17
WP_035329153.1	17
WP_066290296.1	17
NBJ02737.1	17
WP_213124925.1	17
WP_059171914.1	17
WP_141638446.1	17
NBH45895.1	17
NFE75839.1	17
WP_078431783.1	17
WP_053368288.1	17
WP_098798406.1	17
WP_222672624.1	17
WP_061792112.1	17
WP_142537419.1	17
WP_093264892.1	17
WP_048009895.1	17
WP_197205062.1	17
NFC47111.1	17
WP_009331993.1	17
WP_220156645.1	17
WP_035288378.1	17
WP_057767636.1	17
WP_100374074.1	17
WP_100065928.1	17
WP_170899603.1	17
WP_040401665.1	17
MBQ7059497.1	17
NFJ22411.1	17
WP_131925998.1	17
MBF0547060.1	17
WP_061310687.1	17
WP_199869207.1	17
WP_010293025.1	17
WP_044639760.1	17
WP_061993917.1	17
WP_163255996.1	17
MBQ3542124.1	17
NOQ71260.1	17
MBA3900454.1	17
AHB32411.1	18
WP_110974445.1	18
WP_151813787.1	18
WP_201686691.1	18
WP_016722087.1	18
WP_138928581.1	18
WP_144035963.1	18
WP_214228854.1	18
WP_211903587.1	18
AXW62273.1	18
WP_197330552.1	18
WP_144614985.1	18
WP_085411221.1	18
WP_039568335.1	18
WP_098251621.1	18
CCH02966.1	18
WP_003261233.1	18
WP_100991484.1	18
ABK14751.1	18
RTR36406.1	18
MBS1543770.1	18
WP_130001416.1	18
WP_066315189.1	18
WP_147515663.1	18
WP_194603525.1	18
MBD1364359.1	18
WP_129747938.1	18
BAZ10903.1	18
WP_119906732.1	18
WP_137262131.1	18
WP_219076819.1	18
WP_121328863.1	18
WP_227092401.1	18
WP_073121390.1	18
WP_133576014.1	18
WP_092650100.1	18
WP_200067659.1	18
WP_157455803.1	18
WP_044339933.1	18
WP_217000147.1	18
VXA96077.1	18
WP_144916889.1	18
NLN30456.1	18
WP_157564983.1	18
WP_160674330.1	18
NMW22219.1	18
WP_144803716.1	18
MCC4312986.1	18
WP_224626522.1	18
WP_125704634.1	18
WP_009038505.1	18
WP_194112984.1	18
RYY00570.1	18
WP_039098596.1	18
WP_065825360.1	18
NTW72264.1	18
WP_114003941.1	18
RYE14478.1	18
WP_085117245.1	19
WP_202290967.1	19
WP_209635373.1	19
WP_176979454.1	19
WP_020827439.1	19
WP_153860016.1	19
WP_174353521.1	19
WP_112364444.1	19
WP_199634882.1	19
WP_212556402.1	19
WP_121554014.1	19
EKI39969.1	20
BAK68980.1	20
EKK44895.1	20
BAK69191.1	20
BAK69033.1	20
AAC32340.1	20
EKI95922.1	20
AAV34494.1	20
ESF77981.1	20
EES5499244.1	20
MBB9001093.1	20
WP_024165680.1	20
WP_087675576.1	20
ACH97162.1	21
VEB76576.1	21
WP_000639299.1	21
WP_201488134.1	21
WP_149335172.1	21
MBD2820339.1	21
EAX1602471.1	21
SFT69541.1	21
EEJ4373330.1	21
EBI0040023.1	21
SUC15933.1	21
CAI33862.1	22
CAI33840.1	22
WP_115256329.1	22
VOC17485.1	22
WP_001826717.1	22
EHE06795.1	22
VMO60215.1	22
WP_012961878.1	22
WP_214254291.1	22
WP_000172819.1	22
WP_011922117.1	22
WP_105126534.1	22
WP_167588632.1	22
WP_048345613.1	22
WP_081539118.1	22
WP_103241600.1	22
WP_227749927.1	22
MCD8003154.1	22
GFI00208.1	22
WP_010581023.1	22
RHC55200.1	22
RHT81424.1	22
ABB04486.1	23
WP_024242993.1	23
WP_089536959.1	23
EFE9705453.1	23
WP_194189025.1	23
WP_200111793.1	23
WP_213238837.1	23
BCO13070.1	23
WP_007681735.1	23
EGT5733709.1	23
WP_080320359.1	23
KAA6051568.1	23
MRS92328.1	23
WP_023624152.1	23
WP_053301956.1	23
ACA24852.1	24
ACA24840.1	24
WP_050290320.1	24
WP_063654930.1	24
WP_185665883.1	24
WP_161749707.1	24
WP_077898748.1	24
HBC0587495.1	24
WP_131391565.1	24
NCH61700.1	24
WP_061554685.1	24
AEH27473.1	24
WP_104085182.1	24
WP_066282843.1	24
BAQ01024.1	25
BAQ00622.1	25
AQU71752.1	25
AFW04883.1	25
WP_089723541.1	25
WP_063927837.1	25
WP_112164390.1	25
CAD6048725.1	25
WP_033740460.1	25
PKB90879.1	25
WP_104920314.1	25
EAA8875199.1	25
EGQ5166340.1	25
WP_105282781.1	25
EFN4116306.1	25
WP_171461313.1	25
WP_105278937.1	25
WP_180556034.1	25
WP_001702373.1	25
WP_131161396.1	25
WP_033870522.1	25
WP_160523648.1	25
WP_217149407.1	25
WP_112022321.1	25
WP_121581715.1	25
WP_182293311.1	25
AAV74543.1	26
WP_001468901.1	26
EFH8318071.1	26
WP_042093618.1	26
WP_102306153.1	26
WP_097743917.1	26
HAT2256308.1	26
EAN1750365.1	26
AGM38627.1	26
BAQ01843.1	27
WP_148731010.1	27
HAX1946036.1	27
EFF5633373.1	27
HBB8654719.1	27
WP_163358642.1	27
WP_071922060.1	27
WP_047023864.1	27
WP_223283095.1	27
HAU3088379.1	27
ECF4924930.1	27
NBK97499.1	27
EGM9064583.1	27
MTH47360.1	27
PSW69995.1	27
EBU8757150.1	27
WP_140367630.1	27
MCC6098310.1	28
RRF98251.1	28
WP_033506806.1	28
AAM27560.1	29
AAM27711.1	29
RPP47857.1	29
WP_186009766.1	29
WP_192828723.1	29
WP_154745360.1	29
WP_055136846.1	29
WP_198864114.1	29
WP_174142560.1	29
WP_169199804.1	29
WP_208134250.1	29
WP_131592657.1	29
WP_104670081.1	29
WP_008022995.1	29
WP_152117937.1	29
WP_046041222.1	29
TXH59276.1	29
WP_122543226.1	29
WP_092414598.1	29
WP_090143106.1	29
WP_148169455.1	29
WP_224788146.1	29
NCQ11007.1	29
MBX3705066.1	29
MBB4988112.1	29
WP_082446592.1	29
WP_130027507.1	29
WP_124345257.1	29
OLB91251.1	29
WP_214496379.1	29
WP_187516328.1	29
WP_137923182.1	29
WP_098495516.1	29
WP_096611936.1	29
UFH48250.1	29
WP_019964204.1	29
SFB70234.1	30
WP_103789702.1	30
WP_178952543.1	30
MAZ36466.1	30
GGI56287.1	30
WP_138656883.1	30
TDQ32780.1	30
RNC92270.1	30
WP_156125415.1	30
RRQ50019.1	30
WP_209401176.1	30
WP_038236818.1	30
HAS36656.1	30
WP_149273760.1	30
RIV72562.1	30
HFG83597.1	30
MBO4875837.1	30
MBQ1719314.1	30
MBR6068596.1	30
MBO4232481.1	30
WP_118504170.1	30
MBQ0159632.1	30
MBS1680857.1	30
MBP3740173.1	30
MBP5541458.1	30
BAQ01155.1	31
WP_001607661.1	31
WP_064669448.1	31
BAQ01207.1	32
WP_135300949.1	32
EFK0007347.1	32
WP_050111601.1	32
MBS6057122.1	32
WP_146917635.1	33
GAM69542.1	33
WP_169844434.1	33
BAQ01317.1	34
WP_001002891.1	34
EGM8745944.1	34
EGZ6657556.1	34
WP_213327966.1	34
WP_126331305.1	34
WP_023312380.1	34
WP_045887856.1	34
WP_221702108.1	34
WP_064326661.1	34
MBB1201479.1	34
WP_041689695.1	34
WP_039295133.1	34
HJF47533.1	35
WP_128530304.1	35
KRM81354.1	35
WP_057705320.1	35
WP_137611759.1	35
WP_180304623.1	35
MBS6706277.1	35
WP_041501471.1	35
WP_093624092.1	35
SNX32123.1	35
HIX76630.1	35
RGW58272.1	35
MBS6706194.1	35
MBS4967661.1	35
GIC74700.1	35
WP_216243057.1	35
WP_229282609.1	35
GFI60367.1	35
WP_016496644.1	35
WP_024293394.1	35
WP_021350017.1	35
CDZ25060.1	35
WP_182579128.1	35
WP_128472092.1	35
CUM92011.1	35
WP_173691953.1	35
WP_195413176.1	35
WP_229308882.1	35
KTF02298.1	35
WP_225432329.1	35
WP_195502885.1	35
WP_173689907.1	35
WP_216768938.1	35
WP_118130750.1	35
WP_120768222.1	35
WP_159256848.1	35
HJA27547.1	35
MCD8206831.1	35
MCC8141991.1	35
WP_087268828.1	35
WP_132382819.1	35
WP_074505078.1	35
OUL10274.1	35
WP_128513322.1	35
MBO4688257.1	35
WP_065867064.1	35
HJA72728.1	35
WP_118597392.1	35
PWE87585.1	35
WP_122642450.1	35
HJA23836.1	35
WP_150203798.1	35
WP_087152854.1	35
MBR5974463.1	35
WP_204776783.1	35
MBS6265199.1	35
WP_118019782.1	35
WP_125550099.1	35
WP_169462490.1	35
RRG02550.1	35
KZU10716.1	35
WP_227084760.1	35
KZU40383.1	35
HJB19391.1	35
WP_180871534.1	35
WP_227183880.1	35
WP_010009853.1	35
KZT98225.1	35
WP_076641196.1	35
WP_229094429.1	35
WP_035457591.1	35
OUP93755.1	35
WP_195627686.1	35
WP_098045302.1	35
WP_146990628.1	35
WP_102168459.1	35
WP_219481079.1	35
ADJ41487.1	35
WP_191684553.1	35
MBO4701146.1	35
WP_172770138.1	35
WP_147331202.1	35
WP_191911437.1	35
GIP70283.1	35
WP_122218018.1	35
WP_105920456.1	35
WP_003638241.1	35
WP_137597315.1	35
WP_216780689.1	35
WP_021337466.1	35
WP_215703721.1	35
WP_004843333.1	35
WP_019252553.1	35
HBA97998.1	35
ERL43171.1	35
RHT43341.1	35
WP_225349354.1	35
WP_195509835.1	35
WP_033608529.1	35
APP11874.1	35
WP_226319695.1	35
GEO54504.1	35
MBS5763301.1	35
WP_087215043.1	35
RHU83322.1	35
WP_118533093.1	35
WP_195918545.1	35
WP_204785160.1	35
WP_008374640.1	35
WP_119463035.1	35
WP_003713146.1	35
MCD7121015.1	35
MBO7563669.1	35
WP_229279347.1	35
WP_225914141.1	35
QUO20802.1	35
WP_154458445.1	35
WP_201627009.1	35
WP_204774938.1	35
RRK09475.1	35
RKI40422.1	35
WP_152728438.1	35
AHB32687.1	36
BAQ01743.1	36
WP_075253066.1	36
WP_109546164.1	36
SCA95946.1	36
WP_135704740.1	36
WP_117136936.1	36
WP_049241299.1	36
WP_001565661.1	36
WP_149507662.1	36
WP_087893335.1	36
WP_086266782.1	36
WP_074189167.1	36
WP_074188135.1	36
WP_074186610.1	36
WP_019454398.1	36
WP_075808362.1	36
WP_080479055.1	36
MBP1128771.1	36
WP_161505311.1	36
WP_168186805.1	36
WP_131073326.1	36
MBN5318929.1	36
QDI17963.1	36
WP_158524166.1	36
WP_077270733.1	36
MBN5313443.1	36
WP_164171092.1	36
MBH2771487.1	36
QDI32442.1	36
WP_158524115.1	36
AYZ32262.1	36
AYU89687.1	36
WP_207975708.1	36
WP_104011334.1	36
MBH3028143.1	36
WP_195807055.1	36
WP_088883777.1	36
WP_142467464.1	36
AHB32715.1	37
AHB32637.1	37
WP_163049471.1	37
WP_060490610.1	37
WP_193007504.1	37
WP_109591672.1	37
WP_201604033.1	37
WP_171537823.1	37
WP_102092040.1	37
WP_168384767.1	37
WP_101206224.1	37
WP_180025383.1	37
WP_161420062.1	37
WP_168401718.1	37
TCB46542.1	37
WP_021506308.1	37
WP_131324271.1	37
WP_201555912.1	37
WP_057759008.1	37
WP_101210808.1	37
WP_180085977.1	37
WP_197100668.1	37
WP_168382153.1	37
WP_073511821.1	37
WP_087013699.1	37
WP_227514005.1	37
WP_180264690.1	37
WP_086398835.1	37
WP_197218336.1	37
WP_075101495.1	37
WP_219299372.1	37
QIC62912.1	37
MCE0103418.1	37
WP_017401298.1	37
KGH46518.1	37
WP_105245009.1	37
EHU1307238.1	37
WP_161417468.1	37
WP_144917748.1	37
WP_100907999.1	37
WP_206339940.1	37
WP_180079750.1	37
MBD7808321.1	37
WP_113990956.1	37
WP_192482110.1	37
WP_072420695.1	37
WP_159336482.1	37
MBC4371064.1	37
EOS69036.1	38
MBM6969334.1	38
WP_154314192.1	38
SEF84253.1	38
QNL99935.1	38
WP_227573227.1	38
WP_118545709.1	38
WP_078786273.1	38
CUN95315.1	38
MBR3637509.1	38
CCY76186.1	38
WP_160300917.1	39
OHR69000.1	39
WP_162860493.1	39
WP_161796398.1	39
WP_146012650.1	39
HIE00585.1	40
WP_157936090.1	40
WP_014871790.1	40
HAT8486706.1	40
NMT95774.1	40
WP_168827264.1	40
WP_077858102.1	41
WP_008421534.1	41
WP_173714353.1	41
WP_173711692.1	41
WP_078114319.1	41
WP_020090220.1	41
WP_077856474.1	41
WP_168982252.1	41
WP_077309671.1	41
WP_076631235.1	41
WP_025162160.1	41
NRT74155.1	41
MBA8932556.1	41
MCC2844792.1	41
WP_152595133.1	41
WP_071982842.1	41
MBL3536289.1	41
NFG58748.1	41
WP_204462702.1	41
WP_039105280.1	41
NOW87176.1	41
WP_114894035.1	41
NSM83096.1	41
WP_069665139.1	41
WP_200348452.1	42
NEZ65795.1	42
TIN26418.1	42
WP_130518829.1	42
MBX9466068.1	42
WP_132955054.1	42
MBX3540817.1	42
WP_206757395.1	42
MBA4316349.1	42
WP_018181620.1	42
WP_151615573.1	42
GBD48053.1	42
WP_213331949.1	42
WP_224407339.1	42
KAG8027285.1	42
WP_132527165.1	42
WP_105544586.1	42
WP_151651594.1	42
EEQ93314.1	42
WP_114215138.1	42
MBX9451840.1	42
WP_098408233.1	43
HIS27262.1	43
ABE98419.1	44
ADN43845.1	44
WP_000275561.1	44
EFF2146312.1	44
QMA38977.1	44
CAI32935.1	45
CAI32867.1	45
WP_205016881.1	45
WP_225208402.1	45
WP_105113439.1	45
MCE2233908.1	45
WP_217374036.1	45
MBR2550729.1	45
SDX69991.1	45
ABE98437.1	46
ABI98986.1	46
ABU80601.1	46
HAL6201568.1	46
WP_089645086.1	46
WP_052201295.1	46
EGH1751367.1	46
EFB9459334.1	46
BBM62823.1	46
WP_147331724.1	46
WP_199959343.1	46
WP_199946684.1	46
OKZ17413.1	46
WP_151812956.1	46
QEP40525.1	46
WP_167351909.1	46
WP_069366863.1	46
WP_143959153.1	46
WP_110168226.1	46
MBE4243270.1	46
AGK55733.1	46
WP_129618856.1	46
WP_140333028.1	46
WP_215044871.1	46
ODY15942.1	46
AKA20981.1	47
AKA20999.1	47
CAX18360.1	47
WP_033849664.1	47
WP_141239803.1	47
WP_029504061.1	48
WP_111460058.1	48
WP_135729914.1	48
WP_074194255.1	48
EHX11459.1	49
AFC91458.1	49
AFC91419.1	49
AAX07747.1	49
WP_032678516.1	49
WP_097177223.1	49
WP_059358481.1	49
HAX6689526.1	49
WP_116338833.1	49
WP_029739234.1	49
AAZ20761.1	50
WP_136196084.1	50
WP_136343527.1	50
WP_193140306.1	50
TNI12731.1	50
NVP03317.1	50
BAQ01999.1	51
WP_053276574.1	51
ARO72924.1	51
WP_036933329.1	51
EIL2643715.1	51
WP_094529266.1	52
WP_094562696.1	52
AAZ85713.1	53
AAM27615.1	53
WP_151185054.1	53
MCB4205435.1	53
WP_102563394.1	53
WP_146132021.1	53
WP_021577644.1	53
MBD3843238.1	53
WP_143606027.1	53
RZL44340.1	53
WP_098386379.1	53
WP_023108549.1	53
WP_098180104.1	53
WP_157896939.1	53
WP_091538784.1	53
WP_154684216.1	53
MBN2689841.1	53
WP_176478687.1	53
WP_069942140.1	53
WP_143308042.1	53
WP_168738007.1	53
OII57818.1	53
WP_133309706.1	53
WP_209872022.1	53
WP_128667415.1	53
HHV75500.1	53
WP_161774127.1	53
PLW80811.1	53
WP_039615093.1	53
WP_147403448.1	53
MBG5825211.1	53
WP_099616856.1	53
ABE55930.1	53
MBD3343557.1	53
WP_092265032.1	53
QLG11726.1	53
CAI34369.1	54
WP_080612042.1	54
WP_000915514.1	54
WP_221160437.1	54
WP_000724385.1	54
WP_125373053.1	54
WP_061852905.1	54
WP_049484907.1	54
WP_060976477.1	54
WP_084849937.1	54
WP_142559398.1	54
WP_214262767.1	54
WP_045613605.1	54
WP_223340012.1	54
WP_225750041.1	54
WP_007555917.1	54
WP_195214229.1	54
MBS4897966.1	54
WP_023027368.1	54
WP_117744806.1	54
WP_118096132.1	54
WP_201087984.1	54
WP_118227752.1	54
WP_201037431.1	54
EFQ55901.1	54
MBS5220555.1	54
RHE63007.1	54
MBS5357612.1	54
WP_049476456.1	54
WP_023946619.1	54
WP_078352566.1	54
WP_049551051.1	54
WP_003092555.1	54
WP_006146365.1	54
MBS5351213.1	54
WP_195969014.1	54
WP_084939330.1	54
WP_125457431.1	54
MBS5425265.1	54
WP_125356415.1	54
MBS5754277.1	54
WP_049496408.1	54
WP_049489803.1	54
WP_045504608.1	54
WP_008809945.1	54
WP_070535890.1	54
WP_195917966.1	54
WP_084917697.1	54
AAN64568.1	54
WP_180833768.1	54
WP_000912322.1	54
WP_002905539.1	54
WP_037600576.1	54
MBS5354564.1	54
WP_179925580.1	54
WP_067062316.1	54
WP_057490930.1	54
ADV17650.1	55
WP_070801807.1	55
WP_000610525.1	55
EBK3136946.1	55
AVP93669.1	55
BBS86511.1	55
QWD20112.1	56
WP_094565502.1	56
WP_185780244.1	56
MBT8578580.1	56
AFW04757.1	57
WP_129382394.1	57
ABY48117.1	57
WP_205895854.1	57
WP_150738126.1	57
WP_005350292.1	57
TCS35093.1	57
EIA4708806.1	57
WP_154113022.1	57
WP_153734102.1	57
WP_206369925.1	57
WP_142606155.1	57
WP_145354056.1	57
OGB50064.1	57
WP_194703382.1	57
AAY28257.1	58
WP_032204448.1	58
TNL09459.1	58
CAN87666.1	59
WP_021540612.1	59
HAS8352223.1	59
TRY04558.1	59
AFE83402.1	60
WP_001300154.1	60
WP_197385726.1	60
EDV0369716.1	60
EFU2457526.1	60
ECJ5870799.1	60
MHX33700.1	60
AFW04847.1	61
WP_116238113.1	61
WP_107302913.1	61
WP_123980218.1	62
WP_225581852.1	62
WP_131725841.1	62
WP_058146779.1	63
NFN13727.1	63
AAM27595.1	64
WP_133247576.1	64
WP_092144884.1	64
MBN0979056.1	64
WP_078834531.1	64
KPF68697.1	64
AKS05645.1	64
WP_141697266.1	64
MBT9493227.1	64
WP_123809532.1	64
WP_147266113.1	64
WP_138492611.1	64
PUB44374.1	64
MBN0058234.1	64
WP_042926927.1	64
WP_157831763.1	64
WP_221605901.1	64
WP_198754621.1	64
MCD5987016.1	64
WP_117001877.1	64
OYO31193.1	64
MBC3936346.1	64
WP_106757181.1	64
BAQ01361.1	65
CAS09721.1	65
AAR90892.1	65
WP_000983273.1	65
HAW7455953.1	65
EHG6208956.1	65
WP_111465387.1	65
WP_121540208.1	65
WP_001206792.1	65
WP_218265335.1	65
EIM7627316.1	65
ECG8592086.1	65
EAX6843836.1	65
HAU6789150.1	65
EEO4508470.1	65
VEB45882.1	65
WP_001583055.1	65
WP_160882407.1	65
BAQ00975.1	66
EFN5993533.1	66
EHO2010276.1	66
WP_063665672.1	66
EGW82555.1	66
EHS5616031.1	66
EGR3322785.1	66
WP_129541317.1	66
EEV8111732.1	66
MBY7946259.1	66
MBY8121143.1	66
WP_155271364.1	66
WP_179179341.1	67
WP_017734467.1	67
PIB57465.1	67
WP_164558392.1	67
AAN60459.1	68
EEX8529266.1	68
WP_135559430.1	68
WP_218467719.1	68
AKX46872.1	69
WP_228346254.1	69
EIL2614172.1	69
WP_154601276.1	69
WP_204900349.1	70
HJB46591.1	70
WP_195951856.1	70
MBS6007242.1	70
WP_000905563.1	71
AAO68867.1	71
AAV77445.1	71
ACF69726.1	71
CAR59582.1	71
ACH74809.1	71
CAR37642.1	71
AAL20257.1	71
EAN4376372.1	71
EHC6920882.1	71
EBY0909637.1	71
EHC5321314.1	71
WP_070146539.1	71
EBV3278232.1	71
WP_150362214.1	71
WP_079797414.1	71
WP_100662758.1	71
EBU3372668.1	71
EAA4448982.1	71
WP_094790505.1	71
EDW6542575.1	71
WP_200085389.1	71
WP_200010230.1	71
MBJ9340695.1	71
EAW0643786.1	71
HCM56898.1	71
EGT0499252.1	71
MBS1204988.1	71
WP_180862528.1	71
WP_051623239.1	71
WP_139176340.1	71
PYX48738.1	71
WP_156368601.1	71
PYX76274.1	71
MBZ5685914.1	71
WP_147647580.1	71
WP_186694933.1	71
WP_036233883.1	71
WP_012680456.1	71
WP_103933438.1	71
WP_147083299.1	71
WP_141396571.1	71
MBX9813261.1	71
WP_111406757.1	72
WP_111328293.1	72
OHY38570.1	72
WP_077551896.1	72
MBS7072799.1	72
WP_039088696.1	72
WP_196247729.1	72
MBS6669167.1	72
WP_005861887.1	73
MRZ26590.1	73
ADN43858.1	74
WP_001613357.1	74
WP_061069883.1	74
AFW04828.1	75
WP_141024855.1	75
HAU3222088.1	75
EIB9777229.1	75
WP_139759949.1	75
EIN8589252.1	75
EDZ3597582.1	75
WP_191227078.1	75
WP_191239012.1	75
WP_211887636.1	75
WP_218077903.1	75
WP_124740822.1	75
WP_006816206.1	75
WP_112040216.1	75
WP_181378456.1	75
WP_219344020.1	75
QXL75893.1	75
WP_072667302.1	75
WP_089616544.1	75
WP_134802547.1	75
HAN4380369.1	75
WP_179897472.1	75
WP_152145049.1	75
WP_171273537.1	75
BAQ00994.1	76
AFW04837.1	76
EIP1107604.1	76
WP_105375272.1	76
WP_064512184.1	76
WP_072693157.1	76
EAA2775753.1	76
WP_149012607.1	76
BAQ01716.1	77
WP_097551466.1	77
EIM6882389.1	77
WP_042093341.1	77
EFB7561420.1	77
WP_131492549.1	77
WP_023314457.1	77
WP_148384075.1	77
WP_155019343.1	77
WP_105662979.1	77
WP_105654866.1	77
WP_105665137.1	77
WP_105634683.1	77
WP_106877393.1	77
WP_130099844.1	77
WP_096387970.1	77
MBY7766022.1	77
MCD8400504.1	78
WP_101916788.1	78
ADR74237.1	79
HAW4209831.1	79
WP_161706207.1	79
EFO4710097.1	79
WP_135424165.1	79
WP_139552717.1	79
HBC1806426.1	79
WP_086467195.1	79
WP_167570229.1	79
ACD75796.1	80
EEW2106558.1	80
ACK44394.1	80
WP_102328495.1	80
EKT63117.1	80
WP_095530516.1	80
EGR2552338.1	80
KOE00630.1	80
WP_155738228.1	80
WP_102084158.1	80
WP_156351981.1	80
WP_066178553.1	80
WP_103438199.1	80
WP_010224121.1	80
WP_048399097.1	80
WP_059764114.1	80
WP_173407189.1	80
WP_115064998.1	80
AXY99492.1	80
WP_053153311.1	80
WP_096184779.1	80
WP_032863126.1	80
TXH59666.1	80
MBP6467762.1	80
WP_096997721.1	80
WP_188011381.1	80
WP_085542503.1	80
WP_176071019.1	80
WP_187726714.1	80
HAS6066705.1	80
MQJ99391.1	80
WP_049014471.1	80
WP_219695792.1	80
NUD00635.1	80
WP_137269447.1	80
WP_183932298.1	80
WP_230049752.1	80
AMY65426.1	80
WP_016164919.1	80
HAI1380258.1	80
WP_025236698.1	80
WP_087527590.1	81
HHV39745.1	81
MBP59136.1	81
OED64576.1	81
WP_167137621.1	81
WP_086482143.1	81
WP_123891121.1	81
HCL02738.1	81
WP_133004989.1	81
TCV26779.1	81
BAQ01960.1	82
WP_137586850.1	82
WP_021535079.1	82
EGM8107999.1	82
WP_214605624.1	82
WP_095427547.1	82
WP_148418225.1	82
CAI34080.1	83
CAI34348.1	83
CAI34286.1	83
CAI34310.1	83
CAI34328.1	83
CAI34519.1	83
CAI34657.1	83
WP_195567330.1	83
MBO4878554.1	83
MBR4163497.1	83
MBE6924328.1	83
WP_102189987.1	83
ENZ13517.1	83
WP_031553352.1	83
NQN92292.1	83
MBQ7344990.1	83
MBO6164910.1	83
WP_058621698.1	83
MCD7750519.1	83
MCD7835382.1	83
MBD8966718.1	83
WP_000023099.1	83
WP_006152879.1	83
WP_084947228.1	83
KXB58382.1	83
WP_131200368.1	83
WP_084953394.1	83
WP_049536766.1	83
WP_019788260.1	83
MBR3244094.1	83
WP_019782289.1	83
WP_139658940.1	83
WP_000780144.1	83
WP_059086088.1	83
ETJ08071.1	83
CAC82946.1	83
WP_018369774.1	83
WP_195956714.1	83
WP_154575993.1	83
WP_165329393.1	83
WP_125430622.1	83
WP_050255951.1	83
WP_138022376.1	83
TGY59694.1	83
WP_068811526.1	83
WP_018374869.1	83
WP_154458372.1	83
NQG19797.1	83
HBB60573.1	83
WP_179923799.1	83
WP_050147838.1	83
WP_125445940.1	83
WP_050230461.1	83
WP_158454372.1	83
WP_069152840.1	83
AAT85653.1	84
WP_205956578.1	84
WP_172912940.1	84
WP_228340356.1	84
WP_070076696.1	84
WP_064352351.1	84
WP_176019005.1	84
EIC1493874.1	84
WP_150146757.1	84
WP_187258533.1	84
EGD0584816.1	84
WP_063146256.1	84
WP_174563351.1	84
WP_181593463.1	84
WP_223604415.1	84
WP_194400639.1	84
QNY06381.1	84
WP_219343564.1	84
AIG62684.1	85
WP_208483579.1	85
WP_097498677.1	85
WP_115739493.1	85
HBL6077713.1	85
WP_218400811.1	85
WP_146197665.1	85
BAQ01114.1	86
HBB8498476.1	86
ABI98976.1	87
WP_046788607.1	87
WP_000456161.1	87
WP_045338351.1	87
WP_181666584.1	87
WP_149540368.1	87
WP_210599843.1	87
RLA64165.1	88
WP_082703869.1	88
WP_158634631.1	88
WP_084404253.1	88
WP_224490275.1	88
NTU73661.1	88
ACU06810.1	88
WP_115490943.1	88
WP_140996135.1	88
MBP7051975.1	88
AHB32386.1	89
WP_086391195.1	89
WP_223235463.1	89
CDF66396.1	90
MBX3588579.1	90
MBX3657245.1	90
MBA3056440.1	90
WP_150127708.1	90
WP_112139266.1	90
WP_025250132.1	90
WP_150584134.1	90
WP_146188513.1	90
WP_229049145.1	90
RDI12183.1	90
MCD9616540.1	90
MBQ4022431.1	90
NCB83488.1	90
WP_002561573.1	90
EIY46705.1	90
WP_074762130.1	90
WP_217740271.1	90
WP_055295008.1	90
WP_070750268.1	90
WP_171594494.1	90
WP_223708257.1	91
WP_144064363.1	91
MBD5267196.1	91
WP_193425494.1	91
TDE13139.1	91
WP_153661506.1	91
WP_089477414.1	91
WP_205096398.1	91
WP_008769894.1	91
WP_004289558.1	91
WP_147387298.1	91
ACD37072.1	92
WP_029397751.1	92
BBM62630.1	92
ADC54974.1	93
EHB3785347.1	93
EAA9290322.1	93
EBR2489397.1	93
EAA9318623.1	93
HBA4961563.1	93
WP_228987482.1	94
QIA77855.1	94
WP_105161851.1	95
WP_024074164.1	95
WP_065910421.1	95
WP_099494482.1	95
WP_093527380.1	95
AHB32563.2	96
WP_087737208.1	96
WP_032023143.1	96
WP_171339084.1	96
WP_104158433.1	96
WP_168541942.1	96
WP_180047145.1	96
AGM38753.1	96
WP_171548623.1	96
WP_145980621.1	96
WP_151790100.1	96
WP_136700095.1	96
BAN89283.1	96
AXQ23909.1	96
KZV03639.1	97
WP_063846037.1	97
KZV03548.1	97
WP_061093158.1	98
WP_154610713.1	98
WP_033611462.1	99
WP_122217996.1	99
WP_003638211.1	99
WP_016624989.1	99
WP_163627019.1	99
WP_137645712.1	99
ABG81806.1	100
BAQ02068.1	100
AJR19430.1	100
BAQ02224.1	100
ECI4074262.1	100
EEL3819512.1	100
EFH3908540.1	100
EBP3809362.1	100
WP_216977325.1	100
CAI33309.1	101
WP_070679020.1	101
WP_049484058.1	101
WP_070482381.1	101
WP_094753625.1	101
KYF37497.1	101
WP_018365373.1	101
PMC48004.1	101
WP_222328793.1	101
NQM38615.1	101
WP_050202925.1	101
WP_049510374.1	101
NQJ71275.1	101
AAY28249.1	102
WP_080394425.1	102
WP_109948669.1	102
WP_001385866.1	102
HAW7812706.1	102
HAI2099378.1	102
WP_123220785.1	102
WP_168642094.1	103
WP_076025061.1	103
WP_095994077.1	103
WP_223929978.1	103
BAQ01584.1	104
WP_222701647.1	104
WP_137588581.1	104
WP_021544497.1	104
BAQ01641.1	105
HAH9654961.1	105
WP_065168980.1	105
TNH77921.1	105
WP_065193419.1	105
CAI34269.1	106
WP_117516703.1	106
WP_012263249.1	106
HBZ53068.1	106
WP_017210832.1	106
WP_004230030.1	106
WP_173761171.1	106
WP_138276515.1	106
MCC2155351.1	106
WP_037586833.1	106
WP_003088592.1	106
WP_049500314.1	106
WP_019769333.1	106
WP_226396572.1	106
WP_074732315.1	106
WP_215633174.1	106
VMG48693.1	106
WP_111428080.1	106
WP_018167255.1	106
WP_186600830.1	106
NQJ69172.1	106
WP_146496265.1	106
WP_074482109.1	106
WP_044470582.1	106
WP_005761605.1	106
CAI34254.1	107
CAI34177.1	107
CAI34198.1	107
CAI34217.1	107
CAI34236.1	107
CAI34388.1	107
VQJ42306.1	107
EMG32612.1	107
WP_204956359.1	107
WP_078846275.1	107
WP_221762777.1	107
RKV90743.1	107
WP_224218642.1	107
QBZ14104.1	107
VIU37569.1	107
CAI34099.1	108
WP_050208692.1	108
WP_208562073.1	108
CAD19991.1	109
WP_000864940.1	109
ADT75640.1	109
AFW04706.1	109
WP_139386603.1	109
EHQ5249121.1	109
EGT0678982.1	109
WP_210904601.1	109
WP_121529241.1	109
WP_137347025.1	109
WP_174330798.1	109
WP_071685290.1	109
MBJ3591050.1	109
WP_021544702.1	109
AER84924.1	109
ECD9549392.1	109
BAQ01293.1	110
QHR93353.1	110
WP_161983860.1	110
HBD4964601.1	110
WP_130060494.1	110
WP_100779629.1	110
WP_008771742.1	111
RKU49847.1	111
MBD5177136.1	111
MBQ8100616.1	111
MBQ9705696.1	111
WP_195298801.1	111
MBQ7648858.1	111
WP_195669477.1	111
MBQ8530944.1	111
WP_168560913.1	112
WP_159874893.1	112
MBO9688664.1	112
WP_065238108.1	113
WP_039135331.1	113
WP_039166088.1	113
WP_039095432.1	113
WP_039154139.1	113
WP_039147994.1	113
WP_013745126.1	113
WP_018345806.1	113
BAQ00569.1	114
WP_136801962.1	114
WP_138154056.1	114
MHA26111.1	114
WP_213133975.1	114
NIG76477.1	114
WP_048980186.1	114
AAM27782.1	115
WP_170870631.1	115
WP_185830950.1	115
POP58674.1	115
MBN0969750.1	115
OTJ32456.1	115
WP_079385043.1	115
WP_176484350.1	115
WP_185844238.1	115
WP_219788308.1	115
OGH98424.1	116
WP_140367232.1	116
WP_209557178.1	117
OJG25249.1	117
OUN70361.1	117
WP_023388460.1	117
WP_163144063.1	117
WP_181476581.1	117
NMA85113.1	117
WP_195540292.1	117
WP_042238960.1	117
CAI34008.1	118
WP_089746442.1	118
WP_160810892.1	118
MQB97565.1	118
OKZ63218.1	118
WP_055265026.1	118
WP_041691659.1	118
WP_086355853.1	118
WP_005823552.1	118
HJD00610.1	118
NHL95152.1	118
WP_061830633.1	118
NFG65041.1	118
WP_191685109.1	118
WP_118741802.1	118
SCJ71229.1	118
OUN47551.1	118
WP_117530072.1	118
CAI33798.1	119
CAI33774.1	119
WP_025174023.1	119
WP_103697837.1	119
WP_205395997.1	119
WP_170816446.1	119
WP_214379817.1	119
WP_135517332.1	119
WP_010747882.1	119
WP_114002921.1	119
WP_204465687.1	119
KSU15282.1	119
NQP36275.1	119
WP_222636956.1	119
WP_144171247.1	119
AXA82896.1	119
HAS92070.1	119
WP_081172321.1	119
WP_148126571.1	119
WP_174720878.1	119
WP_142511397.1	119
WP_223351134.1	119
WP_111712749.1	119
WP_229411592.1	119
MCE2151712.1	119
WP_101916278.1	119
WP_036942525.1	120
WP_000262677.1	120
WP_201956850.1	120
WP_186749555.1	120
WP_196719869.1	120
WP_201997415.1	120
WP_171373101.1	120
NHB92021.1	120
WP_210852756.1	120
WP_198305536.1	120
WP_162814004.1	120
WP_202795494.1	120
MCD2528841.1	121
WP_194928626.1	121
WP_032671727.1	122
WP_110108540.1	122
WP_126542809.1	122
EHH4403770.1	122
WP_115159862.1	122
WP_200519225.1	122
BAT23399.1	122
WP_227521409.1	122
AEX15244.1	122
WP_179382563.1	122
WP_164742108.1	122
WP_219795470.1	122
WP_100111941.1	122
WP_199624467.1	122
WP_181247046.1	122
AKA20935.1	123
AKA20966.1	123
AKL88154.1	123
AAY23739.1	123
AAY23733.1	123
AAY23745.1	123
BAQ01935.1	123
BAQ02177.1	123
BAQ02105.1	123
BAQ00945.1	123
WP_000549530.1	123
EIR9201176.1	123
WP_125362640.1	123
MIR30034.1	123
EDE2632241.1	123
EDQ3381127.1	123
WP_080074299.1	123
WP_096179408.1	123
WP_181242426.1	123
BCL43580.1	123
WP_137377208.1	123
WP_063134475.1	123
GBE69150.1	123
WP_219260536.1	123
EAU0671645.1	123
ECG6090071.1	123
WP_230374903.1	123
EDW5186900.1	123
MXG78602.1	123
HBE4428035.1	123
ETC59777.1	123
WP_057647482.1	123
WP_050116911.1	123
VDZ65126.1	123
WP_107225999.1	123
WP_021567303.1	123
EBD0800919.1	123
EIP8405724.1	123
WP_021129312.1	124
MBS6023667.1	124
WP_098917295.1	124
WP_152121691.1	124
WP_066175816.1	124
KNY26834.1	124
WP_021430021.1	124
ADI43271.1	125
WP_123822875.1	125
WP_200561351.1	125
WP_071846598.1	125
WP_208724631.1	125
CZQ24278.1	125
WP_177343046.1	125
WP_077264733.1	125
WP_061350267.1	125
WP_149451547.1	125
WP_023307298.1	125
WP_163920861.1	125
WP_213222145.1	125
WP_117120953.1	125
WP_214220209.1	125
WP_064374844.1	125
BAI43724.1	125
WP_227953571.1	125
WP_099001754.1	125
WP_212714213.1	125
PXB55250.1	125
ORM92212.1	125
WP_201356719.1	125
WP_064188116.1	125
HAV2402098.1	125
WP_114272083.1	125
WP_171877873.1	125
WP_131010630.1	125
NJR03125.1	125
WP_103814538.1	125
WP_074187531.1	125
WP_194394485.1	125
ABA42232.1	126
EFB7606573.1	126
WP_187182267.1	126
BAQ00858.1	127
ACA24776.1	127
WP_195761723.1	127
RWR01198.1	127
WP_182295798.1	127
WP_047623710.1	127
WP_080470520.1	127
EFF0768368.1	127
EHB0077756.1	127
WP_045346738.1	127
EGT0666651.1	127
AHB32586.1	128
BAQ01516.1	128
WP_128111378.1	128
WP_048971144.1	128
ATF91965.1	128
EIL2489280.1	128
WP_206276346.1	128
MCE2594066.1	128
AAM27546.1	129
WP_088135624.1	129
WP_205870119.1	129
VCW38159.1	129
WP_227337655.1	129
WP_053816951.1	129
MBP0152992.1	129
WP_193377353.1	129
VTP95254.1	129
WP_228292600.1	129
WP_180217386.1	129
ACD37126.1	130
WP_226342182.1	130
WP_087900735.1	130
EFJ4442667.1	130
WP_102961581.1	130
AAK60458.1	131
HBD0591629.1	131
WP_086483276.1	131
EGW69750.1	131
VVY79035.1	131
WP_106423585.1	131
EFG6470853.1	131
EEQ1609719.1	131
WP_220394820.1	131
WP_227658377.1	131
WP_074526664.1	132
ABD19779.1	132
WP_097435281.1	132
WP_065849718.1	133
WP_035637400.1	133
RRO22751.1	133
WP_039504453.1	133
WP_184215896.1	133
WP_081985253.1	133
WP_090766624.1	133
MBO9483085.1	133
MBO9674992.1	133
WP_230782370.1	133
WP_167295611.1	133
WP_090497966.1	133
WP_090133706.1	133
ADI43263.1	134
ADC84238.1	134
EEW0749544.1	134
WP_097419337.1	134
WP_181818324.1	134
EEV9057955.1	134
ANK02212.1	134
EAB5456586.1	134
OOI26292.1	134
WP_059307571.1	134
WP_156654859.1	134
HAT2218579.1	134
WP_139102916.1	135
WP_200222840.1	135
WP_106516769.1	135
WP_204136790.1	135
WP_001572821.1	135
WP_052234704.1	135
WP_229044655.1	135
WP_048635580.1	135
WP_065519200.1	135
WP_048235053.1	136
WP_191214333.1	136
MBR0142294.1	137
WP_133302544.1	137
RKI43517.1	137
WP_210165529.1	137
MBV8502044.1	138
WP_075163506.1	138
WP_200107393.1	138
WP_195375469.1	138
OYQ31506.1	138
WP_169389635.1	138
OCJ75870.1	138
WP_169880069.1	138
WP_147347886.1	138
KXJ53070.1	138
WP_201546713.1	139
WP_149409814.1	139
ABI98966.1	140
AAV41072.1	140
HBD3828814.1	140
HAS3626539.1	140
WP_047355739.1	140
WP_196348568.1	140
WP_095467637.1	140
WP_196083558.1	140
MCE0800529.1	140
BAQ01386.1	141
EHN7415104.1	141
WP_205923602.1	141
WP_223398951.1	141
WP_154054464.1	142
CAF3141664.1	142
WP_014170803.1	142
NMW30302.1	142
WP_072663213.1	142
AHB32666.1	143
AHB32888.2	143
WP_191016112.1	143
WP_032067856.1	143
WP_151741735.1	143
WP_205667377.1	143
WP_221255378.1	143
WP_138155551.1	143
WP_212899018.1	143
WP_202040477.1	143
WP_042009273.1	143
WP_151795245.1	143
WP_002674248.1	143
WP_104504119.1	143
WP_015781963.1	143
PAR82598.1	143
WP_098714362.1	143
WP_202733462.1	143
ALU43240.1	143
WP_065709043.1	143
WP_095909418.1	143
WP_212259750.1	143
WP_018122467.1	143
WP_086267389.1	143
WP_000064509.1	144
WP_127799779.1	144
SIQ31776.1	145
WP_188420490.1	145
MBB6024997.1	145
WP_152438586.1	146
WP_146003466.1	146
HAM3531248.1	146
WP_157819435.1	146
WP_228367333.1	146
WP_017085931.1	146
AHB32283.1	147
WP_131325943.1	147
WP_114172788.1	147
WP_140964847.1	147
WP_171255263.1	147
WP_098534103.1	148
WP_070168196.1	148
WP_016122914.1	148
PYV96061.1	148
WP_135022944.1	148
WP_059141330.1	148
WP_014093892.1	148
WP_036060503.1	148
WP_230158814.1	148
WP_098370257.1	148
WP_185376037.1	148
WP_148358396.1	148
WP_101223914.1	148
WP_045483206.1	148
WP_185388529.1	148
WP_185384999.1	148
WP_185553640.1	148
WP_185487067.1	148
WP_185533829.1	148
WP_187134805.1	148
WP_061142032.1	148
WP_185645994.1	148
WP_057914183.1	148
WP_147257936.1	148
WP_145058739.1	148
WP_206248244.1	148
WP_168974603.1	148
WP_013627958.1	148
WP_043067592.1	148
WP_140139416.1	148
EIO9264180.1	148
SCZ85245.1	148
WP_016117231.1	148
AAA97573.1	149
AAC45857.1	149
AAM27728.1	149
AAM27801.1	149
AAM27662.1	149
AAM27693.1	149
AAM27748.1	149
WP_003124381.1	149
WP_023125575.1	149
WP_073649884.1	149
WP_193378653.1	149
WP_139146841.1	149
MBG5544267.1	149
QRI84586.1	149
WP_155950766.1	149
WP_220632393.1	149
WP_188036525.1	149
WP_177328444.1	149
WP_166674225.1	149
WP_155417157.1	149
WP_109751405.1	149
WP_177431709.1	149
WP_192259538.1	149
WP_092167542.1	149
WP_153387843.1	149
WP_141218031.1	149
WP_144244127.1	149
WP_182527562.1	150
WP_185338655.1	150
KMT62313.1	150
ABX51880.1	151
WP_105540084.1	151
WP_085662049.1	151
WP_097630366.1	151
WP_200436517.1	151
WP_175568833.1	151
WP_125913293.1	151
EJL89599.1	151
KZP55798.1	151
WP_128601560.1	151
AHB32490.1	152
MBK5975630.1	152
WP_020442907.1	152
WP_212279849.1	152
WP_005277833.1	152
OSY54940.1	152
WP_124794099.1	152
WP_171545848.1	152
WP_154321199.1	152
WP_140963561.1	152
CAB63298.1	153
AKA20948.1	153
ACV52983.1	153
ACV53000.1	153
WP_011906375.1	153
WP_050103368.1	153
WP_145916318.1	153
QES97472.1	153
MBD2824371.1	153
WP_050323507.1	154
WP_005167735.1	154
PSV32328.1	154
WP_050162429.1	154
AAC60768.1	154
TNH45198.1	154
WP_011148880.1	154
AIG62747.1	155
WP_001054703.1	155
CUU84991.1	156
WP_155589510.1	156
QKF54905.1	156
WP_104066551.1	156
ALV23640.1	156
AII13902.1	156
ABF01010.1	157
ACK44379.1	157
MBC0058692.1	157
WP_126324382.1	157
WP_214222661.1	157
WP_175895766.1	157
SAK39322.1	157
ACD37157.1	158
BAQ01494.1	158
AFS33314.1	158
WP_181317943.1	158
SPW30950.1	158
WP_180562595.1	158
WP_077249319.1	158
WP_149012917.1	158
WP_177711736.1	158
HAG9978478.1	158
AXZ00060.1	158
WP_068908271.1	158
BAQ01266.1	159
WP_053880137.1	159
WP_097569465.1	159
WP_191228508.1	159
WP_004089593.1	159
WP_131020948.1	159
CAI33441.1	160
EJP22782.1	160
WP_033583824.1	160
WP_125449551.1	160
WP_148887602.1	160
WP_101148993.1	161
WP_146194332.1	161
WP_204583976.1	162
HJG29920.1	162
WP_161170825.1	162
WP_165249046.1	162
HJA00764.1	162
WP_204564525.1	162
WP_118065286.1	162
CAI33412.1	163
CAI33343.1	163
VQD68897.1	163
VSN79485.1	163
WP_207737042.1	163
MBE6760335.1	163
RGT09300.1	163
WP_163052333.1	163
HJG68077.1	163
CAA43077.1	164
AAB48190.1	164
WP_000231472.1	164
AGS07316.1	164
AGS07327.1	164
AGS07363.1	164
WP_223174847.1	164
WP_076726825.1	164
ECH7947813.1	164
WP_227242032.1	164
WP_228411883.1	164
HAK8510513.1	164
HAU3141777.1	164
ECC1743287.1	164
WP_075262185.1	164
WP_045444631.1	164
WP_166734601.1	164
QBL48669.1	164
WP_213811244.1	164
HAT1682863.1	164
WP_130983489.1	164
AQU71717.1	165
AQU71739.1	165
AFW04812.1	165
WP_075370738.1	165
WP_105268643.1	165
HBA7193507.1	165
EAU0023031.1	165
EAU0255189.1	165
EHN5991182.1	165
EDQ7406279.1	165
HAE7082557.1	165
EDT6776112.1	165
WP_196350619.1	165
MBO5526073.1	166
MBQ9104221.1	166
MBR5583058.1	166
MBQ9859806.1	166
WP_098260408.1	166
MBS4884441.1	166
WP_118377932.1	166
WP_009607612.1	166
MBO5870648.1	166
HBK61394.1	166
WP_204793818.1	166
MBQ8664139.1	166
CUN32608.1	166
TYL61085.1	166
MBE6622771.1	166
MBP3371357.1	166
WP_154540626.1	166
MBO5213256.1	166
WP_204564990.1	166
WP_214253603.1	166
MBQ4128548.1	166
MBE6727640.1	166
WP_138303057.1	166
MBR2715058.1	166
WP_212332335.1	166
MBE7064719.1	166
WP_118411665.1	166
EGG80934.1	166
MBQ3547841.1	166
WP_201309798.1	166
AZY91880.1	166
MBQ8001190.1	166
WP_216527426.1	166
WP_021727157.1	166
MBS6643952.1	166
QBS00041.1	166
WP_180480937.1	166
MBQ8598948.1	166
MBR3908274.1	166
MBE6737636.1	166
CVI67365.1	166
WP_195639974.1	166
WP_136002025.1	166
HIV43449.1	166
OUN70038.1	166
MBG8099537.1	166
WP_036203258.1	166
MBQ3257696.1	166
WP_144555424.1	166
TGY66071.1	166
WP_168965011.1	166
MBP3696522.1	166
MBR7132414.1	166
CAA43912.1	167
WP_001529369.1	167
WP_000936592.1	167
WP_000936591.1	167
ACF64132.1	167
WP_000936589.1	167
EWG75760.1	167
MCE1396626.1	167
WP_140040476.1	167
EAM8977424.1	167
EAA5205584.1	167
WP_076737178.1	167
ECX0430518.1	167
EHR4278856.1	167
WP_119504162.1	167
ECG8607587.1	167
CNU37074.1	167
WP_225761310.1	167
WP_051644042.1	167
WP_048795032.1	168
WP_060559799.1	168
MBH3199296.1	168
WP_147823909.1	168
WP_049209034.1	168
MBI6142379.1	168
WP_130018758.1	168
MBH2696970.1	168
WP_219227672.1	168
QHI78680.1	168
WP_047730499.1	168
WP_197652658.1	168
WP_180547339.1	168
WP_218217203.1	168
WP_154746369.1	168
WP_110593944.1	168
WP_074053963.1	168
WP_103798445.1	168
WP_060437802.1	168
WP_061794630.1	168
WP_060438558.1	168
WP_060443110.1	168
WP_123895227.1	168
CAI33207.1	169
CAI33128.1	169
CAI33149.1	169
CAI33169.1	169
CAI33188.1	169
WP_050076590.1	169
WP_044812585.1	169
WP_061370541.1	169
WP_229272675.1	170
WP_049517278.1	170
WP_143445838.1	170
WP_144354651.1	170
ENZ13516.1	170
WP_173739328.1	170
QNQ80524.1	170
WP_196091287.1	170
WP_170088229.1	170
WP_094498457.1	170
WP_097550570.1	170
RHU21494.1	170
BAQ01675.1	171
WP_038420104.1	171
WP_159082270.1	171
WP_176140441.1	171
OXU41230.1	171
WP_021823835.1	171
WP_221716884.1	171
WP_112032556.1	171
WP_021555519.1	171
WP_086528087.1	171
WP_126815147.1	171
WP_103674172.1	171
WP_103677068.1	171
WP_121528001.1	171
BAQ01894.1	172
WP_112027026.1	172
EHT4047731.1	172
WP_137646360.1	172
WP_070715588.1	172
ANF30189.1	172
MBQ7345427.1	173
MBQ2244731.1	173
MBQ2244732.1	173
CAI33941.1	174
CAI33890.1	174
CAI33915.1	174
WP_050263147.1	174
WP_169447179.1	174
ACH97132.1	175
ACH97143.1	175
ABE98413.1	175
HBE4853105.1	175
WP_096912745.1	175
WP_073993639.1	176
MBS5122315.1	176
HIZ72759.1	176
WP_036810015.1	176
RNM31026.1	176
OUN36338.1	176
AFW04716.1	177
EDV9741632.1	177
WP_042307490.1	177
EAW5735634.1	177
HAM8904139.1	177
WP_061140150.1	177
EFH6986334.1	177
BAQ00830.1	178
QMM74995.1	178
WP_171021444.1	178
EGG1128596.1	178
ACD37086.1	179
ACD37078.1	179
MQJ27365.1	179
EFO3524659.1	179
EEY9296501.1	179
HAH2637296.1	179
BAQ01793.1	180
EIE2975626.1	180
HAI8688269.1	180
WP_157830561.1	180
HIC87607.1	181
MBC7122699.1	181
WP_022670500.1	181
KUK23962.1	181
WP_072533679.1	182
WP_214334606.1	182
WP_168786128.1	182
ACD37165.1	183
ACD37173.1	183
ACD37181.1	183
BAQ02259.1	183
WP_004016722.1	183
EFY5912725.1	183
WP_128568408.1	183
WP_119169437.1	183
WP_094169909.1	183
EGK22062.1	183
SQU10570.1	183
WP_130221809.1	183
WP_176251481.1	183
WP_075180897.1	183
WP_203358138.1	183
WP_052246191.1	183
WP_064559454.1	183
EIQ0040716.1	183
QLK60821.1	183
WP_223533126.1	184
EFK3198149.1	184
WP_123639693.1	184
WP_080847751.1	184
WP_228864614.1	184
CAI33652.1	185
CAI33675.1	185
WP_044813608.1	185
WP_223140549.1	185
WP_000828637.1	185
WP_045501331.1	185
WP_037605573.1	185
WP_014714045.1	185
WP_155199096.1	185
WP_014204040.1	186
WP_146509796.1	186
WP_213972609.1	186
WP_155586697.1	186
NRB14949.1	186
WP_007394447.1	186
WP_006993192.1	186
WP_172892938.1	186
WP_064561267.1	186
WP_045402521.1	186
ACD37138.1	187
ACD37146.1	187
ACD37105.1	187
HBD1562532.1	187
WP_152062103.1	187
WP_023308088.1	187
WP_096972367.1	187
WP_001010142.1	187
WP_225586566.1	187
WP_213314192.1	187
WP_226311469.1	187
CAI33718.1	188
WP_115253476.1	188
MBP5842394.1	188
WP_105766194.1	188
RXI21056.1	188
PIO80417.1	188
PEG75341.1	188
WP_076632559.1	188
WP_195753379.1	188
CAI33610.1	189
CAI33537.1	189
CAI33561.1	189
CAI33585.1	189
WP_050260163.1	189
VQM63531.1	189
QCO91949.1	189
WP_054446405.1	189
VOG14504.1	189
WP_075231287.1	189
WP_033680701.1	189
MBQ9778187.1	190
MBQ8357753.1	190
WP_176494806.1	191
WP_141327097.1	191
MBQ1182921.1	192
WP_195993807.1	192
CAI33817.1	193
WP_001222819.1	193
WP_115255088.1	193
MBR7000834.1	193
WP_174178474.1	193
WP_142039453.1	193
WP_146072924.1	193
WP_132008325.1	193
MCD5341119.1	193
WP_223253045.1	193
WP_071303441.1	193
WP_123955526.1	193
WP_230341227.1	193
WP_156162334.1	193
MBN9216259.1	193
MBI2566708.1	193
WP_199978320.1	194
WP_180159094.1	194
WP_156190425.1	194
WP_017817115.1	194
BAQ01419.1	195
HAX3427212.1	195
EFG5907368.1	195
WP_024223683.1	195
BAQ01917.1	196
WP_164530251.1	196
WP_033555298.1	196
WP_157713386.1	196
WP_042096529.1	196
WP_224050662.1	196
BAQ00812.1	197
WP_053888916.1	197
WP_214941164.1	198
WP_006330778.1	198
RWK37343.1	198
ACV67289.1	199
AFW04785.1	199
WP_191152438.1	199
WP_014605463.1	199
WP_063880154.1	199
HAX5088878.1	199
WP_137529147.1	199
WP_054687551.1	199
WP_038395439.1	199
AAM27766.1	200
AAM27645.1	200
HHI93670.1	200
MBG3931340.1	200
WP_014833930.1	200
WP_049301452.1	200
WP_222829171.1	200
WP_033945314.1	200
WP_126859228.1	200
WP_121353285.1	200
WP_058179072.1	200
WP_058355143.1	200
WP_206627472.1	200
ABZ79721.1	201
ABB65530.1	201
WP_000881830.1	201
HAW7655927.1	201
WP_218070497.1	201
MBT1803244.1	201
WP_187799348.1	201
WP_040474561.1	202
WP_114477655.1	202
MAD76560.1	202
WP_057665170.1	202
MBI4915338.1	202
WP_084227654.1	202
HCT41976.1	202
WP_139459897.1	203
WP_182322953.1	203
WP_130909445.1	203
EFP96987.1	203
WP_042728068.1	203
WP_150742539.1	203
WP_207281354.1	203
WP_095471692.1	203
WP_059182378.1	203
WP_198823161.1	203
AHB32334.1	204
WP_017897834.1	204
WP_151816168.1	204
WP_180138626.1	204
WP_180139496.1	204
WP_180116289.1	204
BAQ01238.1	205
OEF43733.1	205
WP_179785008.1	205
EFC2101193.1	205
WP_107236766.1	205
WP_193001662.1	205
NVO98935.1	205
WP_158135141.1	205
WP_138261381.1	205
WP_161470509.1	205
BAQ02048.1	206
EHO2937437.1	206
WP_186185342.1	206
WP_210850495.1	206
WP_048505867.1	207
WP_129042014.1	207
WP_013213301.1	208
WP_075465789.1	208
MBN6211866.1	208
CUV14244.1	208
AGH83224.1	208
WP_078222586.1	208
WP_021892972.1	209
OUO92925.1	209
WP_154434277.1	210
WP_196335894.1	210
WP_143249280.1	210
ABX51892.1	211
WP_088274672.1	211
MBW3808975.1	211
KAB0859124.1	211
NDK08604.1	211
WP_152298626.1	211
WP_139143260.1	211
WP_080753254.1	211
WP_081344432.1	211
HEW45958.1	211
WP_089526641.1	211
WP_230350754.1	211
NLZ75496.1	211
EHN8713309.1	211
PTB99332.1	211
WP_152914416.1	211
WP_059222103.1	211
WP_138098265.1	211
WP_113857216.1	211
WP_162436125.1	212
WP_019692967.1	212
WP_146383734.1	212
WP_132844173.1	213
RQP17528.1	213
WP_157812206.1	213
WP_145661020.1	213
WP_143072932.1	213
WP_182121285.1	213
AHB32510.1	214
QKU20273.1	214
WP_031952045.1	214
WP_227555595.1	214
ACA24901.1	215
WP_227660009.1	215
WP_047620789.1	215
WP_116843469.1	216
WP_014215683.1	216
WP_056967375.1	216
WP_205016522.1	216
MBQ8083630.1	216
ADJ19203.1	217
EAC1391332.1	217
ADC54967.1	218
AFW04820.1	218
WP_166824133.1	218
WP_198813363.1	218
MBA3143697.1	218
WP_179226027.1	218
MBA3113756.1	218
ECZ7900187.1	218
ECG8041865.1	218
HAF2604735.1	218
EBL4292099.1	218
EBO9556473.1	218
EBA8957897.1	218
EGX6618175.1	218
WP_048827300.1	218
WP_001515519.1	218
WP_019958306.1	219
WP_214095596.1	219
WP_159363741.1	219
WP_130075387.1	219
WP_079393286.1	219
WP_125272136.1	219
QBM04763.1	219
EII3265690.1	219
WP_023273596.1	219
MCD7790140.1	220
MCD8005046.1	220
BAQ01533.1	221
WP_045062635.1	221
WP_079402046.1	221
WP_211829151.1	221
WP_049203096.1	221
WP_146152133.1	221
OBU38227.1	221
WP_087852095.1	221
WP_036795719.1	221
WP_146154816.1	221
WP_158642110.1	221
WP_208852792.1	221
ACA24764.1	222
ACA24754.1	222
EFW8729468.1	222
PHU85953.1	222
MBE4101482.1	222
WP_157052984.1	222
WP_138555850.1	222
OYQ72531.1	222
PQQ42963.1	222
WP_220068480.1	222
WP_144213716.1	222
WP_172767510.1	222
SJN37294.1	222
WP_159298356.1	222
WP_129038915.1	222
WP_171831100.1	222
MBR1692689.1	223
MBO6015484.1	223
MBR6315845.1	223
MBR4760823.1	223
AFW04860.1	224
EHJ4093881.1	224
EFE7002969.1	224
WP_079793774.1	224
HAU3265253.1	224
WP_176134468.1	225
WP_166735579.1	225
WP_080173391.1	225
WP_006082368.1	225
WP_045038326.1	225
AHB32774.1	226
AHB32438.2	226
WP_202746102.1	226
WP_109123338.1	226
WP_098721664.1	226
WP_032037098.1	226
WP_064792751.1	226
WP_228704202.1	226
MWQ21883.1	226
ATW46629.1	226
ACL31748.1	226
WP_003272411.1	227
WP_149214727.1	227
WP_050844742.1	227
WP_113936212.1	227
BAQ00746.1	228
AFW04888.1	228
WP_167820090.1	228
WP_208462997.1	228
WP_048232314.1	228
WP_049281935.1	228
WP_032317884.1	228
HAU3120060.1	228
WP_076166215.1	228
EGC5066056.1	228
ADQ37335.1	229
ADQ37322.1	229
AFW04867.1	229
EEW3194231.1	229
EBQ8563659.1	229
EAR2001077.1	229
OZU30810.1	229
EBF8309604.1	229
EAP0955437.1	229
HAX8449907.1	229
EFI8995880.1	229
WP_001380547.1	229
APZ56502.1	229
WP_116853328.1	230
EOR94024.1	230
CAI32889.1	231
CAI32910.1	231
CAI34454.1	231
VOQ41123.1	231
WP_196967045.1	231
ACD37014.1	232
ACD37006.1	232
WP_226860973.1	232
WP_162627179.1	232
WP_032171518.1	232
WP_226149070.1	232
WP_032203195.1	232
WP_181199122.1	232
ADB02825.1	233
WP_021569439.1	233
RJX72377.1	233
WP_214759418.1	233
MBO9518972.1	233
WP_122355050.1	233
WP_009641072.1	233
EEK14425.1	233
WP_178957998.1	233
ADC54950.1	234
BAQ00669.1	234
BAQ01732.1	234
BAQ00687.1	234
WP_214095740.1	234
WP_115223414.1	234
ORS46201.1	234
ARD51912.1	234
ECC1659034.1	234
MBB9430278.1	234
EHI1103351.1	234
WP_077227879.1	234
HBB8469940.1	234
HAW0456399.1	234
WP_125274477.1	234
WP_195728452.1	234
WP_222112393.1	234
WP_163169866.1	234
WP_180040407.1	234
MBQ6680728.1	235
MBO5613413.1	235
MBO7051996.1	235
MBO6190941.1	235
CAI33983.1	236
CAI33966.2	236
CAI34407.1	236
WP_050220594.1	236
VRV52792.1	236
MBS6818805.1	236
WP_118359558.1	236
AGS58343.1	236
WP_105118341.1	236
WP_169361581.1	236
WP_006584612.1	237
MBS5832824.1	237
AAD44158.1	238
BAH24292.1	238
WP_001230642.1	238
WP_222662853.1	238
WP_061279311.1	238
WP_219142352.1	238
SFS11554.1	239
WP_036166674.1	239
WP_166208076.1	239
WP_156642685.1	239
WP_188013886.1	240
OYQ83697.1	240
WP_097495653.1	241
MBI1473882.1	241
WP_202773378.1	241
WP_182268984.1	241
WP_090411608.1	242
WP_118132184.1	242
RHE56199.1	242
RHE20872.1	243
WP_057329600.1	243
WP_000482333.1	244
BAG11898.1	244
AAV34523.1	244
EBQ4855951.1	244
WP_051124289.1	244
EAN8469837.1	244
WP_187258758.1	244
WP_209303710.1	244
WP_053897571.1	244
WP_001592235.1	244
WP_071698212.1	244
WP_121301468.1	244
WP_026972285.1	245
EID7696663.1	245
WP_161749690.1	245
WP_199453633.1	245
BAQ00705.1	246
WP_048999128.1	246
WP_045629819.1	246
WP_049008294.1	246
WP_200442891.1	246
WP_094337554.1	246
WP_106902180.1	246
EFE7997203.1	246
WP_151532579.1	246
AHB32832.1	247
WP_017400312.1	247
WP_081408856.1	247
WP_119064478.1	247
RSO81665.1	247
MBR9936570.1	248
WP_118695103.1	248
WP_009202932.1	248
SCH91763.1	248
WP_118471169.1	248
WP_130182075.1	248
MBS5141809.1	248
CDD62754.1	248
MBR0411941.1	248
HIZ11459.1	248
MBR2133967.1	248
WP_173866641.1	248
WP_108774893.1	248
OFY38856.1	249
MBL7889152.1	249
MCB9335174.1	249
MCB9173424.1	249
MBI4931504.1	249
BAQ02116.1	250
EFH7018751.1	250
WP_097169155.1	250
WP_169722499.1	250
WP_032286834.1	250
WP_080271874.1	250
EMZ45625.1	250
WP_025789377.1	251
WP_137222139.1	251
WP_102467423.1	251
KTF15231.1	251
WP_080760111.1	251
WP_176372556.1	251
HAS6984939.1	251
WP_228076309.1	251
EHK9547916.1	251
CAI34057.2	252
CAI34032.1	252
WP_138005626.1	252
WP_060956154.1	252
WP_149556404.1	252
BAQ02031.1	253
AFW04696.1	253
WP_097727540.1	253
WP_059277566.1	253
ECJ5920515.1	253
WP_031605499.1	253
WP_166862897.1	253
WP_135321404.1	253
WP_149616341.1	253
ADC54957.1	254
WP_109862426.1	254
WP_097336108.1	254
PST96423.1	254
WP_107191832.1	254
MCD9508247.1	254
SKC32433.1	254
MCD9464198.1	254
WP_170073309.1	254
WP_191238328.1	254
ACD37026.1	255
EGD8570544.1	255
WP_110870355.1	255
WP_181669008.1	255
WP_047661403.1	255
WP_096933632.1	255
WP_205066171.1	255
WP_123334932.1	255
WP_050871167.1	255
WP_119938544.1	255
MIA78463.1	255
MBD2800385.1	255
WP_105059667.1	255
AAO37701.1	256
WP_024244058.1	256
WP_128612299.1	256
WP_200923010.1	256
EGT0664115.1	256
EIR7705472.1	256
HBA6329355.1	256
WP_059276126.1	256
EIG6690569.1	256
AFV46136.1	257
WP_207967755.1	257
HBC9557793.1	257
WP_038197792.1	257
WP_071842993.1	257
WP_033569310.1	258
WP_022632779.1	258
WP_226054114.1	258
WP_038660615.1	258
WP_100849180.1	258
WP_143839001.1	258
SWW34776.1	258
WP_035566834.1	258
WP_153245114.1	258
WP_148675691.1	258
WP_144815024.1	258
WP_227469884.1	258
WP_168364095.1	258
WP_228671254.1	258
EHS95555.1	258
WP_139379532.1	258
WP_203559539.1	258
OVU66633.1	258
WP_171356107.1	258
WP_116953703.1	258
WP_135720880.1	258
VGG26398.1	258
SSI60540.1	258
WP_113604411.1	259
WP_142614491.1	259
AHG15281.1	260
AFD18613.1	260
AAX58762.1	260
AFW04668.1	260
WP_025380453.1	260
GEF03964.1	260
WP_079771874.1	260
WP_171923276.1	260
WP_020844666.1	260
EHL3469409.1	260
ECF5995172.1	260
EAB9443803.1	260
WP_079829148.1	260
AKH63228.1	260
WP_170079437.1	261
WP_151856152.1	261
WP_148816240.1	262
WP_139214634.1	262
WP_134695102.1	262
WP_080983030.1	263
WP_084925341.1	263
WP_125370847.1	263
ADI77033.1	264
EFE8383865.1	264
AXL04919.1	264
EAZ5150397.1	264
ADN43883.1	265
EFF8873380.1	265
CBN82200.1	266
HBJ0157483.1	266
WP_200054484.1	266
WP_086529370.1	266
WP_063408423.1	266
WP_106421597.1	266
WP_220491378.1	266
WP_156265155.1	266
WP_099296807.1	266
WP_182271963.1	266
WP_218737106.1	266
WP_144244972.1	266
NMM06712.1	266
WP_012435032.1	266
WP_109623580.1	267
WP_212892137.1	267
BAQ02088.1	268
WP_021499272.1	268
WP_130985655.1	268
AHB32242.2	269
WP_228138528.1	269
ACA24739.1	270
AAL27327.1	270
EES5058616.1	270
WP_107135449.1	270
WP_047027453.1	270
WP_063412373.1	270
AXU94489.1	270
WP_099031863.1	270
CCY67311.1	271
HIW86540.1	271
MCD7740825.1	271
WP_175324524.1	272
ROT20295.1	272
MCD7924712.1	272
ROS81167.1	272
WP_195443791.1	272
HBP43577.1	272
WP_218485180.1	272
ABK27355.1	273
ABK27354.1	273
ABK27351.1	273
BAI31288.1	273
ABK27350.1	273
ABK27321.1	273
ABK27352.1	273
QGR65453.1	273
WP_205541739.1	273
WP_125317471.1	273
EFB6638220.1	273
EFF3871970.1	273
WP_096948745.1	273
EHE1481246.1	273
WP_089575585.1	273
WP_048888089.1	273
WP_114314523.1	273
WP_080225232.1	273
WP_049604535.1	273
WP_130954016.1	273
WP_021088748.1	274
WP_021083782.1	274
WP_128739709.1	275
WP_021742706.1	275
WP_072557861.1	275
AAK64372.1	276
WP_087661176.1	276
EGR73751.1	276
WP_213786579.1	276
WP_148790641.1	276
WP_130975594.1	276
HAZ0555840.1	276
WP_124591027.1	276
AHB32311.1	277
WP_180064661.1	277
WP_009584320.1	277
WP_079547944.1	277
WP_106466208.1	277
QNX08747.1	277
WP_123015143.1	278
WP_192542788.1	278
WP_158173603.1	278
WP_219253375.1	278
WP_016238111.1	279
WP_186413210.1	279
WP_158678134.1	280
WP_008483784.1	280
WP_020911729.1	280
MBN8563402.1	281
NJN08025.1	281
ACA24882.1	282
ACA24868.1	282
WP_032214189.1	282
SAZ41822.1	282
WP_172616455.1	282
EUL60917.1	282
RTX96013.1	282
BBV65275.1	282
WP_148361789.1	282
WP_200142040.1	282
WP_225758459.1	282
HAW3394744.1	282
WP_225480721.1	282
WP_158652662.1	283
MBM4958079.1	283
TXN15033.1	283
WP_213915874.1	283
OQQ00376.1	283
TOE10518.1	283
EGR0199566.1	283
RGZ73213.1	284
MCB7109739.1	284
MCC2748525.1	284
NSI31995.1	284
MBF1122405.1	285
WP_157274575.1	285
MBF1107716.1	285
RGT57934.1	285
WP_162141233.1	285
BAQ02015.1	286
EHO3058610.1	286
HBE5020990.1	286
WP_149010799.1	286
WP_124965817.1	286
WP_152996897.1	286
BAQ01563.1	287
WP_155031454.1	287
HAZ4812282.1	287
WP_160890430.1	287
EFI6978175.1	287
MBE4990227.1	287
WP_191932879.1	287
WP_181879881.1	287
ACA24821.1	288
ADN43894.1	288
ACA24811.1	288
WP_094762235.1	288
WP_218427038.1	288
WP_174562340.1	288
WP_034169332.1	288
WP_072040269.1	288
WP_166713992.1	288
HAT8026753.1	288
WP_108569543.1	288
WP_178377844.1	289
WP_137697374.1	289
BAQ00653.1	290
HAT7486851.1	290
WP_000639866.1	290
WP_202761074.1	290
WP_039255137.1	291
WP_196256121.1	291
WP_158313034.1	291
WP_033917743.1	291
WP_004758616.1	291
MBQ8230756.1	292
MBQ1516396.1	292
MBO5478794.1	292
RWU06912.1	293
HCM85212.1	293
MBQ5320864.1	293
MBD5134490.1	293
WP_071388313.1	293
WP_182794892.1	294
WP_139336483.1	294
WP_117981531.1	294
WP_148514706.1	294
WP_218049815.1	294
ADC54929.1	295
WP_123907704.1	295
WP_042054573.1	295
WP_162648787.1	295
AAL27351.1	296
WP_115438839.1	296
WP_152599732.1	297
WP_222824302.1	297
WP_054527910.1	297
WP_207791106.1	297
NJC34174.1	297
CAI33515.1	298
CAI33491.1	298
WP_101025560.1	298
WP_195376113.1	298
WP_094661747.1	298
WP_171019084.1	298
WP_194250493.1	298
OYL07744.1	298
VIQ20135.1	298
WP_118168890.1	298
MBQ8541043.1	298
WP_161234366.1	298
MCE2282231.1	298
WP_009854069.1	298
QCO71451.1	298
WP_074559849.1	298
WP_143248660.1	298
ACD37117.1	299
ACD37111.1	299
WP_218338333.1	299
HAW1994079.1	299
EFV8085154.1	299
HAU6416125.1	299
WP_201889389.1	299
WP_225284810.1	300
WP_230607872.1	300
WP_074165021.1	300
WP_072255639.1	300
WP_072057113.1	300
WP_048952746.1	301
WP_075875658.1	301
VEG71536.1	301
CAI34150.1	302
CAI34124.1	302
WP_050218449.1	302
MBQ9029074.1	302
MCD8221086.1	302
MBQ8987322.1	302
MBQ9027335.1	302
WP_104764330.1	302
WP_213178343.1	302
WP_073226029.1	302
WP_137637837.1	302
AAD50486.1	303
WP_080320291.1	303
HBD1043472.1	303
EFI3321327.1	303
MCA7381528.1	303
WP_072059006.1	303
WP_074868893.1	304
WP_154609007.1	304
WP_009557613.1	304
WP_008461889.1	304
AHB32357.1	305
WP_001244596.1	305
WP_069370612.1	305
WP_159885601.1	305
NMR26814.1	305
WP_147822850.1	305
WP_087487468.1	306
WP_225181253.1	306
AAT77177.1	307
WP_004801797.1	307
WP_201707009.1	307
WP_053007635.1	307
WP_162774178.1	307
MBR0503468.1	308
MBO5829877.1	308
MBE6329432.1	308
MBR6660043.1	308
WP_039010364.1	309
WP_021196769.1	309
WP_092290607.1	309
WP_048935126.1	309
WP_029307264.1	309
CAI34680.1	310
RGU12600.1	310
WP_135469703.1	310
WP_214263175.1	310
WP_050237661.1	310
KIO46693.1	311
HAQ1898916.1	311
WP_098381805.1	311
MBP5430552.1	311
MBR1965345.1	311
CDC06857.1	311
WP_173102373.1	311
MBR4585448.1	311
BAQ01218.1	312
WP_126525114.1	312
WP_137549518.1	312
EEW9015671.1	312
WP_200034518.1	312
WP_125339946.1	312
WP_167605960.1	312
WP_196358828.1	313
WP_129318739.1	313
MCE1481506.1	313
WP_138223038.1	313
HAW0292322.1	313
WP_174246323.1	313
EFC4489459.1	313
EHW0641410.1	313
BAQ01878.1	314
WP_102329591.1	314
WP_033560997.1	314
CAI32973.1	315
CAI32993.1	315
CAI33011.1	315
CAI33029.1	315
WP_032495937.1	315
QCO92056.1	315
KXT82432.1	315
WP_125398588.1	315
CZE39046.1	315
NQM30475.1	315
APZ79098.1	315
WP_024414175.1	315
WP_018372881.1	315
WP_066125534.1	315
MBQ9201475.1	316
MBQ7163665.1	316
MBN2765841.1	316
MBP8982150.1	316
MBO5708098.1	317
MBE6235439.1	317
MBR5810519.1	317
MBR1957044.1	317
ABB29906.1	318
ABB29916.1	318
WP_045499807.1	318
AXL96526.1	318
WP_047480362.1	318
WP_112021345.1	318
EFJ5530702.1	318
WP_155515378.1	319
WP_065541425.1	319
WP_148392782.1	319
WP_217534216.1	320
OCH61298.1	320
WP_199867674.1	320
EHR0246941.1	320
HBC3918621.1	320
WP_000499529.1	321
WP_060561577.1	321
WP_172893723.1	321
WP_136392103.1	322
WP_025238788.1	322
WP_094193170.1	322
ACA24803.1	323
ACA24792.1	323
MCE1439271.1	323
WP_214623736.1	323
WP_129995412.1	323
MQK37483.1	323
WP_157921850.1	323
EGQ4820835.1	323
WP_072203073.1	323
EFI4006016.1	323
WP_157700013.1	323
CAI34498.1	324
CAI34475.1	324
WP_219589636.1	324
ADN43838.1	325
EFK4032291.1	325
EFL5808813.1	325
WP_072277377.1	325
ADJ19217.1	326
WP_159135012.1	326
EES1794500.1	326
WP_196208739.1	326
WP_107250860.1	326
WP_136979491.1	326
WP_005489668.1	327
WP_101115618.1	327
WP_107289800.1	327
CAI33324.1	328
CAI33366.1	328
CAI33389.1	328
WP_061748111.1	328
WP_069289376.1	328
WP_054391329.1	328
WP_155442727.1	328
BAQ01860.1	329
BAL03056.1	329
AAL27339.1	329
AIG62720.1	329
KGM82069.1	329
WP_109554721.1	329
WP_118572645.1	330
WP_227189687.1	330
MBS6517363.1	330
WP_173737061.1	330
MBD9336357.1	330
NLK65088.1	330
MBS5937915.1	330
CAI33105.1	331
CAI33048.1	331
CAI34733.1	331
CAI33084.1	331
CAI34436.1	331
WP_050311826.1	331
CIV98579.1	331
WP_050119686.1	331
WP_125839089.1	331
WP_061415461.1	331
EJG84104.1	331
WP_080981092.1	331
WP_195227595.1	331
WP_102210927.1	331
WP_215770075.1	331
NQJ72111.1	331
WP_179941313.1	331
WP_027131060.1	331
WP_223329919.1	331
WP_084928823.1	331
WP_203180356.1	331
WP_225204125.1	331
WP_049523283.1	331
WP_216842914.1	331
WP_229529341.1	332
MBE1300019.1	332
WP_206575619.1	332
WP_128578354.1	333
MBK7771320.1	333
MCD9544490.1	333
MBK9473069.1	333
NLZ53017.1	333
WP_107174165.1	333
WP_105026768.1	333
MBK8166436.1	333
WP_137667297.1	334
WP_116624649.1	334
AAN23041.1	335
AAN23078.1	335
AAN23057.1	335
WP_050941563.1	335
WP_138775468.1	335
WP_226715542.1	335
WP_057636168.1	335
WP_057649559.1	335
WP_212584288.1	335
WP_219650035.1	335
WP_050085977.1	335
WP_019082574.1	335
WP_072622924.1	335
PJD96600.1	335
WP_018577593.1	335
WP_158617416.1	335
AAZ85718.1	336
EEV9868844.1	336
WP_222839913.1	336
EGB44387.1	336
ACA24890.1	337
WP_023486665.1	337
BAQ00634.1	338
HAT6271869.1	338
WP_100157740.1	338
AXY99336.1	338
WP_072064667.1	338
WP_089541576.1	338
BAQ00957.1	339
BAQ01687.1	339
EGN3749515.1	339
WP_000700646.1	339
WP_158642109.1	339
WP_212477822.1	339
WP_208872081.1	340
WP_088732938.1	340
WP_224153995.1	341
WP_184284944.1	341
WP_178138098.1	341
AAC45844.1	342
WP_204161416.1	342
HBK0715647.1	342
WP_202951928.1	342
WP_205942222.1	342
MBE3514346.1	342
EII1532205.1	342
WP_113415283.1	342
MBS4399950.1	342
HBC6617981.1	342
WP_032184514.1	342
HAW3786852.1	342
WP_117343289.1	342
WP_172807020.1	342
WP_115625701.1	342
WP_203463510.1	342
WP_203464920.1	342
WP_159403326.1	342
WP_129318497.1	342
MBK4237259.1	342
AAO37717.1	343
AFW04802.1	343
EGU6736122.1	343
SUF21761.1	343
BAO04106.1	343
WP_158642084.1	343
EGO7078686.1	343
MBY8061211.1	343
WP_192034465.1	343
WP_137435049.1	343
ACD75809.1	344
BAQ01012.1	344
WP_105270233.1	344
WP_085460847.1	344
WP_135522194.1	344
WP_134865955.1	344
WP_217071531.1	344
MBS7209917.1	345
EGG80611.1	345
RGD42718.1	345
MCC2832836.1	345
MBR6033920.1	345
NBJ64045.1	345
WP_001233889.1	346
AAL57082.1	346
WP_141456562.1	346
CAI32727.1	347
CKI58892.1	347
WP_084975915.1	347
WP_010976418.1	347
WP_205397345.1	347
BAQ01137.1	348
HAW0662410.1	348
WP_059273982.1	348
WP_061054350.1	349
WP_126806610.1	349
WP_047034256.1	350
QDZ61352.1	350
WP_210447998.1	351
WP_138944299.1	351
WP_000651325.1	352
WP_053142601.1	352
WP_218195323.1	352
WP_087422439.1	353
WP_013610488.1	353
WP_197438669.1	353
AAD45264.1	354
AAM27574.1	354
WP_023093912.1	354
WP_202413966.1	354
WP_193377759.1	354
MCE2629405.1	354
WP_192929285.1	354
MBG7460628.1	354
MBN0444584.1	354
WP_200869145.1	354
WP_207927132.1	354
WP_170987081.1	354
WP_159447953.1	355
WP_060997361.1	355
MCD9521179.1	355
AHG22949.1	356
EGR4247695.1	356
QEQ70874.1	356
WP_213965499.1	356
CAI32957.1	357
WP_001146576.1	357
RKV84714.1	358
MBR3518882.1	358
MBO5829871.1	358
WP_095001932.1	359
WP_205994135.1	359
ACV67297.1	360
AFW04684.1	360
WP_222551728.1	360
EHA1124951.1	360
WP_187252201.1	360
WP_200015063.1	360
WP_134692146.1	360
WP_163435987.1	360
EIP3526296.1	360
WP_103155085.1	360
WP_144723881.1	361
WP_125591332.1	361
WP_168397815.1	361
WP_004640379.1	361
WP_004956844.1	361
WP_188905992.1	362
HIS88755.1	362
WP_119448264.1	362
WP_161836795.1	363
MBR5287082.1	363
WP_204388634.1	363
AXY99655.1	364
WP_169342315.1	364
WP_023404412.1	364
ACD37046.1	365
ACD37037.1	365
WP_171921318.1	365
WP_134743533.1	365
CAI32705.1	366
WP_000672721.1	366
MBP3917179.1	366
WP_202321439.1	366
WP_206214675.1	366
WP_222704893.1	366
RKI99687.1	366
WP_083787581.1	366
MBD8958323.1	366
CAI33466.1	367
WP_050213231.1	367
MBQ2980623.1	367
NLJ17122.1	367
MBR7122748.1	367
WP_028024885.1	368
WP_217530656.1	368
WP_174815433.1	368
HAE24220.1	369
MBR1517893.1	369
MBQ6162260.1	369
MBQ6188122.1	369
MBR1400320.1	369
MBF1525475.1	369
WP_077195988.1	369
WP_023983579.1	369
MBQ1773167.1	369
WP_220309682.1	370
WP_035052194.1	370
BAQ01659.1	371
WP_024240308.1	371
WP_017724838.1	372
WP_180177237.1	372
WP_125998993.1	372
EFC4221829.1	373
HAX9781730.1	373
HAV7023565.1	373
HDZ04456.1	374
WP_099190499.1	374
WP_215933210.1	374
ACH97152.1	375
WP_032174113.1	375
MBR6949283.1	376
MBR2603798.1	376
ACA24912.1	377
HBE6102621.1	377
WP_096841651.1	377
WP_125357753.1	377
WP_216357555.1	377
WP_169073755.1	378
WP_216039164.1	378
WP_102038540.1	378
WP_091351590.1	379
WP_204661677.1	379
BAQ01598.1	380
WP_038349068.1	380
WP_074464799.1	380
WP_097331603.1	380
WP_083881261.1	380
WP_047282573.1	380
HCS07025.1	380
WP_203305283.1	380
BAQ00780.1	381
WP_059332957.1	381
MBG3012022.1	381
EII3283386.1	381
WP_155662553.1	381
BAQ01780.1	382
WP_162720964.1	382
WP_196123549.1	383
WP_128574006.1	383
PJE89562.1	383
WP_015461223.1	383
WP_154637103.1	383
WP_012848056.1	383
ACD37058.1	384
BAQ01277.1	384
ACD37051.1	384
WP_112918588.1	384
WP_047615139.1	384
HAW2197999.1	384
GCT65035.1	384
OYU06330.1	385
WP_159933549.1	385
KLI67978.1	386
WP_102313370.1	386
WP_157013824.1	387
ERT10627.1	387
MBS9432257.1	387
WP_134984316.1	387
WP_218043681.1	388
WP_039110179.1	388
NDP22399.1	388
WP_188221660.1	388
BAQ01456.1	389
EFH7882969.1	389
WP_046888363.1	389
WP_224955243.1	389
WP_223952967.1	389
WP_161506958.1	389
BAQ00736.1	390
EFO3933972.1	390
WP_097727926.1	390
WP_107533350.1	390
WP_045906548.1	390
WP_046359762.1	390
AJE24464.1	391
AFW04790.1	391
WP_213848124.1	391
HAT7498691.1	391
WP_191235130.1	391
WP_181665260.1	391
WP_187655186.1	391
WP_223082411.1	392
WP_130625790.1	392
WP_057095508.1	392
PMD68826.1	393
WP_085391522.1	393
WP_205921949.1	394
HAW3414984.1	394
WP_203461393.1	394
WP_196372602.1	394
CAI32797.1	395
WP_000445844.1	395
WP_171035968.1	395
BAQ00927.1	396
WP_115430540.1	396
WP_115430375.1	396
WP_146752557.1	397
WP_195360266.1	397
WP_154432621.1	398
MBQ8611103.1	398
MBP5384997.1	398
MCD5486978.1	398
MBQ8976261.1	398
ABI34565.1	399
WP_000700061.1	399
WP_050864006.1	399
MCE1517981.1	399
WP_046359765.1	399
WP_166713320.1	399
ABI55342.1	400
EGT3571951.1	400
WP_107782612.1	400
WP_106098831.1	400
WP_182038342.1	400
WP_157957603.1	400
WP_200015731.1	400
WP_230080149.1	400
WP_230078669.1	400
WP_089188523.1	400
WP_196982687.1	400
WP_142727916.1	400
CAI33745.1	401
WP_065533017.1	401
EEU19215.1	401
WP_050250393.1	401
WP_172748485.1	401
WP_042747400.1	401
NOW24201.1	402
WP_080021630.1	402
HAT4072079.1	402
WP_004455531.1	402
WP_195972817.1	402
WP_199473974.1	403
WP_160212035.1	403
WP_224163981.1	403
WP_214186628.1	404
ABB32404.1	404
WP_022836538.1	404
RPI15812.1	404
ACA24829.1	405
AAS98031.1	405
EFM8966421.1	405
WP_179151278.1	405
WP_089639188.1	405
WP_130996601.1	405
WP_007574537.1	406
WP_228114317.1	406
WP_219524528.1	406
MBF1400344.1	406
MBQ4104639.1	407
NFE74564.1	407
WP_077868875.1	407
WP_058301362.1	407
WP_008785175.1	408
NWA39843.1	408
WP_032949587.1	408
WP_077201143.1	409
WP_069506430.1	409
WP_195741217.1	410
WP_117978588.1	410
WP_138338253.1	410
AHB32462.1	411
WP_000965187.1	411
WP_073405434.1	411
KEQ28943.1	411
WP_106479609.1	411
WP_151760660.1	411
WP_097133847.1	411
WP_062514754.1	412
HHY83211.1	412
CAI34544.1	413
CAI34641.1	413
WP_223331310.1	413
KXT90867.1	413
WP_136369673.1	414
WP_206464264.1	414
WP_207490494.1	414
WP_053218195.1	414
AAZ91245.1	415
WP_119182593.1	415
AAG17411.1	415
EJL19788.1	415
WP_068280041.1	416
WP_100071492.1	416
RPA63838.1	417
WP_213969826.1	417
WP_220316313.1	418
WP_216253788.1	418
WP_226129163.1	418
WP_207641503.1	418
MCD6724268.1	419
WP_172857973.1	419
WP_223680061.1	420
MBI2966569.1	420
WP_115453405.1	421
WP_053365619.1	421
WP_140308546.1	422
EGR1023376.1	422
WP_122096090.1	422
WP_047782168.1	422
WP_159565626.1	422
WP_189660095.1	423
WP_165501915.1	423
OGB69107.1	423
WP_024774463.1	424
WP_086540663.1	424
MCB6994514.1	425
MBQ9890337.1	425
PIE66207.1	426
WP_126707426.1	426
WP_129614795.1	427
WP_005653708.1	427
MBS5552460.1	427
WP_126789285.1	428
WP_166837729.1	428
HAS6855041.1	429
EGQ8316072.1	429
WP_150581997.1	430
WP_139225449.1	430
AEP25500.1	431
WP_025382884.1	431
WP_050088863.1	431
WP_119564788.1	432
WP_113620537.1	432
WP_145334769.1	433
WP_019362502.1	433
ACD36996.1	434
ACD36984.1	434
EFV6095475.1	434
EFG8839864.1	434
AHB32267.1	435
WP_182004423.1	435
WP_054580615.1	435
WP_188853827.1	436
MBV0913469.1	436
WP_156062972.1	437
WP_123209462.1	437
WP_161116140.1	437
WP_187398531.1	438
EOH52843.1	438
MBX9612212.1	439
OYY58915.1	439
WP_090690468.1	439
ADI59429.1	440
ADI59445.1	440
WP_057533503.1	440
WP_049598626.1	440
CAI34587.1	441
WP_050243748.1	441
WP_000622250.1	441
WP_061088405.1	441
RKV63492.1	441
WP_000622251.1	441
WP_105139274.1	441
WP_125071267.1	441
WP_047359262.1	442
WP_130933746.1	442
ADN43871.1	443
HBD4940543.1	443
MBS9075002.1	443
PKM60510.1	444
KRL41533.1	444
WP_200090803.1	445
WP_097453514.1	445
HAY0382442.1	445
WP_223666905.1	445
MBT7544045.1	446
HAB36710.1	446
BAQ00893.1	447
WP_072310772.1	447
KEN43158.1	447
PBO11778.1	447
WP_123957905.1	448
WP_124381841.1	448
WP_215634890.1	449
WP_180701800.1	449
MBE0471695.1	450
WP_069680871.1	450
AAM27879.1	451
WP_221921379.1	451
WP_058012910.1	451
NIM30849.1	451
BAQ00758.1	452
SPY78922.1	452
WP_144330269.1	452
BAQ01169.1	453
WP_199371631.1	453
EFC9838517.1	453
ADX97403.1	454
WP_130830735.1	454
WP_203640797.1	455
WP_056938094.1	455
BAQ01812.1	456
WP_201736063.1	456
WP_080973901.1	457
MBT9898728.1	457
WP_032813265.1	457
MBR2319246.1	458
MBR3778997.1	458
WP_143742216.1	459
WP_141100855.1	459
WP_216808680.1	460
WP_014947517.1	460
WP_088271306.1	460
MBS7266258.1	461
MBD5442012.1	461
WP_204564332.1	462
MBR3314390.1	462
MBT9066220.1	463
WP_216786203.1	463
WP_118542303.1	463
WP_125567457.1	464
WP_168924920.1	464
WP_159215282.1	464
WP_159210780.1	464
AHB32614.2	465
WP_168727044.1	465
WP_220710351.1	466
MBS6388219.1	466
WP_128318187.1	467
WP_220393181.1	467
WP_006598110.1	468
WP_154576008.1	468
SUC18730.1	469
EGS5431607.1	469
WP_201922807.1	470
WP_107251358.1	470
WP_125717070.1	471
WP_174170394.1	471
MBQ3885853.1	472
MBQ9894835.1	472
BAQ01702.1	473
WP_032219906.1	473
EHW0693039.1	473
EEJ71590.1	474
WP_198566108.1	474
WP_032951571.1	475
OLA72146.1	475
MBD5406664.1	476
MBO5100602.1	476
WP_138938354.1	477
WP_108745087.1	477
WP_022932601.1	478
WP_021495849.1	478
MBV5341697.1	479
WP_162788058.1	479
WP_175422791.1	480
EGR3858038.1	480
