QMI84780.1	1
ATB40970.1	1
UFP96007.1	1
AKA71917.1	1
AFY29086.1	1
QRG69277.1	1
BBP58556.1	1
QSO47773.1	1
ULB34405.1	1
BAZ31245.1	1
QEL15433.1	1
ANM29051.1	1
APZ95797.1	1
AMM40210.1	1
ADL13650.1	1
ASK89509.1	1
QDV75175.1	1
UBM27570.1	1
AUL72534.1	1
BBJ22906.1	1
AUN18943.1	1
QZE15062.1	1
SDT28190.1	1
ARO86516.1	1
QHQ61925.1	1
ATA68639.1	1
QGS18591.1	1
QSQ28361.1	1
QDV96345.1	1
AKM84988.1	1
UJJ57569.1	1
ACQ53475.1	1
QBM01635.1	1
UPJ61614.1	1
AMA08474.1	1
ABK43103.1	1
QHE85925.1	1
QGY81797.1	1
QTH63126.1	1
AFY92799.1	1
QIB26984.1	1
QTL05143.1	1
QNI41370.1	1
ANI53900.1	1
ALC16860.1	1
AIZ32786.1	1
AGC76443.1	1
ANU18005.1	1
ACN15652.1	1
AIN58280.1	1
AQR69460.1	1
ABL00061.1	1
ABA58417.1	1
QQT27352.1	1
BAQ63269.1	1
CAB1273973.1	1
APF25967.1	1
SNU93675.1	1
AOW10604.1	1
QNU35613.1	1
AVQ39004.1	1
QXE18495.1	1
AFU98951.2	1
QOS91584.1	1
AXG69268.1	1
CAI09533.1	1
QJB43789.1	1
BBO75659.1	1
QAT84434.1	1
QEG42562.1	1
AZL86471.1	1
ABO68437.1	1
AYM86414.1	1
ADN16728.1	1
CAI86869.1	1
QSB02779.1	1
BCO30241.1	1
BBM85706.1	1
QOY37109.1	1
QLE55163.1	1
ABK61631.1	1
AFY65711.1	1
QQE73411.1	1
BAB76772.1	1
QTR02656.1	1
CBK67765.1	1
SDR81858.1	1
QYJ07463.1	1
QAU35403.1	1
QNJ15846.1	1
BAL93769.1	1
AVX89933.1	1
QNJ12964.1	1
AAK80274.1	1
APW45092.1	1
ASK62165.1	1
QNK01624.1	1
AXE65059.1	1
AEV33977.1	1
UPJ69339.1	1
ADI63245.1	1
ULP71365.1	1
AWM39613.1	1
AFZ46928.1	1
CBL44140.1	1
AII42319.1	1
SNV86330.1	1
SDO68184.1	1
ALC97792.1	1
AMK24506.1	1
QGJ69201.1	1
AXI47273.1	1
AEJ43231.1	1
URQ88898.1	1
QDU84923.1	1
ACB51177.1	1
AVR96922.1	1
UCM43313.1	1
QRI53042.1	1
CCK79017.1	1
AJQ27058.1	1
ARU55221.1	1
QDT34635.1	1
QQN96859.1	1
QGA24502.1	1
QSB44968.1	1
AMG03986.1	1
AHY44686.1	1
AEB50186.1	1
BAY65291.1	1
QEI41761.1	1
UEM20069.1	1
AZC18641.1	1
BBU36489.1	1
QAA31156.1	1
QTQ33570.1	1
AMA72032.1	1
QUV82910.1	1
AJA46819.1	1
AMG73291.1	1
QKV78844.1	1
ADH98534.1	1
QDV39698.1	1
UNE47138.1	1
QJW48656.1	1
ANY18935.1	1
BAY10367.1	1
BAF90635.1	1
AHZ72912.1	1
AUB83202.1	1
ATW23993.1	1
QTQ32791.1	1
ABQ26517.1	1
AFP31132.1	1
QIU93873.1	1
UPR48923.1	1
ABD79416.1	1
VTS00256.1	1
QYJ00049.1	1
BDI33124.1	1
BCQ62207.1	1
AKM82173.1	1
AUI85985.1	1
QQR35426.1	1
QVI58044.1	1
AGK55419.1	1
QPD00550.1	1
AQQ01621.1	1
AVO74598.1	1
QXT36941.1	1
BDG45106.1	1
VEF90539.1	1
AQW45592.1	1
QDU62528.1	1
AYD39804.1	1
ABQ71157.1	1
AET70706.1	1
ACL06244.1	1
QIG42714.1	1
AIS58080.1	1
QIJ72593.1	1
BCG83455.1	1
AMY10077.1	1
ULM97021.1	1
BAQ61614.1	1
ANH68166.1	1
QXE91669.1	1
QES75240.1	1
ALO36461.1	1
AKM83779.1	1
ANI42200.1	1
QDV83009.1	1
QDV10934.1	1
AOS79356.1	1
BBA32238.1	1
QAA34641.1	1
QDV26815.1	1
AFV10475.1	1
CAD72220.1	1
QTT89040.1	1
AGP86457.1	1
AMQ42750.1	1
ATP39028.1	1
QNI81141.1	1
BDF71920.1	1
AFY53351.1	1
UQD57050.1	1
QDE89931.1	1
QRF22384.1	1
AKO52764.1	1
CRI57378.1	1
AQR73730.1	1
QJP95013.1	1
AZS30181.1	1
ANH40215.1	1
QOV22077.1	1
ABA21945.1	1
QBD78288.1	1
ATF12246.1	1
ANU59376.1	1
QBE63588.1	1
AZO63882.1	1
AZT84117.1	1
AJR09062.1	1
QNI71752.1	1
QOW23778.1	1
QZZ21998.1	1
BBB07419.1	1
UCV26660.1	1
QGZ37809.1	1
QDV84649.1	1
AOZ75080.1	1
UOZ10690.1	1
BCM88580.1	1
ATQ73570.1	1
AHF10904.1	1
QTA79108.1	1
AXI60929.1	1
AGT33503.1	1
QSW17899.1	1
QNH77434.1	1
QGU00483.1	1
AWI06853.1	1
QDW21870.1	1
AEM74091.1	1
AKT50124.1	1
QTQ35745.1	1
AFY19184.1	1
VEG93201.1	1
AWL05276.1	1
UHJ57606.1	1
ALT77278.1	1
QII14281.1	1
ABF51951.1	1
AKU21096.1	1
ACV79851.1	1
BBB13473.1	1
BCS33201.1	1
ABW67458.1	1
UEM02720.1	1
CAG37946.1	1
AOV16826.1	1
UPG87730.1	1
QII12619.1	1
APW39490.1	1
QIY10654.1	1
AOH38697.1	1
ULP31870.1	1
ULN42340.1	1
BAU26921.1	1
AIV05531.1	1
QSP93523.1	1
QBS37571.1	1
QPN71828.1	1
QEC49138.1	1
ATY77692.1	1
QNR24508.1	1
QBM74785.1	1
AEE24156.1	1
BCV21810.1	1
QLA14850.1	1
BAR52305.1	1
QRZ06361.1	1
CBL05385.1	1
APG64191.1	1
AKM77831.1	1
QUE92188.1	1
ADT68200.1	1
ADE15265.1	1
QYG07812.1	1
ANO34672.1	1
QIG81987.1	1
ALP93717.1	1
BAY44929.1	1
QCW81985.1	1
QQP88685.1	1
BAY74243.1	1
AXL22108.1	1
ACV58389.1	1
QCZ92925.1	1
QZT56420.1	1
APZ95913.1	1
ALF52613.1	1
BAT53917.1	1
AQT68322.1	1
QJI40941.1	1
QEG42500.1	1
BBN81665.1	1
AOR77591.1	1
BBX70980.1	1
BDF67850.1	1
QRK07631.1	1
BAL00580.1	1
AZU63518.1	1
BCV25476.1	1
UBS54512.1	1
ULG68376.1	1
UGQ48547.1	1
APY12038.1	1
UPF06314.1	1
QCT71833.1	1
QXI09891.1	1
BDA66537.1	1
QBG47318.1	1
ATA91230.1	1
AIR90820.1	1
APX89011.1	1
ANH98835.1	1
AEW19961.1	1
QDV14253.1	1
ABI46943.1	1
BAK68328.1	1
QSV63352.1	1
QNQ07574.1	1
ASN04128.1	1
QGN54725.1	1
QSH57577.1	1
AFZ14042.1	1
QZP30703.1	1
AOX02836.1	1
AAB08477.1	1
QDV41325.1	1
QXI41680.1	1
QSV55588.1	1
QDG69717.1	1
UFJ59834.1	1
VEG46067.1	1
AGC69404.1	1
ADK16451.1	1
QDV63686.1	1
AAK81227.1	1
QNO45283.1	1
AEB75689.1	1
AZO93927.1	1
CBE69394.1	1
ACL23093.1	1
BDA10835.1	1
ANE57737.1	1
ANZ41964.1	1
AUV86272.1	1
AEA70106.1	1
QPR55811.1	1
ASX11856.1	1
AXI32083.1	1
UCV17324.1	1
QDP00651.1	1
AEU35835.1	1
ALO42134.1	1
AWK80885.1	1
QZA32413.1	1
QKS01613.1	1
UKK97508.1	1
BBU38264.1	1
UQS14270.1	1
QXI40772.1	1
AMO37464.1	1
QEA07599.1	1
ARC84501.1	1
QYM98659.1	1
QDV05200.1	1
QPN61158.1	1
AKJ93923.1	1
QRN85486.1	1
ALP54090.1	1
AQS30398.1	1
ANU59563.1	1
AVX30014.1	1
QUV92240.1	1
ATC86909.1	1
UED70647.1	1
BCT69173.1	1
QWH74606.1	1
QIH07950.1	1
BCO19936.1	1
AUG58712.1	1
QDU55354.1	1
QIB50790.1	1
ASB47969.1	1
QDG39204.1	1
AZO75649.1	1
AOY83237.1	1
CCH33201.1	1
ADL51860.1	1
QDD88714.1	1
AIT06152.1	1
QIA02782.1	1
QNG28017.1	1
AFV03704.1	1
CAI08546.1	1
QDZ28998.1	1
APC40755.1	1
QRM20045.1	1
QOY62014.1	1
QDS88333.1	1
VEF10404.1	1
AQS30404.1	1
UNB51889.1	1
AWM40495.1	1
AEV31139.1	1
QTD38554.1	1
ASV76771.1	1
ADO39089.1	1
APZ91192.1	1
QUO38475.1	1
BBM81677.1	1
QKD81406.1	1
QIH37578.1	1
AMK30907.1	1
QCB43913.1	1
UER55104.1	1
ADQ14833.1	1
QFS43277.1	1
AXJ94650.1	1
QNI75388.1	1
QPN57643.1	1
QJD99890.1	1
ALZ74996.1	1
QLE81184.1	1
QAT86327.1	1
QIB26939.1	1
ACL77227.1	1
UBD73736.1	1
ALJ59813.1	1
ASF45360.1	1
ATY81258.1	1
QPK65321.1	1
QDT05880.1	1
APZ99038.1	1
BAZ16257.1	1
QUR45212.1	1
AND84136.1	1
QCB54745.1	1
AFZ58913.1	1
AQQ01044.1	1
BCI81519.1	1
QDS96343.1	1
ADY50875.1	1
AMV23245.1	1
AII46841.1	1
SIS22711.1	1
AVR94781.1	1
AKN61826.1	1
QJR81986.1	1
AGW14731.1	1
QQV78559.1	1
ABP43979.1	1
QDO68095.1	1
BAZ26208.1	1
AWX55130.1	1
CCF99503.1	1
QNU67496.1	1
QNI99168.1	1
QOZ11563.1	1
BCK83771.1	1
ABA73761.1	1
BBL75347.1	1
QHN50499.1	1
UMM01679.1	1
UPG92079.1	1
AXA93061.1	1
CAE6902573.1	1
CAK29120.1	1
QAX85875.1	1
BAP87959.1	1
QDT60901.1	1
QOV95297.1	1
QEY32254.1	1
UCV01932.1	1
QTA79470.1	1
BAD40085.1	1
QGX62580.1	1
APG62145.1	1
QBZ90748.1	1
QHE76719.1	1
QQQ80468.1	1
CBZ04977.1	1
ATD27825.1	1
ACZ23709.1	1
AVQ89066.1	1
UGA57733.1	1
AEJ44510.1	1
BBO88532.1	1
ATE77046.1	1
ALP40756.1	1
QSV74049.1	1
ANC87075.1	1
APD90586.1	1
AFY90478.1	1
AKJ99306.1	1
BBB89771.1	1
CAE21996.1	1
ACO76788.1	1
ANQ86427.1	1
QFG02992.1	1
BBM85088.1	1
QUN34395.1	1
ACN15096.1	1
AJF06510.1	1
AFQ46142.1	1
AAO78639.1	1
APZ43484.1	1
SDE22921.1	1
QDT69693.1	1
ALQ54531.1	1
AUC82415.1	1
AWI79759.1	1
AXA24627.1	1
QKK12072.1	1
ALS33340.1	1
QPN62218.1	1
QEG36653.1	1
URX61532.1	1
QQE64181.1	1
AMQ82313.1	1
QJR11689.1	1
AHE52344.1	1
AZR42805.1	1
QUJ69315.1	1
BAN36765.1	1
QIM51873.1	1
AKM83350.1	1
ABI55474.1	1
UJW31215.1	1
AXK52012.1	1
ATO52092.1	1
QBH15053.1	1
CBK68284.1	1
QFU74605.1	1
AUC14065.1	1
UEB97933.1	1
BBB49578.1	1
UPG96427.1	1
AFH48389.1	1
AUM96876.1	1
QTA93904.1	1
ADY33114.1	1
UJX40728.1	1
UCV10465.1	1
AAZ96250.1	1
ACL22499.1	1
UON81171.1	1
QQE78635.1	1
QBF26930.1	1
QXH93116.1	1
QXE10608.1	1
QNJ30769.1	1
ACV59340.1	1
ATW03571.1	1
QYY84152.1	1
CDX03482.1	1
UAJ14001.1	1
ABC29512.1	1
KDN97092.1	1
QFZ24196.1	1
UDI94920.1	1
UQT42767.1	1
UBF11821.1	1
AUC21961.1	1
ALA59773.1	1
ABF87231.1	1
QPF73698.1	1
QKE41698.1	1
APD48209.1	1
CCE24403.1	1
AZD60862.1	1
SNR16486.1	1
UBE45864.1	1
QSA98575.1	1
UOD32373.1	1
QIF44622.1	1
AHL77381.1	1
ACL06564.1	1
ACR71795.1	1
UFJ39149.1	1
ABD27614.1	1
AWI77027.1	1
ACA98695.1	1
QIU97333.1	1
ANM29259.1	1
BBO28771.1	1
AIY66634.1	1
QUW01261.1	1
ANY18866.1	1
QCI78672.1	1
QJD60214.1	1
BBK25505.1	1
ALE78726.1	1
AEQ21810.1	1
AGF92908.1	1
ADU50765.1	1
UBS63317.1	1
QGZ40603.1	1
APF17179.1	1
QJQ32399.1	1
AVO27399.1	1
QUV95516.1	1
QDV54771.1	1
QEA07692.1	1
ACL70634.1	1
QRX64661.1	1
UMM46097.1	1
BCA54097.1	1
BCS34652.1	1
ACU59949.1	1
UDF33967.1	1
AZC31011.1	1
AGA29609.1	1
CCF78706.1	1
AZZ92824.1	1
ATD00357.1	1
QNJ02004.1	1
BAL82746.1	1
QYS90202.1	1
QDZ09015.1	1
AMZ69663.1	1
ATE60931.1	1
BBY45257.1	1
ATA88922.1	1
CCA91073.1	1
APD86962.1	1
QHE53753.1	1
ASW43541.1	1
QJE30175.1	1
QVL31142.1	1
QBQ37332.1	1
CAK22756.1	1
QDU81712.1	1
ACM60915.1	1
AKG22001.1	1
QOC89071.1	1
QBI05014.1	1
UOE79670.1	1
QPW56081.1	1
QLL10828.1	1
AFW93789.1	1
AFM02127.1	1
QUS59353.1	1
AII47761.1	1
QBR32749.1	1
BCS80751.1	1
QNA83362.1	1
UED73499.1	1
QVY61318.1	1
QKE02159.1	1
SNB55489.1	1
QNL45130.1	1
QNJ21676.1	1
QEA15943.1	1
QIA26643.1	1
CBK42559.1	1
ATE64815.1	1
QGU94997.1	1
QNI57305.1	1
QVM84364.1	1
BAU65818.1	1
QQR47262.1	1
AOH86216.1	1
UBE46398.1	1
AVP97356.1	1
AXB81627.1	1
AGQ02587.1	1
QQS98137.1	1
BAH42635.1	1
AWZ49108.1	1
UQN44970.1	1
BCX67357.1	1
AJP70979.1	1
AKH19709.1	1
QUT26566.1	1
QUT04992.1	1
QBH14074.1	1
QPW56951.1	1
UGB40509.1	1
SDU07972.1	1
UDN50440.1	1
AFL75859.1	1
SDU47011.1	1
URN41657.1	1
BBP70141.1	1
UNO50676.1	1
ANP76573.1	1
ABY36444.1	1
AXA35515.1	1
ABX07066.1	1
QQE12001.1	1
AEA98776.1	1
APL94826.1	1
BCL60132.1	1
QDU71684.1	1
UOM35547.1	1
BCY19471.1	1
QNL41186.1	1
BBU33578.1	1
QLY79353.1	1
AEG50528.1	1
AXB57870.1	1
AZO22529.1	1
UOD33903.1	1
AXA35961.1	1
BBU35505.1	1
UPZ14569.1	1
AEV68094.1	1
QGT73585.1	1
ADN74335.1	1
QHI37189.1	1
ATB47366.1	1
APM40407.1	1
ADB46897.1	1
AXA54565.1	1
ATB26715.1	1
QXI08313.1	1
BCS47961.1	1
SDT51299.1	1
ASV76481.1	1
QDL54572.1	1
UJJ54316.1	1
BBC71202.1	1
AEV35683.1	1
QRN85497.1	1
ASS73880.1	1
AGP85294.1	1
ATG58433.1	1
BAU41648.1	1
ADQ06654.1	1
UIE39993.1	1
UBR28463.1	1
ASF41784.1	1
QPL40041.1	1
ADL42917.1	1
AOW83122.1	1
BAY85524.1	1
UCZ85318.1	1
APD92165.1	1
UKK85970.1	1
AIB38788.1	1
ACZ24930.1	1
ABS41412.1	1
CAL95883.1	1
UII55684.1	1
QBP40757.1	1
SBO43646.1	1
AFE06153.1	1
QDV06705.1	1
ARV61789.1	1
ARM84041.1	1
URM26921.1	1
BBG63267.1	1
SDS95700.1	1
AUI83291.1	1
UMZ73504.1	1
BDE87162.1	1
AOR39322.1	1
QRK12726.1	1
CRH08068.1	1
AMN43764.1	1
QTU03816.1	1
AEQ21320.1	1
AGY60728.1	1
ADO76420.1	1
UKA06557.1	1
AEP13311.1	1
UJX24217.1	1
AKU91293.1	1
QTO27150.1	1
QQM65453.1	1
BCL61169.1	1
QSR36402.1	1
QXH33365.1	1
ABU59157.1	1
AZN32428.1	1
QNI78435.1	1
ARU56177.1	1
ADQ40374.1	1
AMO72818.1	1
QSV13056.1	1
ASS87138.1	1
QDE88379.1	1
AMY11669.1	1
ATG77879.1	1
AFY42888.1	1
AFY75109.1	1
ULB11727.1	1
UJA31609.1	1
QPN67188.1	1
AGF78367.1	1
UPM49102.1	1
QNI60589.1	1
QPI72304.1	1
UPW20223.1	1
ACL03040.1	1
QDU75744.1	1
AKM79062.1	1
QGG47465.1	1
AMV16744.1	1
QBQ54510.1	1
AKF81230.1	1
BDC51680.1	1
CAA7599628.1	1
QNJ28061.1	1
AUS98226.1	1
AOE83175.1	1
BCB26588.1	1
ABQ05835.1	1
QAR33888.1	1
ATG58480.1	1
AKM08250.1	1
AOH47182.1	1
QNE32097.1	1
QSX06103.1	1
AFZ51487.1	1
AVQ47317.1	1
ALI05447.1	1
ARV72555.1	1
AOT71708.1	1
AHX13669.1	1
AEV67132.1	1
UOE84567.1	1
ALO34404.1	1
AFZ44518.1	1
UAW98051.1	1
AFZ03720.1	1
ABQ91936.1	1
BBP44503.1	1
QNG28860.1	1
QIB60885.1	1
SDS01862.1	1
ANC02972.1	1
SBV33916.1	1
QAA32016.1	1
ALC10736.1	1
UCV24730.1	1
ARF99611.1	1
AKM84899.1	1
EAQ39275.1	1
QPG61741.1	1
QPC97720.1	1
QDV90221.1	1
AZD92491.1	1
BAW80574.1	1
AFA72197.1	1
AFY78303.1	1
ACB42963.1	1
QUW04073.1	1
ATA81602.1	1
ULU24024.1	1
BDF95908.1	1
AKT53887.1	1
QCI58070.1	1
UQG54170.1	1
SDU98975.1	1
ACH64386.1	1
QWK92211.1	1
BAO45433.1	1
QNI52988.1	1
QFZ91057.1	1
QNJ18666.1	1
QCB56055.1	1
QQE47160.1	1
QSI78146.1	1
AKL97949.1	1
URZ03265.1	1
SEH77456.1	1
SDS81248.1	1
QTA79183.1	1
AJE22966.1	1
BDD87617.1	1
ADJ49108.1	1
BCJ06956.1	1
CAG9933540.1	1
QDS35269.1	1
QDU23919.1	1
QIB07724.1	1
ANI78274.1	1
ALC89574.1	1
ADQ45764.1	1
AUI70688.2	1
AYC31467.1	1
AXU20483.1	1
AFM43282.1	1
QDU36091.1	1
BAU26524.1	1
QYU67082.1	1
ANT60663.1	1
QDE27010.1	1
UIP30117.1	1
AJR18319.1	1
QCU73920.1	1
APQ97010.1	1
QKE39163.1	1
QDE68117.1	1
CDF84095.1	1
QVV66856.1	1
AMY00681.1	1
BAZ86408.1	1
QYO63067.1	1
AEV61975.1	1
QTA93891.1	1
QZT62292.1	1
ASS94829.1	1
AMD86141.1	1
QQO53858.1	1
QZK90348.1	1
AFY30542.1	1
QSP93673.1	1
UEX77345.1	1
URQ97595.1	1
QXH54469.1	1
SOB75152.1	1
QOT01321.1	1
CDM69201.1	1
AYK18322.1	1
ADC73020.1	1
ACA54920.1	1
ALK95200.2	1
QXI51723.1	1
AVD71205.1	1
AGF78366.1	1
AKQ67071.1	1
ADY57271.1	1
ANG62529.1	1
CDM67716.1	1
ASW42286.1	1
QSQ16203.1	1
AMW30837.1	1
AVM68743.1	1
UDL03331.1	1
BBH88562.1	1
ASJ52692.1	1
AIG25461.1	1
ATA75482.1	1
BBP02826.1	1
ADQ15540.1	1
QPG06417.1	1
BAZ94691.1	1
QKF99834.1	1
CAE06799.1	1
AJR04835.1	1
SHD75581.1	1
QDZ39299.1	1
AHF03359.1	1
AEH45604.1	1
AFZ32055.1	1
AWI82710.1	1
QOY87694.1	1
SNV00168.1	1
QBB66250.1	1
QUT89157.1	1
UQK60145.1	1
AFQ46145.1	1
QYG92256.1	1
QDE39366.1	1
BCA58815.1	1
QBJ62634.1	1
QTV76939.1	1
BBU34122.1	1
QCP14529.1	1
QUA54438.1	1
BAC91685.1	1
ADQ05112.1	1
QKS31161.1	1
ANB51320.1	1
AXV19232.1	1
QDV81475.1	1
QYO66909.1	1
AOE61351.1	1
AEB09608.1	1
BCS54960.1	1
QCQ20859.1	1
QCI12594.1	1
AFS38152.1	1
QTD35433.1	1
QHA83493.1	1
AFM03716.1	1
UQV44063.1	1
BCJ87755.1	1
BBD09254.1	1
QWT21705.1	1
QDT03402.1	1
AHF62689.1	1
AJH01249.1	1
QBM01975.1	1
BAL54246.1	1
QEH78631.1	1
APC14794.1	1
APF17850.1	1
CDG83289.1	1
ACC98640.1	1
CAH0335778.1	1
QJY47016.1	1
QDV79821.1	1
CBL46095.1	1
QCX32826.1	1
QNI93429.1	1
AMA46304.1	1
ABM62322.1	1
AZV58168.1	1
ABU60295.1	1
AGB42268.1	1
QYX48483.1	1
QDT06287.1	1
AKN32504.1	1
AHF08085.1	1
AZV26446.1	1
QBH13717.1	1
ABM79171.1	1
QQA43548.1	1
AWK85189.1	1
AZZ75626.1	1
ANY76910.1	1
CAB1275109.1	1
QBE67975.1	1
AEA24110.1	1
ABD68428.1	1
AXJ04388.1	1
AFZ37224.1	1
URZ14595.1	1
QAT40910.1	1
QID18540.1	1
QHO63762.1	1
AWN14294.1	1
SDO22738.1	1
SIR84829.1	1
AAO78651.1	1
QJT11090.1	1
AUL72581.1	1
QEL15539.1	1
VTQ92700.1	1
AZQ65925.1	1
QDO99979.1	1
AMU93648.1	1
BDG08187.1	1
QRF23741.1	1
QEG22824.1	1
QHB82439.1	1
AZE62670.1	1
UFQ02358.1	1
BBP45289.1	1
AAV94826.1	1
ACL73441.1	1
QJW97378.1	1
AXB83307.1	1
AEF99632.1	1
ATY32172.1	1
AKV94696.1	1
AKK25970.1	1
AYJ86036.1	1
QNI84229.1	1
CAE6908319.1	1
QUT42027.1	1
ADU01214.1	1
APA68544.1	1
QDV43233.1	1
ARD65094.1	1
QYX30000.1	1
QBI04190.1	1
QAT60902.1	1
UBS48407.1	1
AMJ99181.1	1
AKJ05019.1	1
QQY80034.1	1
ACL22479.1	1
URZ00154.1	1
BDH60656.1	1
AQS30490.1	1
UJZ94143.1	1
AFT75392.1	1
QDT62892.1	1
QBD85597.1	1
QIZ73752.1	1
ASC72415.1	1
BBH95632.1	1
AKJ07397.1	1
QSW89048.1	1
ABW67642.1	1
QKV65164.1	1
AVM51518.1	1
QWF70053.1	1
ACU89783.1	1
UQV20173.1	1
SDT96026.1	1
AGP78727.1	1
ANU65635.1	1
ACM05916.1	1
QCX32741.1	1
ABC23889.1	1
UOO38591.1	1
ADB94877.1	1
QEN01481.1	1
UPZ17864.1	1
AGC42446.1	1
BAE85129.1	1
ALJ11465.1	1
QLC74738.1	1
QHN16280.1	1
ABZ83393.1	1
AMT88464.1	1
BAZ05205.1	1
AXR07334.1	1
ATA73333.1	1
QPI51613.1	1
APR54336.1	1
QHI70200.1	1
QDV67445.1	1
QDS95246.1	1
ULN62868.1	1
AEE91811.1	1
ARU28265.1	1
QDT10119.1	1
QWA30873.1	1
ADO72832.1	1
ULN84460.1	1
QNJ10426.1	1
ANM31197.1	1
QDU41923.1	1
UKK67947.1	1
QNR23283.1	1
BDG03447.1	1
AZB71542.1	1
QSV59735.1	1
CUS02595.2	1
AQT78580.1	1
QBJ19574.1	1
UCV13938.1	1
QIB64718.1	1
AHL33281.1	1
BAQ74784.1	1
QDT14175.1	1
AJD92276.1	1
QDR80085.1	1
AFK79143.1	1
AGA28113.1	1
QXI02557.1	1
UNU26099.1	1
AKQ69004.1	1
CCQ72899.1	1
AGA68363.1	1
BCG64813.1	1
AVU76372.1	1
AWL78077.1	1
BCO14102.1	1
BAN68617.1	1
AKX52915.1	1
AUW05105.1	1
AEY67821.1	1
QBQ42357.1	1
QNI72448.1	1
QQZ39337.1	1
QSQ27334.1	1
QRR32350.1	1
AKM81772.1	1
CAB1276749.1	1
AIF52508.1	1
UBD67348.1	1
AGK97858.1	1
QDH53765.1	1
ANM31524.1	1
AWM93039.1	1
QZA52344.1	1
QQT37117.1	1
UBF29078.1	1
AIS13064.1	1
ACR01863.1	1
QVL21343.1	1
ATD61344.1	1
UIO44088.1	1
QLE82640.1	1
AFZ20541.1	1
AQV02227.1	1
AGX06513.1	1
ABX06215.1	1
CRL47482.1	1
QDU40121.1	1
QHZ57615.1	1
QLH67024.1	1
QDU67428.1	1
QOT71539.1	1
AYV37193.1	1
ABB27023.1	1
QSX04772.1	1
BBA32411.1	1
BAY14285.1	1
ADJ64259.1	1
QNJ05088.1	1
QCP12777.1	1
QNH54684.1	1
ABB73608.1	1
ACZ38592.1	1
ANU36527.1	1
UMR32073.1	1
ANB02210.1	1
AME04729.1	1
ANU42110.1	1
QRN93878.1	1
AFY50531.1	1
AZD29672.1	1
UKN03869.1	1
BBH34388.1	1
VEJ35855.1	1
ANU20151.1	1
ANG65048.1	1
BAL25896.1	1
AFY81006.1	1
QTA83688.1	1
QPL51153.1	1
ADG83434.1	1
QNO28673.1	1
QNI66550.1	1
ANS85544.1	1
QEK11452.1	1
BAM01409.1	1
QTD48035.1	1
BAU14919.1	1
ADJ28617.1	1
QBH13256.1	1
QDE81023.1	1
UBS48191.1	1
QGA22831.1	1
ANU07140.1	1
AXA90803.1	1
QRK09527.1	1
QBG36339.1	1
BDA39576.1	1
QIK95847.1	1
ACV64786.1	1
QXP86182.1	1
AUM70858.1	1
APE06577.1	1
QYG00469.1	1
AJA09025.1	1
VEG92626.1	1
QDT54952.1	1
QNI63245.1	1
AHK80633.1	1
ARU60504.1	1
ADD69495.1	1
QDU33969.1	1
QTN00818.1	1
AXL22411.1	1
QJB69427.1	1
AMN12556.1	1
QNN65708.1	1
QTN39640.1	1
QDS99812.1	1
UKA21660.1	1
ANO50963.1	1
UHC80945.1	1
SNV70040.1	1
QXI18811.1	1
AZZ36580.1	1
BCA64303.1	1
AIY66652.1	1
QGA51009.1	1
ATA70864.1	1
ABQ90753.1	1
ADB46802.1	1
AHJ31026.1	1
UPH89044.1	1
QSS99803.1	1
AGH46288.1	1
QQA08327.1	1
UNU41580.1	1
ALJ44390.1	1
QDX25975.1	1
UNL84840.1	1
QDT12291.1	1
AGK95913.1	1
QPC81192.1	1
CAV18698.1	1
AKJ29895.1	1
CDI50442.1	1
AGC44798.1	1
QLE09386.1	1
QDV82919.1	1
QNI96205.1	1
ADZ90022.1	1
AHF05346.1	1
CAJ99904.1	2
UJF23813.1	2
QCI72135.1	2
QCS61994.1	2
ADU81287.1	2
BBK69416.1	2
QUY00581.1	2
AGI33645.1	2
QDK10949.1	2
AVQ08457.1	2
QIX19611.1	2
ANV98436.1	2
AVO32106.1	2
BAS67681.1	2
QNF14921.1	2
CAX28955.1	2
CAV27602.1	2
QJD89668.1	2
QIA64473.1	2
ACJ07562.1	2
AZR95918.1	2
QEE97303.1	2
UQP00272.1	2
UDG76670.1	2
AKS41029.1	2
AZM96695.1	2
APE32109.1	2
ANY17963.1	2
ALM85296.1	2
UNU27726.1	2
AEN15044.1	2
AZR36325.1	2
AHF02222.1	2
ALS59048.1	2
QHC50206.1	2
BBM05686.1	2
AVH31565.1	2
VEE36595.1	2
QBQ98100.1	2
ACX97607.1	2
ARB45417.1	2
AYB55633.2	2
AZL51955.1	2
QEF27151.1	2
AKO51591.1	2
QTL96275.1	2
AGL68094.1	2
ATF85613.1	2
AGT73693.1	2
QZP15826.1	2
AIW12738.1	2
QYO69957.1	2
QWE24921.1	2
AOA57468.1	2
AUZ19587.1	2
ANP75009.1	2
QOQ68756.1	2
QEZ45933.1	2
UAY75530.1	2
AXL53066.1	2
AWT13889.1	2
QXC57409.1	2
ADE13100.1	2
ARO97192.1	2
AZS78037.1	2
UOS98742.1	2
QFT34965.1	2
CCA84560.1	2
CAD1796308.1	2
BAW45309.1	2
UGQ35662.1	2
QHZ97957.1	2
QEF22886.1	2
QKU71814.1	2
ASR90936.1	2
AFF24739.1	2
QWL77835.1	2
BCK22175.1	2
AYN22224.1	2
QDY63522.1	2
QIC82503.1	2
ALM80503.1	2
AIU68123.1	2
UQN69416.1	2
QTB98591.1	2
UNJ99399.1	2
CCM73573.1	2
AZP94981.1	2
ADZ89931.1	2
QEF37713.1	2
UBU50454.1	2
QPK05386.1	2
BBT78413.1	2
AVK73138.1	2
BCK32718.1	2
ANH46649.1	2
AFX89633.1	2
BBB24137.1	2
UNV90902.1	2
URX63982.1	2
BCZ18993.1	2
QOU29767.1	2
ALK29216.1	2
UQY97981.1	2
QQX46406.1	2
ATG88843.1	2
ADP14526.1	2
QJT25928.1	2
UNB60648.1	2
AUZ54046.1	2
QEN10839.1	2
QHG88534.1	2
BAM97839.1	2
AXI83387.1	2
BBI60629.1	2
QXW18535.1	2
QDL54294.1	2
BAJ55009.1	2
UBU50521.1	2
AUW37794.1	2
AMG40242.1	2
AAW84646.1	2
BAW49869.1	2
BBQ50995.1	2
UPG94766.1	2
AIW20563.1	2
AQM65436.1	2
AAD08086.1	2
QEF41055.1	2
AWI49985.1	2
UJQ37047.1	2
UCU99506.1	2
QFT24997.1	2
UIF87833.1	2
CCB80298.1	2
QQB36583.1	2
UPR55308.1	2
AHZ25107.1	2
QOY93837.1	2
ANH42237.1	2
AWL06116.1	2
BDE69219.1	2
QIJ83403.1	2
CAP43181.1	2
AKB08382.1	2
QVQ24520.1	2
QJD69071.1	2
UOB05735.1	2
UIP28119.1	2
QIC81233.1	2
ARW84512.1	2
BAW39160.1	2
APX92755.1	2
ABO88295.1	2
AUV14439.1	2
APX61995.1	2
ASC63700.1	2
AHY57528.1	2
UIN20364.1	2
QIL70695.1	2
ATD28529.1	2
UJZ90094.1	2
AJW45784.1	2
BCK18654.1	2
AKD24592.1	2
AMW79711.1	2
BAW48750.1	2
QDY59484.1	2
QGZ39509.1	2
ACF53280.1	2
CBK52850.1	2
BBU06798.1	2
AXA72843.1	2
APR65794.1	2
QDJ41211.1	2
UIJ40671.1	2
QOR39281.1	2
UJM90834.1	2
ALN78529.1	2
QLH65019.1	2
AYD63328.1	2
QUJ67284.1	2
QIL85384.1	2
QKG01552.1	2
UQB42430.1	2
ALM84782.1	2
UQY87246.1	2
ANQ85478.1	2
AFV93009.1	2
AFX90812.1	2
QTD45165.1	2
QQB18155.1	2
BAM96323.1	2
AVU09006.1	2
AGY92744.1	2
AUZ77267.1	2
QDY55110.1	2
QNM96920.1	2
ATJ85898.1	2
ATF74670.1	2
UBB17388.1	2
UGA54977.1	2
AMQ41140.1	2
AWP64352.1	2
QNR99201.1	2
UPG90429.1	2
CAD0354179.1	2
AJG18376.1	2
UDG82436.1	2
ARC91060.1	2
SPM19864.1	2
AOW83803.1	2
AGA34683.1	2
BBJ02805.1	2
BBG87420.1	2
QJX01503.1	2
ACR02365.1	2
QET02584.1	2
AEA59144.1	2
QGW97605.1	2
AYR20611.1	2
ART81760.1	2
UPU49071.1	2
QRZ21170.1	2
BCK88801.1	2
SIT24832.1	2
UIN20360.1	2
CCK74277.1	2
CAL94935.1	2
BCX50520.1	2
QYJ24426.1	2
UEQ14678.1	2
ANH45241.1	2
AZW45406.1	2
AHF00213.1	2
APX92956.1	2
QKH35953.1	2
AJK44939.1	2
AMP37071.1	2
QXZ08802.1	2
AVG73952.1	2
ACA11951.1	2
AOZ01189.1	2
AFL74423.1	2
AWX15118.1	2
AJE09035.2	2
QWP77169.1	2
APW56962.1	2
ULR88888.1	2
QEF24017.1	2
ATJ82684.1	2
QDY62094.1	2
QWD94806.1	2
ANH48006.1	2
QEF38807.1	2
AFI02190.1	2
BCN36959.1	2
AEN16609.1	2
AEB48101.1	2
QXW29769.1	2
ABM17877.1	2
ATJ83133.1	2
ANJ87210.1	2
QJQ96024.1	2
ACI27154.1	2
APD13789.1	2
ADG14983.1	2
UGS89890.1	2
VVC82123.1	2
ARP01901.1	2
SQH96907.1	2
AJZ19375.1	2
UNE63163.1	2
QEF32466.1	2
UMU24318.1	2
ACX99021.1	2
QIK18024.1	2
URL02692.1	2
UFS55908.1	2
AIZ79369.1	2
ART46882.1	2
CBY83036.1	2
UCZ56940.1	2
BBF11544.1	2
AHN37366.1	2
SQH70858.1	2
QWD80065.1	2
ATF08824.1	2
CCG94140.1	2
BAW52950.1	2
UKA01982.1	2
QEF31452.1	2
AVY94144.1	2
AHZ28756.1	2
UEQ06161.1	2
AEF53570.1	2
AYQ45341.1	2
QWE14805.1	2
AMF95586.1	2
CAG9296032.1	2
AGI10320.1	2
AGL69673.1	2
ABM58223.1	2
ACQ91661.1	2
AKD24591.1	2
QBP10822.1	2
AHN34456.1	2
AZY47799.1	2
AWI79541.1	2
UHL63231.1	2
ARR50412.1	2
AVV96613.1	2
UJB15612.1	2
QET99962.1	2
QJQ94025.1	2
BCK11416.1	2
ANB53508.1	2
AGW89223.1	2
ALP52171.1	2
UBR52083.1	2
AAO28682.1	2
QGZ54202.1	2
BCK25603.1	2
SMA52404.1	2
QGL73475.1	2
QXO17257.1	2
BAW73220.1	2
QEF35600.1	2
AWB71735.1	2
UGB38194.1	2
USA53220.1	2
QDA12673.1	2
QDC91871.1	2
UKH22826.1	2
BBI47605.1	2
AAF84797.1	2
BCX75274.1	2
BCZ17041.1	2
AXY40736.1	2
ANJ24060.1	2
AFI03993.1	2
AGQ39227.1	2
AUI93049.1	2
AYC06485.1	2
AOA73761.1	2
QBG85221.1	2
UJB19564.1	2
UIP03971.1	2
ALJ26624.1	2
URV25283.1	2
AFI06234.1	2
QYF99603.1	2
AJX18106.1	2
QJD99763.1	2
ANH40882.1	2
QDY60928.1	2
AJD65442.1	2
QEE96274.1	2
BAW71696.1	2
AHX63356.1	2
VEI46662.1	2
AHC45693.1	2
BAP35624.1	2
ASP38182.1	2
AVS83607.1	2
ASO30236.1	2
BCR30854.1	2
UPQ88100.1	2
ALA81733.1	2
ASK78052.1	2
QOT78450.1	2
QWF16635.1	2
CAH1043958.1	2
VEJ26153.1	2
BAJ58482.1	2
AER55593.1	2
QWD85541.1	2
ACO75932.1	2
QIO06841.1	2
QBM18139.1	2
ATZ62541.1	2
AEM52937.1	2
QLE93163.1	2
AGO01088.1	2
AOX62054.1	2
CAG18657.1	2
QUF68991.1	2
ABF84475.1	2
URW82388.1	2
QEF33959.1	2
UID80682.1	2
QAA94722.1	2
BCQ22782.1	2
QSG84093.1	2
QKH45204.1	2
QBQ36657.1	2
QDQ83362.1	2
QHC06145.1	2
QHB72877.1	2
QIC60668.1	2
ABX14660.1	2
AYO15887.1	2
CAE6880544.1	2
AJR07220.1	2
QCS63237.1	2
QDY58055.1	2
UOE80942.1	2
QEA40046.1	2
BAJ59534.1	2
QNN59368.1	2
AYJ08280.1	2
UMT85383.1	2
APG06377.1	2
QIC83800.1	2
UBQ04404.1	2
BDB23454.1	2
ADO02028.1	2
ABL02621.1	2
AVF42266.1	2
UPR26436.1	2
APA85378.1	2
CEP36891.1	2
AFI07110.1	2
QEF43096.1	2
QNF16686.1	2
AKE81621.1	2
QGL94615.1	2
ASG08773.1	2
BDA01618.1	2
QHC50278.1	2
UGB45740.1	2
QWE16886.1	2
QII31195.1	2
AVO49204.1	2
QGM00415.1	2
QEF28054.1	2
QFY41999.1	2
AXN32105.1	2
UPL21888.1	2
UEL54482.1	2
BCX45563.1	2
AJX73230.1	2
UOV03512.1	2
AQM28597.1	2
QDX21086.1	2
AFF20476.1	2
AUV49980.1	2
BCK05774.1	2
AEH31987.1	2
AHN38771.1	2
QMV12953.1	2
AYQ56989.1	2
AWK83161.1	2
QKH34699.1	2
QIM62304.1	2
ALK98759.1	2
QOC21840.1	2
QNG87141.1	2
AIO41415.1	2
QWE26955.1	2
QQP95283.1	2
AVS72833.1	2
QEF44351.1	2
ARB45412.1	2
UJF23808.1	2
ARP96986.1	2
QIO89659.1	2
ASL02291.1	2
AVO33168.1	2
QWL59582.1	2
AWH22890.1	2
URF03397.1	2
QQE56617.1	2
BCA80112.1	2
ART78836.1	2
ATP11456.1	2
CAD7727063.1	2
AXE61661.1	2
AYZ67141.1	2
UQN88388.1	2
UKE61620.1	2
QSY68210.1	2
UOV00443.1	2
QWL60861.1	2
UJF23812.1	2
ADT85371.1	2
AFK61436.1	2
AIT28495.1	2
QCP81448.1	2
ADN79554.1	2
CDM22510.1	2
UQN52428.1	2
QFU01516.1	2
BAW70150.1	2
AEN18119.1	2
ABQ13717.1	2
QEF42485.1	2
QBH19156.1	2
BCD45856.1	2
BBB23032.1	2
QWE93841.1	2
UHJ65115.1	2
ADV26098.1	2
QSV14247.1	2
UKA25512.1	2
QJY37745.1	2
AHG62798.1	2
QLD33734.1	2
QIZ83922.1	2
QWL67762.1	2
QNP85766.1	2
AIT25969.1	2
QQA60218.1	2
QFI40154.1	2
UQN35689.1	2
CEP36359.1	2
ARP40951.1	2
QDG71368.1	2
BCK15047.1	2
AUI85106.1	2
AMD00400.1	2
CAG7597755.1	2
AQM20643.1	2
ADO06655.1	2
AGH80446.1	2
QJW29200.1	2
APE32105.1	2
QSR45493.1	2
AQM01323.1	2
QEA12971.1	2
ALM65181.1	2
AAF93413.1	2
UDN22839.1	2
QFT85216.1	2
BCK04410.1	2
QBK04702.1	2
URL60454.1	2
QIM48044.1	2
CAD1796439.1	2
QWC87881.1	2
QRF89069.1	2
UDW83675.1	2
QCG49760.1	2
AKD38232.1	2
QEF36253.1	2
BAO98044.1	2
QJE00717.1	2
UOH19254.1	2
QLB20567.1	2
QOW52146.1	2
AEE70072.1	2
AIO75251.1	2
ADU79633.1	2
ALM79053.1	2
AJC14861.1	2
AEI16491.1	2
VEJ25498.1	2
AGI61060.1	2
BCS49960.1	2
UDM08475.1	2
QWE22879.1	2
AGI61059.1	2
ANO31851.1	2
ANE57560.1	2
QKK10241.1	2
QIF42621.1	2
AFT85130.1	2
QKK01874.1	2
AGM46167.1	2
AAM43002.1	2
ADX44247.1	2
ASA57149.1	2
UAN02333.1	2
QGZ75128.1	2
AUA54616.1	2
BCK27000.1	2
AFU19338.1	2
AGX87695.1	2
ATL97975.1	2
QKE35672.1	2
UQV47088.1	2
BBM65875.1	2
QFY79263.1	2
CBW14380.1	2
UMU22920.1	2
ADO03648.1	2
URM14387.1	2
AZG15313.1	2
AXY43654.1	2
ADU82855.1	2
AHK17193.1	2
AMG03388.1	2
UJF18231.1	2
ANH44122.1	2
AVJ30879.1	2
SOE46489.1	2
UBR45662.1	2
AZM96136.1	2
AMD47487.1	2
QRP65528.1	2
QEK95606.1	2
ALP39846.1	2
QFS85807.1	2
AHN35929.1	2
QCP11664.1	2
ABF09585.1	2
QXL83774.1	2
AGL71638.1	2
QUM74919.1	2
QJY31700.1	2
ABQ98851.1	2
ATL94423.1	2
AVS69170.1	2
BAN22682.1	2
AHZ26557.1	2
BAV99971.1	2
AMD00102.1	2
UKE47601.1	2
QHS37746.1	2
AZL83689.1	2
ALK88088.1	2
UKH20273.1	2
QBH99953.1	2
QND79665.1	2
ALX82699.1	2
UPG86012.1	2
UQO11152.1	2
ADU98080.1	2
VEJ23404.1	2
UAX42100.1	2
QXX80258.1	2
CUU16975.1	3
UPK28840.1	3
QDL39430.1	3
AYY59557.1	3
AHE66237.1	3
QIR77284.1	3
AWN75820.1	3
ANW02340.1	3
BAO80182.1	3
QDF39228.1	3
BAP55285.1	3
AZQ51862.1	3
UFS87845.1	3
CEG56313.1	3
QDV17402.1	3
UPT89607.1	3
QHE77286.1	3
QKJ59616.1	3
QCT93899.1	3
BBJ22349.1	3
AJJ62629.1	3
BAO82468.1	3
UFW47017.1	3
QOG11498.1	3
QOG23585.1	3
AIN16709.1	3
QIO32827.1	3
AOL04583.1	3
BAL10753.1	3
QKE41294.1	3
CEN56347.1	3
UOB54676.1	3
AJK47317.1	3
AXK22927.1	3
AXF09518.1	3
QWG17424.1	3
SHK76659.1	3
QSI28316.1	3
AJJ20340.1	3
BCE23745.1	3
BCA95035.1	3
BBB67616.1	3
ABQ38928.1	3
UQD82385.1	3
APG10588.1	3
QOZ27189.1	3
QOZ79021.1	3
AXF21278.1	3
VTU14046.1	3
QQO23037.1	3
BAK74163.1	3
AZP11231.1	3
AXK66150.1	3
UPK08297.1	3
QOH35238.1	3
QOZ73702.1	3
UHM92778.1	3
CUQ68063.1	3
QOZ25705.1	3
UPJ98344.1	3
QDP25923.1	3
AMP91049.2	3
ADG24149.1	3
ABB24658.1	3
QQO17183.1	3
UGX99057.1	3
QNK70608.1	3
QOZ44096.1	3
QBS08707.1	3
QKF59856.1	3
UPK13919.1	3
SNV01484.1	3
AFQ47542.1	3
UNK25568.1	3
UQN45675.1	3
QPF87857.1	3
QQJ96255.1	3
QQN61299.1	3
UPK08298.1	3
AKF39704.1	3
UQD84274.1	3
AKF25915.1	3
ULS44622.1	3
QAU42693.1	3
AKL99000.1	3
QOZ77314.1	3
QSB00960.1	3
AYZ65905.1	3
AYU89270.1	3
BBP44030.1	3
UGX98604.1	3
QVN18329.1	3
SFZ37852.1	3
QNR96932.1	3
ALE56759.1	3
QLI81140.1	3
QPF93365.1	3
QKE26709.1	3
QRR10765.1	3
SCK31740.1	3
BCF97760.1	3
SDN33984.1	3
QVN10446.1	3
AUC96818.1	3
QOP43172.1	3
BBP95713.1	3
UFW85273.1	3
BAL75542.1	3
QDP21611.1	3
AOG25194.1	3
QFZ82270.1	3
QDL34495.1	3
AGE13742.1	3
QHO78284.1	3
AMJ56501.1	3
UFW39773.1	3
AKQ33258.1	3
AGU47444.1	3
AVQ82608.1	3
QNK32368.1	3
QDT98491.1	3
QKJ17834.1	3
QDU09751.1	3
AXK83772.1	3
VBB17400.1	3
QOZ53461.1	3
AMM26700.1	3
UPJ33207.1	3
SDS89253.1	3
UQD97539.1	3
AMN43473.1	3
QBF16460.1	3
QZA77831.1	3
ACC71253.1	3
QSN62105.1	3
QOY55231.1	3
VTU16954.1	3
SHH70266.1	3
QYG06098.1	3
QFR42851.1	3
AOF16293.1	3
QOZ34616.1	3
AZP43898.1	3
QWD89173.1	3
QTR44866.1	3
QKV54691.1	3
AKH20856.1	3
UPU00675.1	3
QUS41632.1	3
QKF72663.1	3
AHY50876.1	3
UJH72524.1	3
UKI09024.1	3
QQZ28095.1	3
BDD87075.1	3
ABV68054.1	3
BBP46618.1	3
ABE63572.1	3
UFW47066.1	3
SHH65373.1	3
QBC43554.1	3
AMH00520.1	3
ABO55398.1	3
BBG66527.1	3
QKF90553.1	3
SNV48414.1	3
AXK48395.1	3
QZA81665.1	3
ATF86745.1	3
UPJ29938.1	3
UGY04393.1	3
UCN00610.1	3
SHK03608.1	3
AXH15535.1	3
UJS26473.1	3
VEB29605.1	3
APF02633.1	3
AMK77351.1	3
QRN02541.1	3
ATW34460.1	3
UQD76813.1	3
QQK01785.1	3
QWG14894.1	3
QOZ48645.1	3
ADR34788.1	3
BBE09089.1	3
ATX81436.1	3
AJJ12487.1	3
CUT13957.1	3
QOZ51990.1	3
BBC00506.1	3
AEH44571.1	3
QLH41393.1	3
AKP34183.1	3
QLZ69611.1	3
QDT90111.1	3
BBB15030.1	3
AKJ69001.1	3
QBS13121.1	3
ACB64708.1	3
SCK36569.1	3
AGF78909.1	3
UQD77420.1	3
UPJ44650.1	3
VEH13011.1	3
AUY15712.1	3
QNK85496.1	3
BAL09054.1	3
AJK10090.1	3
QQN67405.1	3
UFS56089.1	3
QHO79444.1	3
QND73213.1	3
BAL74917.1	3
UNK22896.1	3
QJQ05753.1	3
AOW52516.1	3
SNY82243.1	3
CAE1140996.1	3
SNV51595.1	3
UFW91321.1	3
BAL77166.1	3
QWG25039.1	3
ATM97320.1	3
VEI18538.1	3
AWM02356.1	3
UOA07271.1	3
UPJ71590.1	3
BDB67699.1	3
QDD12068.1	3
QOZ08497.1	3
UAN43965.1	3
CAA2100593.1	3
QDD13346.1	3
QOP46109.1	3
QOZ43520.1	3
ALE52197.1	3
QWE28105.1	3
QDW39738.1	3
AOI97404.1	3
ULK97734.1	3
VEH85779.1	3
ATQ75391.1	3
ASM10850.1	3
AWO92819.1	3
ATB70342.1	3
ATV44524.1	3
AOI79256.1	3
SHH40442.1	3
QDC89268.1	3
QKJ15057.1	3
ACJ17790.1	3
QKJ03019.1	3
QIM50963.1	3
QCR60886.1	3
CUU18887.1	3
QRF57987.1	3
AMG98891.1	3
VTV12887.1	3
QFI75136.1	3
UPK39952.1	3
ADV46649.1	3
QEE33435.1	3
QDM01748.1	3
QWG14446.1	3
ASV34223.1	3
QSZ41330.1	3
VBB13167.1	3
AJJ63116.1	3
QKF67957.1	3
UGX95880.1	3
UEP47336.1	3
QFI77324.1	3
QOF78904.1	3
VEB38507.1	3
QKE29474.1	3
UPJ56535.1	3
BBO03644.1	3
QHE87332.1	3
QHO78186.1	3
QDU02019.1	3
VTU13028.1	3
ABQ37621.1	3
QHB31301.1	3
QTN28952.1	3
UQN89220.1	3
VEA64642.1	3
UJD78277.1	3
QOZ68995.1	3
AUC98277.1	3
AUT60051.1	3
BCL62601.1	3
UFW39707.1	3
QDI17541.1	3
BBO63751.1	3
QDT83981.1	3
AOJ86196.1	3
ALK31530.1	3
AYM89843.1	3
VTU19252.1	3
SQJ03473.1	3
QGQ22291.1	3
BBE49703.1	3
AFL69185.1	3
ALP62458.1	3
AJJ23529.1	3
ABB09246.1	3
QQN70959.1	3
ADI30393.1	3
QJR30766.1	3
QPI50474.1	3
QNB01214.1	3
UAW64843.1	3
UPJ54048.1	3
ABB44975.1	3
QNA90315.1	3
ACR29727.1	3
AVD72110.1	3
AYM98078.1	3
CEK10299.1	3
AXX92912.1	3
ANI30813.1	3
AOY91351.1	3
UQP44917.1	3
BBA42902.1	3
SDR83238.1	3
QNM88613.1	3
AWN72927.1	3
QGQ30864.1	3
UPJ52021.1	3
UQR60692.1	3
QDM18642.1	3
ACQ68638.1	3
QGZ60985.1	3
VTU22337.1	3
QWG17425.1	3
AXX85255.1	3
AWL94991.1	3
ARA78230.1	3
UGY16011.1	3
QTO17868.1	3
QIG91761.1	3
BAR60870.1	3
APG09279.1	3
QCP51657.1	3
BAM88496.1	3
QHA87161.1	3
QKJ26654.1	3
UFW74779.1	3
QWF72577.1	3
VEH34073.1	3
AMA59243.1	3
AJJ03212.1	3
QTX11318.1	3
SMX57177.1	3
QKF86322.1	3
AGR78020.1	3
UPJ33797.1	3
UEM10645.1	3
ALE02772.1	3
AMC36269.1	3
BCA05779.1	3
AYJ79683.1	3
ASN87605.1	3
CAG9932546.1	3
ALG66661.2	3
BAF72892.1	3
BBO59697.1	3
QAU35522.1	3
QDF29541.1	3
QOZ13271.1	3
ULK99210.1	3
QHB34705.1	3
AJI83353.1	3
UEM17162.1	3
QBM29627.1	3
QAU24706.1	3
UGA46562.1	3
QOZ44046.1	3
QBC30033.1	3
AZN37386.1	3
QDW34820.1	3
QKJ66499.1	3
QDP72462.1	3
ACZ12826.1	3
QDV49961.1	3
QIG93346.1	3
ARQ00695.1	3
AHK19783.1	3
UPK00446.1	3
QHO76596.1	3
AOF80656.1	3
QND95539.1	3
CAL78891.1	3
BBJ00629.1	3
AJJ12373.1	3
VTU15771.1	3
QSL25793.1	3
AUQ41037.1	3
SOB76685.1	3
VDZ53961.1	3
AWU99588.1	3
UPK40337.1	3
UFZ04387.1	3
ALX13291.1	3
AEG02403.1	3
QPK24059.1	3
QIB23636.1	3
SPP94229.1	3
ACA91494.1	3
QPF82903.1	3
UPJ46424.1	3
UQD71235.1	3
QAU45985.1	3
AKF37852.1	3
AMA58983.1	3
CAZ89447.1	3
UPY94966.1	3
BAT59288.1	3
QOZ56113.1	3
QLK62223.1	3
UQD94966.1	3
CUT14640.1	3
AQZ97741.1	3
VTU30502.1	3
SHL52562.1	3
ABA05664.1	3
AMO25129.1	3
UFS75971.1	3
AOS78191.1	3
QPF88766.1	3
AHG20381.1	3
APO53637.1	3
QWG24621.1	3
UAN64901.1	3
APW42763.1	3
QKF82564.1	3
SHH62747.1	3
APR35231.1	3
AND91072.1	3
ASQ46363.1	3
QOZ78376.1	3
QIL45256.1	3
CAL60673.1	3
UOD31167.1	3
AYQ30591.1	3
ABM37362.1	3
QQO11921.1	3
BBB61555.1	3
SNV44164.1	3
UOA10750.1	3
AFV98295.1	3
AYJ77663.1	3
SDJ73572.1	3
UPJ64879.1	3
UGV28098.1	3
QOZ33114.1	3
ATM86242.1	3
QWG24622.1	3
AOF19426.1	3
BAR61665.1	3
ADU34485.1	3
AXX87639.1	3
ARU49464.1	3
UFW40245.1	3
UPK25029.1	3
BAX58304.1	3
QNM90687.1	3
ADN08337.1	3
SHH89503.1	3
ACT15107.1	3
AIO24451.1	3
ATX80270.1	3
UPT90367.1	3
QEZ88614.1	3
SHM79937.1	3
ATX81434.1	3
UEP26969.1	3
QOY51420.1	3
APW46510.1	3
AHM74469.2	3
AOW12394.1	3
QFI70929.1	3
QJU37892.1	3
ASF47698.1	3
UFW53614.1	3
UJW81737.1	3
AXH11847.1	3
AYD42826.1	3
QRN38178.1	3
QFR48663.1	3
AJX15371.1	3
ADW18955.1	3
BCZ96586.1	3
BBA45605.1	3
SMB21565.1	3
QYD67836.1	3
AIO33052.1	3
QAU39353.1	3
QQO37655.1	3
AKG70933.1	3
QIP01755.1	3
ASY81653.1	3
ARB90830.1	3
ATM88568.1	3
AUT68915.1	3
QHP70670.1	3
UFS88144.1	3
QJC56548.1	3
ATM97989.1	3
AND70198.1	3
QIP93811.1	3
UPJ70830.1	3
CEG57209.1	3
BBL22718.1	3
VEB36565.1	3
AHY52979.1	3
UQO57817.1	3
VTP59702.1	3
BCO28193.1	3
ARG97199.1	3
QNK74869.1	3
QPF95172.1	3
AJY12885.1	3
QMT60759.1	3
UJB66153.1	3
ASY75146.1	3
ABE43910.1	3
UQO18012.1	3
QRR35480.1	3
ANW03452.1	3
UGY14100.1	3
BBB98655.1	3
ABS77097.2	3
QDT41827.1	3
QHP69440.1	3
AWC79203.1	3
ALL64576.1	3
QXO65388.1	4
UCP87762.1	4
AZV03845.1	4
AUT98496.1	4
SMZ59071.1	4
AGP46598.1	4
QJT83227.1	4
QBG05765.1	4
AUY12696.1	4
QCA20586.1	4
UEG33341.1	4
AEX54204.1	4
AHF76227.1	4
ASD57145.1	4
VEA70849.1	4
APS31926.1	4
AVF38140.1	4
AER30685.1	4
ASM19023.1	4
QXO61625.1	4
AGE20547.1	4
AML56373.1	4
AJB69176.1	4
AVU37655.1	4
AVV38983.1	4
AWC74676.1	4
QMI03410.1	4
QXO57763.1	4
UGS46216.1	4
UAN35897.1	4
QJI80920.1	4
QLP25255.1	4
AEQ14885.1	4
AZI52204.1	4
AGB84657.1	4
AEF48018.1	4
QPX99066.1	4
AUU88325.1	4
ACX90066.1	4
UIA82494.1	4
VAV76866.1	4
QTF06657.1	4
AKG68950.1	4
ATX97586.1	4
QOR49473.1	4
QCR09773.1	4
QIX78867.1	4
QHM73046.1	4
ALB56721.1	4
AVJ19836.1	4
QHG27668.1	4
BBV74054.1	4
AOV13456.1	4
AVQ93246.1	4
QSD22635.1	4
QLK63060.1	4
ALV93723.1	4
VEC64974.1	4
SAY45661.1	4
AFJ48925.1	4
AOT44600.1	4
AWC93173.1	4
QJA22153.1	4
ANI80700.1	4
QIR25054.1	4
ADP10933.1	4
AYL58965.1	4
VEJ56934.1	4
QLM93598.1	4
UBN54363.1	4
QPK15631.1	4
QRY00095.1	4
AWQ50212.1	4
AVG14662.1	4
QLN17359.1	4
UJD91467.1	4
QIY78777.1	4
UQY45737.1	4
QLO34415.1	4
AWS94644.1	4
AVG01272.1	4
CDJ79278.1	4
AIR05328.1	4
AMA05148.1	4
ALB72573.1	4
CAO95127.1	4
AYN28196.1	4
QBC05049.1	4
CDG14611.1	4
QII39429.1	4
AWP31742.1	4
QDJ78071.1	4
ALB68674.1	4
CAD5351341.1	4
QMR76064.1	4
BBV28624.1	4
UBX50322.1	4
QWA09441.1	4
AOP81024.1	4
AAQ58495.1	4
AHW96214.1	4
AUM01747.1	4
QQN33943.1	4
AGQ33431.1	4
AZP44369.1	4
QPK02647.1	4
AVF37906.1	4
UMO87407.1	4
UMV38812.1	4
UCZ79390.1	4
AIN20910.1	4
QGU12950.1	4
AXU96963.1	4
AOR63335.1	4
QJI71464.1	4
UCQ54211.1	4
UGS42947.1	4
AAC76646.1	4
UAN36505.1	4
QQO72726.1	4
QNM18630.1	4
ADU69871.1	4
BBI93578.1	4
UAN51357.1	4
UIL53154.1	4
AMG71734.1	4
QQK70562.1	4
UJL36504.1	4
AGG29581.1	4
QLD38724.1	4
BCN97438.1	4
QLD05030.1	4
QKV88673.1	4
QDY40710.1	4
AYA09182.1	4
BCL40616.1	4
AYA07518.1	4
AEN62882.1	4
ASI14428.1	4
QCP58228.1	4
QGN40288.1	4
CAG73081.1	4
ADW75932.1	4
QZY97798.1	4
AVK35704.1	4
VDZ85730.1	4
QLY63382.1	4
ATI64135.1	4
QTN51688.1	4
AKL18743.1	4
UDQ75813.1	4
CAH5940349.1	4
QWQ18907.1	4
AHE73054.1	4
ATP27600.1	4
ATA19995.1	4
QEL34035.1	4
QBH98372.1	4
AYL03726.1	4
QCW57483.1	4
QHA87352.1	4
AOV98373.1	4
QDX99049.1	4
AIF63096.1	4
QKO41321.1	4
UNK28258.1	4
QFS69386.1	4
VEC01955.1	4
QLR03157.1	4
QOV79100.1	4
QZE44927.1	4
AGO57576.1	4
UOY70871.1	4
UFK51080.1	4
QQE39909.1	4
VDZ55047.1	4
BBW24954.1	4
AVT56868.1	4
AVL16671.1	4
QIC89398.1	4
ATZ10060.1	4
QDL87615.1	4
SQI35662.1	4
AWQ20723.1	4
QLQ65009.1	4
APG20507.1	4
QQG30419.1	4
AVE50716.1	4
QLQ95864.1	4
QLN31301.1	4
QWL89606.1	4
APK41852.1	4
QZQ50138.1	4
UKE82409.1	4
QIE98022.1	4
AQT64565.1	4
QDI21034.1	4
AKK50491.1	4
UCQ27651.1	4
QJF91462.1	4
AOF01494.1	4
QOV68737.1	4
QLV57484.1	4
QBM25917.1	4
QCR58907.1	4
QLQ99388.1	4
QXM20946.1	4
QEW34154.1	4
QIB09145.1	4
AIX49716.1	4
VEB40738.1	4
QYO51379.1	4
URR13156.1	4
QJU26366.1	4
QKJ52606.1	4
QIZ45552.1	4
QLW88405.1	4
UQQ30942.1	4
QIH66083.1	4
AOP89490.1	4
BCG11383.1	4
QKE22448.1	4
QXO72848.1	4
QHM75847.1	4
QEU13217.1	4
QKN79959.1	4
QMR45662.1	4
QZA36553.1	4
AMO83784.1	4
UFT94239.1	4
QLJ24700.1	4
QTC51226.1	4
AVY96869.1	4
QVJ11246.1	4
QLV66496.1	4
QCE27021.1	4
BBW19763.1	4
ARZ78319.1	4
CAD5351201.1	4
UBX44916.1	4
QIU90960.1	4
AIR60155.1	4
AFN85580.1	4
AVZ12475.1	4
QUT15505.1	4
AKL01922.1	4
ANF58932.1	4
VEB91273.1	4
CBA34450.1	4
AIX75299.1	4
QLR45411.1	4
ATA26150.1	4
QBX83311.1	4
ASN17230.1	4
UCB32765.1	4
AVE16883.1	4
UKY38584.1	4
CAX53291.1	4
SNY86149.1	4
QMI61419.1	4
QPR28773.1	4
BBS35262.1	4
AHA68131.1	4
BAO36472.1	4
QGH61257.1	4
AHB72385.1	4
AIA46270.1	4
AKJ43549.1	4
QCA03322.1	4
QGY29828.1	4
QZX97386.1	4
AVH17860.1	4
UHM92127.1	4
ADO10717.1	4
UEM39281.1	4
QQX55349.1	4
AWS80039.1	4
ULK51621.1	4
QQN35787.1	4
AEW71555.1	4
QKJ89051.1	4
AMJ68572.1	4
ARU95800.1	4
QZN95462.1	4
UKS48212.1	4
ULI15069.1	4
BCT16940.1	4
QCC78987.1	4
QLO87196.1	4
ADT77239.1	4
QHS49351.1	4
UKK88705.1	4
SBT62309.1	4
AUX74286.1	4
API49555.1	4
QBB07509.1	4
AHB62745.1	4
CAE1151517.1	4
QND83231.1	4
QXL93514.1	4
ABB63972.1	4
QLS52753.1	4
CDG49136.1	4
QWM00501.1	4
UNK53995.1	4
UKJ21536.1	4
AWN80102.1	4
UFK39644.1	4
QDI54721.1	4
QZE29368.1	4
QHW22565.1	4
QLH61716.1	4
QJW58126.1	4
AFI92570.1	4
QGN40770.1	4
UNC48170.1	4
APK30031.1	4
UCT08560.1	4
ARM77732.1	4
AUJ79648.1	4
SQK76912.1	4
URQ60708.1	4
ARF50674.1	4
VDZ52839.1	4
QAT72697.1	4
QBN08564.1	4
QGR08551.1	4
QZY96897.1	4
ATM76270.1	4
ADO46404.1	4
VTP68613.1	4
UNH24164.1	4
UAN17159.1	4
AYA14148.1	4
AMY64061.1	4
QRQ74232.1	4
QLP49346.1	4
VEI63834.1	4
QLJ68421.1	4
UBX44917.1	4
AVR02109.1	4
QNK06879.1	4
UCP91726.1	4
ATG18270.1	4
QGG10144.1	4
SQI46791.1	4
URG51073.1	4
QMV52174.1	4
AWH88685.1	4
AIM24168.1	4
QHP82262.1	4
ASQ75112.1	4
ATY89035.1	4
ACB18664.1	4
QXE15604.1	4
AWV78269.1	4
QZY92252.1	4
UJD82415.1	4
UAN31932.1	4
ALE98086.1	5
CAG36180.1	5
QEO42305.1	5
ULN64558.1	5
QPJ99569.1	5
QNK99983.1	5
UPW19180.1	5
AKG68224.1	5
ACI21918.1	5
CDJ75109.1	5
UIW17924.1	5
AYM91976.1	5
AYO66278.1	5
QLQ64396.1	5
QBJ28251.1	5
ARR50289.1	5
QFI39708.1	5
QIZ78543.1	5
QUG77784.1	5
AIW15163.1	5
QSX34002.1	5
ALD45133.1	5
AHY09705.1	5
BBU99081.1	5
VEI66024.1	5
SQI46350.1	5
AHY06291.1	5
AHM75636.2	5
SNY85723.1	5
AAF93566.1	5
ART81595.1	5
QJU42000.1	5
ATP92390.1	5
ATG75271.1	5
ANJ93657.1	5
QIO26465.1	5
AOF01108.1	5
AFI84419.1	5
QDL34802.1	5
AYZ30480.1	5
VEI15231.1	5
ASM13932.1	5
QQX55959.1	5
AKG68828.1	5
ASU21347.1	5
QLE93295.1	5
QIE98856.1	5
QSV14369.1	5
UBR47671.1	5
AYM92549.1	5
QFH62053.1	5
ATM76054.1	5
QZY94812.1	5
QJW53204.1	5
AUU10762.1	5
QDI49475.1	5
UMK52301.1	5
UPR26538.1	5
QFT37678.1	5
BDC81690.1	5
VEI66225.1	5
QAX79773.1	5
QHI80055.1	5
UKA25640.1	5
UJD82535.1	5
UIL51493.1	5
AKL42076.1	5
AGE20151.1	5
VEI63314.1	5
QFT25164.1	5
AUZ84439.1	5
ASL94643.1	5
QKJ15266.1	5
QSR42787.1	5
AIA46732.1	5
QWL68493.1	5
QLA06937.1	5
AID70922.1	5
UCM58961.1	5
ALL36697.1	5
UQN42428.1	5
ANS84378.1	5
QLV58305.1	5
AML56194.1	5
AXL04809.1	5
AUQ42722.1	5
AXV33700.1	5
QOV54591.1	5
ASV56836.1	5
BCL68498.1	5
ASI89884.1	5
BBL90058.1	5
QPS90342.1	5
AMR39314.1	5
QZY90293.1	5
QJT30082.1	5
AQM20443.1	5
ATY79321.1	5
UPH44400.1	5
AGP43541.1	5
VEI75633.1	5
BBJ64168.1	5
AZU48764.1	5
QUY47446.1	5
QSR36040.1	5
CCO59060.1	5
UIP28248.1	5
BBR09965.1	5
AIW20012.1	5
ACH66615.1	5
UQV21930.1	5
ALL40066.1	5
QJT19790.1	5
BBO65030.1	5
ABM02230.1	5
BAN95422.1	5
AYM89259.1	5
QKN79779.1	5
QXC57254.1	5
AXB30282.1	5
ULG10914.1	5
QET77817.1	5
ALX93965.1	5
AEF47903.1	5
UAN45370.1	5
UAB69920.1	5
ABF05539.1	5
AGQ33309.1	5
QCU90776.1	5
QEW32603.1	5
UNU28973.1	5
ABK37708.1	5
UOE80830.1	5
ATM74940.1	5
BBG71359.1	5
ANS41600.1	5
AWA07297.1	5
QXL96882.1	5
ASM19725.1	5
SAY45222.1	5
AVN35685.1	5
CDJ78863.1	5
ARP39372.1	5
AVU37241.1	5
UPR55465.1	5
QWR82847.1	5
ASM09129.1	5
QYO69824.1	5
QQE42111.1	5
QWQ16492.1	5
QXL95796.1	5
BBC40072.1	5
AGP43370.1	5
AGH82185.1	5
QNQ55663.1	5
VEI61901.1	5
AGE84813.1	5
ART78995.1	5
UCM43838.1	5
BBU94533.1	5
ART81767.1	5
ANW24643.1	5
ANJ92411.1	5
UIJ40518.1	5
QHE58856.1	5
CAV17328.1	5
UKY36421.1	5
ADN74571.1	5
SQI34354.1	5
AXB32530.1	5
QQQ12284.1	5
AEY01577.1	5
AKE94465.1	5
AGM44860.1	5
AVP85282.1	5
AKJ43962.1	5
QDI54336.1	5
QLV67145.1	5
QDI15752.1	5
AXL04924.1	5
AHB68914.1	5
UJQ35557.1	5
ANG63287.1	5
ALB69334.1	5
AWS50295.1	5
QSR51103.1	5
QGU86521.1	5
AUZ84486.1	5
QIR66108.1	5
AXL04814.1	5
AWC71238.1	5
ASL84741.1	5
QCR60258.1	5
AMG03516.2	5
VEI62061.1	5
QGH61143.1	5
CAQ78131.1	5
CDG14199.1	5
ANS44712.1	5
QDI46385.1	5
QCJ71412.1	5
AST82365.1	5
QZE48952.1	5
UPR33201.1	5
AXH63864.1	5
UJP33238.1	5
SQJ16093.1	5
ANS43573.1	5
QUM83191.1	5
BBB28938.1	5
QQE43815.1	5
AIM23776.1	5
AEY00568.1	5
AWD03253.1	5
AKG72468.1	5
CAE1147666.1	5
BBG84341.1	5
AVE51145.1	5
ANU37505.1	5
QHC47017.1	5
AAW84835.1	5
SYZ82391.1	5
QDI20646.1	5
AJJ36345.1	5
VTP64670.1	5
QWR94629.1	5
AUV14837.1	5
UIL54649.1	5
QFS62347.1	5
UAA39664.1	5
ANP77650.1	5
QJD71458.1	5
QWU36961.1	5
CBA33881.1	5
QOU01578.1	5
QKO40933.1	5
QFU01480.1	5
AYV39390.1	5
AGO57419.1	5
AKG70312.1	5
AGO54200.1	5
QHB31505.1	5
VDZ55744.1	5
QIJ83804.1	5
AUY16848.1	5
AGP46486.1	5
ASI95330.1	5
BBB26411.1	5
AKE52628.1	5
QUM78289.1	5
SMZ58950.1	5
VDZ72798.1	5
ALO36064.1	5
UCM52016.1	5
ASD61750.1	5
QGH59985.1	5
ALB56967.1	5
AQT65732.1	5
UAA39095.1	5
CAG21596.1	5
AEH34327.1	5
UOE85764.1	5
AFJ01345.1	5
SPM19722.1	5
AKG72527.1	5
QYO51991.1	5
ATG74544.1	5
UBQ51350.1	5
ALL40498.2	5
VEA71072.1	5
VEI65621.1	5
AYV21840.1	5
AWC82217.1	5
BAO35799.1	5
ATL93177.1	5
QEO44431.1	5
SQI46297.1	5
QFI54988.1	5
VEA61132.1	5
AWQ49834.1	5
AKM47461.1	5
ARC93214.1	5
QJY37311.1	5
QOU29360.1	5
VVV05127.1	5
AML56696.1	5
QUM78990.1	5
QLS53369.1	5
AJQ50229.1	6
SDV14898.1	6
QLG90998.1	6
QOY72099.1	6
SDU28704.1	6
AOX11365.1	6
QIH05845.1	6
QIB05346.1	6
AXJ02921.1	6
QDH62952.1	6
ARQ76522.1	6
QXE07953.1	6
QSL90848.1	6
AZC28525.1	6
ARC82328.1	6
ATP47135.1	6
AUZ61511.1	6
SDU16684.1	6
QHF42702.1	6
UNY92138.1	6
BBT19133.1	6
AIL60951.1	6
UPK88308.1	6
UPQ82357.1	6
AZV24927.1	6
QXI33393.1	6
SDO15024.1	6
QDL67286.1	6
SDP60712.1	6
AZE46240.1	6
QEU30227.1	6
UDU80898.1	6
QQZ42635.1	6
AZE64694.1	6
QCY10166.1	6
AGN83451.1	6
QTD33948.1	6
SDS22438.1	6
QIA01218.1	6
QPL32136.1	6
AUZ44437.1	6
QKL04129.1	6
ATH83838.1	6
AXP06704.1	6
VVM16964.1	6
AZE92621.1	6
AZE70763.1	6
AQW67099.1	6
ALI06912.1	6
AHC33128.1	6
QOQ74047.1	6
UQS12747.1	6
UNL98386.1	6
AON74872.1	6
AZP69824.1	6
UQB78128.1	6
UBB24848.1	6
VCU66306.1	6
AMW86238.1	6
BCA31153.1	6
AZF40670.1	6
AMS19862.1	6
QVM96316.1	6
QHC99238.1	6
QAX82980.1	6
AZD13473.1	6
AYF46473.1	6
ANH96271.1	6
AEJ15309.1	6
AZL75957.1	6
SDO88142.1	6
BBP74383.1	6
ALI01947.1	6
AVO56890.1	6
AMB81364.1	6
AXM96878.1	6
QXH95486.1	6
QJQ13030.1	6
AWM89929.1	6
QHA98140.1	6
AKV06325.1	6
QBZ87621.1	6
QKQ63101.1	6
AZF45757.1	6
BAQ72213.1	6
QQE85455.1	6
SDF83624.1	6
QGH43521.1	6
AFY17619.1	6
BDB17291.1	6
UOK38214.1	6
SDL12174.1	6
QJP93491.1	6
ABR81299.1	6
APC16272.1	6
SDU25726.1	6
SDO55335.1	6
QHF37130.1	6
QZP34935.1	6
AZD05981.1	6
QEE23270.1	6
BAQ78417.1	6
ATP52382.1	6
QKK99211.1	6
AVD85099.1	6
ABZ00870.1	6
QJI42731.1	6
QXP25410.1	6
UFQ00751.1	6
ADR62277.1	6
QXI43834.1	6
ARU28859.1	6
QAX81572.1	6
BBD78837.1	6
QEY65265.1	6
QPO18422.1	6
AXK55296.1	6
QOF89817.1	6
QKK96009.1	6
AJO76215.1	6
QKE64664.1	6
QDG58310.1	6
VEF07499.1	6
QZP27302.1	6
ARB31070.1	6
QVN02185.1	6
AMN78561.1	6
QNH00816.1	6
SDS24311.1	6
QDV93415.1	6
UNM20567.1	6
QXH62466.1	6
QXI29028.1	6
APO84670.1	6
AZZ46912.1	6
APU28699.1	6
QXH36261.1	6
QKZ02738.1	6
UQY37280.1	6
AKS06744.1	6
AHC81401.1	6
AUF99984.1	6
SEI25423.1	6
ANI05700.1	6
AQY63946.1	6
AEJ12026.1	6
QXH76411.1	6
SIR99061.1	6
QVQ79415.1	6
AZD19866.1	6
QXH59233.1	6
AFI85257.1	6
QZP21778.1	6
AZC48149.1	6
QOH70721.1	6
QQN99423.1	6
AZD27300.1	6
QXN50760.1	6
SDN51322.1	6
UOB24554.1	6
QXI59822.1	6
SEI07369.1	6
ANF83915.1	6
AQT92180.1	6
UII72037.1	6
BCY03995.1	6
AZE52661.1	6
ASC86903.1	6
SDU99668.1	6
ANI17817.1	6
AMO79117.1	6
SDD25583.1	6
AVX87236.1	6
AJG17100.1	6
BBV99361.1	6
UNG18197.1	6
BCG27358.1	6
ALE90006.1	6
QZA98651.1	6
AZL70915.1	6
AZF19259.1	6
UMZ12631.1	6
AZN89276.1	6
QHB30257.1	6
UMY61233.1	6
AZC41481.1	6
QYN02091.1	6
CRL49195.1	6
UCO97777.1	6
AZF03285.1	6
AIC17677.1	6
BCX65834.1	6
ANC05299.1	6
ATN09229.1	6
UHG98512.1	6
QJI32404.1	6
AJP50157.1	6
QXI47416.1	6
AZF35292.1	6
AWA37509.1	6
AZF08721.1	6
AZC22226.1	6
AMZ72961.1	6
BBU42111.1	6
QKR64961.1	6
QFG33642.1	6
QNG11403.1	6
AXI59420.1	6
QJQ22703.1	6
SDT63780.1	6
ACE83996.1	6
QHA85319.1	6
AYC34552.1	6
QDC06225.1	6
QFY58028.1	6
BDL50562.1	6
BAN56853.1	6
QGW76793.1	6
AHY45062.1	6
SNY09528.1	6
QDL05685.1	6
AMK29143.1	6
AZO85737.1	6
APO80693.1	6
QJI15117.1	6
QBX39497.1	6
AYG46947.1	6
AVO52511.1	6
ANF24447.1	6
QVN07711.1	6
ABA72224.1	6
QWV18464.1	6
UFQ98207.1	6
ANI52222.1	6
QTU22159.1	6
QVM90937.1	6
AIS15334.1	6
ASV36329.1	6
QDF98951.1	6
SQF88288.1	6
QRI85387.1	6
QXH67987.1	6
AAY95935.1	6
AGA85069.1	6
QNH06115.1	6
SDV06540.1	6
QXH51054.1	6
QGA48075.1	6
QCI14903.1	6
AFN76519.1	6
AZE58926.1	6
URM28543.1	6
QAY82879.1	6
UCR87043.1	6
AZD70926.1	6
CAK17627.1	6
AHD16708.1	6
AWY42447.1	6
QXH84532.1	6
QEO81839.1	6
QTS87129.1	6
AXA27048.1	6
QIZ29174.1	6
AZE81913.1	6
AKJ97543.1	6
QVW23828.1	6
ASD00211.1	6
QHD04704.1	6
ANJ53959.1	6
AUG05501.1	6
QPG64941.1	6
QBL16840.1	6
ANC83861.1	6
SDT19477.1	6
AVJ20651.1	6
AIZ35337.1	6
QBQ08692.1	6
QNL85928.1	6
AXO60325.1	6
AYO55825.1	7
AOJ11145.1	7
BBE50010.1	7
ATJ87174.1	7
AOL04867.1	7
AZN65701.1	7
AXF44080.1	7
QHI08946.1	7
AKJ26788.1	7
AMM13130.1	7
AUR52164.1	7
AUT32926.1	7
AOI97092.1	7
UIF86739.1	7
AXF21614.1	7
ATZ66204.1	7
QLG88839.1	7
UFU09953.1	7
BBJ23307.1	7
QED92885.1	7
QWE94873.1	7
QIO07035.1	7
UDF00283.1	7
ASW00327.1	7
CBW75949.1	7
AUX88445.1	7
UNJ99083.1	7
QBK68102.1	7
SCK10404.1	7
AIU26920.2	7
QCP48349.1	7
UJA05929.1	7
ARF85928.1	7
AYQ39474.1	7
AEG94848.1	7
QHH98953.1	7
AZS51933.1	7
BCK88581.1	7
ANA38734.1	7
AJG18053.1	7
QUN28978.1	7
AOJ01079.1	7
AHN29101.1	7
QCP64388.1	7
QLD61957.1	7
ANC36895.1	7
BDI04194.1	7
AUR51103.1	7
ALX10911.1	7
URV24359.1	7
QLD50916.1	7
AHI63564.1	7
UEP20881.1	7
BAX58664.1	7
AQV92925.1	7
BCL87972.1	7
QNX45449.1	7
AEA61942.1	7
QSE45831.1	7
AOY01256.1	7
AST31227.2	7
BBB68158.1	7
QZA81186.1	7
QPF35120.1	7
AJX17903.1	7
UEP47655.1	7
AST26237.1	7
QOT77124.1	7
AYA70214.1	7
QOK93467.1	7
AYA03231.1	7
QBF76908.1	7
CAP63174.1	7
BBI98634.1	7
ULX53190.1	7
QEI74313.1	7
QGR74615.1	7
ATZ65344.1	7
UIY56147.1	7
ABF07360.1	7
QNP58610.1	7
QDW51358.1	7
AWD69793.1	7
AWL30201.1	7
VVD30150.1	7
QVN10760.1	7
AMR76955.1	7
ADI89214.1	7
APX63940.1	7
QVN18002.1	7
BCL77161.1	7
ADG16598.1	7
QTD45583.1	7
QDJ91111.1	7
QPF39194.1	7
AYZ66183.1	7
QDS27273.1	7
UQO29078.1	7
AWG32337.1	7
QDQ85260.1	7
QTO42879.1	7
AWA46873.1	7
QHI18726.1	7
URM41296.1	7
QER38432.1	7
AGQ15833.1	7
QLI81793.1	7
ACC69640.1	7
ANB74779.1	7
AVO33464.1	7
QBM34482.1	7
USA46845.1	7
BBB62106.1	7
AKL99301.1	7
QXZ08647.1	7
ABO55747.1	7
ACB32764.1	7
AQQ28861.1	7
QPF40791.1	7
ADE12840.1	7
AWI52340.1	7
BCG23037.1	7
AYB52438.2	7
QIC66183.1	7
AFT87034.1	7
APR69203.1	7
QDB83334.1	7
QIO07036.1	7
ANF82665.1	7
AIO34052.1	7
ALJ72757.1	7
AVH15514.1	7
AJX32477.1	7
SNW07954.1	7
UQN45943.1	7
AKC72020.1	7
CAZ87752.1	7
QLG89665.1	7
AXE94382.1	7
QOD13011.1	7
AOJ69838.1	7
AST87427.1	7
AMO97241.1	7
ASL44704.1	7
AOI79553.1	7
BBH11107.1	7
CUV12258.1	7
AXT45012.1	7
AXF16223.1	7
QYD68544.1	7
QBZ99453.1	7
ABA48145.1	7
QCP37200.1	7
AUT58547.1	7
AZR58908.1	7
AWU99282.1	7
UCU99088.1	7
APD12718.1	7
QOW47478.1	7
ALP63909.1	7
QJC58145.1	7
CUV55334.1	7
AWM81236.1	7
QRR11088.1	7
QFS37887.1	7
ABE32256.1	7
AEG70113.1	7
CUV24093.1	7
QIO09987.1	7
QGA11996.1	7
ALE55821.1	7
QGZ55514.1	7
ABM93025.1	7
ATG20704.1	7
UEP27338.1	7
BAP35270.1	7
ALF89018.1	7
BCF87416.1	7
AXW62843.1	7
ABB09566.1	7
QBP08665.1	7
QTO18174.1	7
AFQ47240.1	7
QZA77207.1	7
AMW77707.1	7
AXQ20990.1	7
QDC43423.1	7
AKJ69032.1	7
QCX50709.1	7
QAZ39633.1	7
QQP86215.1	7
AEV25695.1	7
QOK83113.1	7
UOH18924.1	7
UCU92248.1	7
QHE94006.1	7
AOZ51426.1	7
AKM30019.1	7
APD11524.1	7
AVF42352.1	7
QOH34543.1	7
ANA34009.1	7
ALK31806.1	7
ADY83231.1	7
AIL79439.1	7
QIT16530.1	7
QYY32138.1	7
QQB41690.1	7
QZX84179.1	7
APR34635.1	7
AZN67960.1	7
QBY52210.1	7
AUM28364.1	7
QIY79745.1	7
QBC43706.1	7
QEK37254.1	7
QQK02100.1	7
BCF96004.1	7
AZQ52174.1	7
QQN87828.1	7
APA87130.1	7
UJF23728.1	7
ANJ71455.1	7
ABX14352.1	7
AXV82515.1	7
AJB46891.1	7
QBQ15041.1	7
SPD45615.1	7
CBJ52160.1	7
ACR30053.1	7
ADL54264.1	7
CAG9931979.1	7
BCQ22411.1	7
BCX72148.1	7
AMC36391.1	7
QPC31769.1	7
UGQ30189.1	7
UOH75306.1	7
QJQ05552.1	7
UDM49915.1	7
QQT66553.1	7
AOJ87744.1	7
AJY13959.1	7
AGK46129.1	7
AZN37268.1	7
AMM27501.1	7
AME23949.1	7
QVR68324.1	7
AZN37372.1	7
AXK66438.1	7
UOB55014.1	7
QKJ66050.1	7
QPV59593.1	7
QBC48899.1	7
VBB12838.1	7
AZC05576.1	7
ACD17679.1	7
BAO28535.1	7
BBE49653.1	7
ANH72276.1	7
AVG15699.1	7
BCU63255.1	7
QRJ65100.1	7
QBC33059.1	7
ABI88248.1	7
CAJ91700.1	7
QYA55218.1	7
BBN89948.1	7
QGA45508.1	7
QIC61479.1	7
AKJ13080.1	8
QES55089.1	8
QEU66068.1	8
AXI80022.1	8
BAG17349.1	8
AXE86000.1	8
AKN70632.1	8
UDM05124.1	8
AJE83463.1	8
QFR02587.1	8
QTI45967.1	8
APU44414.1	8
AIV36398.1	8
QIS71184.1	8
AXI75391.1	8
AGS69689.1	8
AXI86784.1	8
QWQ39837.1	8
AUY54122.1	8
UAX53909.1	8
UNT01351.1	8
QCB22663.1	8
QFR97901.1	8
ARP70295.1	8
AWL84726.1	8
ALC21197.1	8
QDI71018.1	8
UNZ21519.1	8
QES13262.1	8
SDT44066.1	8
ANH95369.1	8
QNP65003.1	8
UFQ17076.1	8
AWT43367.1	8
UFR04399.1	8
UJV46892.1	8
SDT46871.1	8
QCW80277.1	8
SHI22761.1	8
QEV34483.1	8
QBJ90604.1	8
UOB12800.1	8
QES31627.1	8
CAD5915582.1	8
UIR18300.1	8
QMU78531.1	8
AEN08246.1	8
AXE26745.1	8
QXE36425.1	8
QPP07136.1	8
QDQ16449.1	8
QEU85828.1	8
QUC62091.1	8
BCM67018.1	8
AYV28194.1	8
AWL36794.1	8
QNQ32247.1	8
QES48699.1	8
QKW54896.1	8
ARI50896.1	8
AOT60196.1	8
AYC41136.1	8
AWW39507.1	8
QEV64821.1	8
CQR63986.1	8
ATL27874.1	8
ARF65703.1	8
AZM62208.1	8
AYL36153.1	8
ANJ07561.1	8
UNO43234.1	8
ANS65351.1	8
ANB06473.1	8
UGY94963.1	8
ALO10723.1	8
AWZ08558.1	8
QLG30436.1	8
UOG84587.1	8
QEV25472.1	8
UPZ34355.1	8
QKW27597.1	8
AXK34614.1	8
AKZ55787.1	8
QWB25479.1	8
ASY36693.1	8
QCD56002.1	8
QEU97625.1	8
QJS11878.1	8
BAJ31449.1	8
QKW33232.1	8
QFX83867.1	8
QKW10891.1	8
QNE79087.1	8
UQS31408.1	8
UQT61546.1	8
AZS90047.1	8
QEV22416.1	8
QID40523.1	8
AIR98461.1	8
BCL30537.1	8
QTA36328.1	8
AYG82161.1	8
QZZ27898.1	8
QDY78744.1	8
QEU80209.1	8
ALV35600.1	8
QES46088.1	8
BAC73069.1	8
QHA04801.1	8
QKW63231.1	8
AXL88722.1	8
QEV73361.1	8
ALO93906.1	8
QYX79960.1	8
QFZ76273.1	8
ARX84907.1	8
AZP17939.1	8
QKW46886.1	8
AZK96175.1	8
QIQ04336.1	8
BAK37920.1	8
BDH03737.1	8
UCM89137.1	8
AUG80293.1	8
QIT44611.1	8
QIP84915.1	8
QIJ62739.1	8
CCA57927.1	8
ARQ72335.1	8
UQA37715.1	8
QUI32985.1	8
AZQ34869.1	8
AJF67009.1	8
ARE76110.1	8
AZM93130.1	8
QNA78121.1	8
AYN41285.1	8
ANP57109.1	8
AXG79608.1	8
AKG44100.1	8
QMU71942.1	8
QGZ50674.1	8
CCK29965.1	8
QEV13348.1	8
QJT01817.1	8
UQX01556.1	8
QHY96089.1	8
QEV47023.1	8
QTD98639.1	8
UQU62877.1	8
UCA51356.1	8
QCR47590.1	8
QXJ22680.1	8
QES20105.1	8
QFG23681.1	8
ALC25925.1	8
BCL20567.1	8
QKG24199.1	8
QKZ25036.1	8
AZM57788.1	8
QES39096.1	8
ARF76768.1	8
QXR00913.1	8
AGK81731.1	8
APS17763.1	8
AWE50361.1	8
ANW18417.1	8
QCX77903.1	8
ATZ26227.1	8
QEV06457.1	8
ALU97605.1	8
AVV42535.1	8
QYA98616.1	8
AGJ53111.1	8
AKL66506.1	8
QER89009.1	8
QIY62737.1	8
QOV46750.1	8
QKV69792.1	8
AQS72198.1	8
QNE26929.1	8
BAU85715.1	8
QNP72637.1	8
QUW91397.1	8
QTU59026.1	8
QQM47012.1	8
AQU71085.1	8
UIX34022.1	8
QGV82651.1	8
QRV32799.1	8
QKW22146.1	8
AOR37344.1	8
ULR55983.1	8
AMW10564.1	8
ALV50256.1	8
ARF78179.1	8
QOV38237.1	8
BBA98567.1	8
BBD81145.1	9
AAF82916.1	9
QSX79486.1	9
QQP95619.1	9
AMJ56185.1	9
QNG84781.1	9
AHX15688.1	9
QWT20058.1	9
AHY57783.1	9
QNN70551.1	9
QZN80113.1	9
UGB37749.1	9
ALA83833.1	9
QKD85773.1	9
AKJ96070.1	9
QEE25972.1	9
CAH0066055.1	9
UGB21033.1	9
UKE78432.1	9
UBB24629.1	9
UHQ20804.1	9
ATB59889.1	9
AKS19197.1	9
QRP63579.1	9
QNN47773.1	9
AOS18013.1	9
QBL42173.1	9
QEX78433.1	9
APG06474.1	9
UOS98432.1	9
CBA15262.1	9
QII30350.1	9
QSQ30181.1	9
BBD78219.1	9
UJB18282.1	9
QEN94634.1	9
QBB72519.1	9
UNK42862.1	9
AEO43605.1	9
UNK51128.1	9
QAU24143.1	9
QDA57730.1	9
AWB79829.1	9
ULU25507.1	9
QGM02541.1	9
QOC87837.1	9
QQQ41791.1	9
AIF45787.1	9
UOV00536.1	9
QQO05572.1	9
QGL98387.1	9
URL60433.1	9
QGL94339.1	9
AKC86270.1	9
QGG80643.1	9
BBQ13319.1	9
UOF15845.1	9
QOW23235.1	9
QDQ73717.1	9
QBH02825.1	9
QHB73913.1	9
QRN54186.1	9
QKX16173.1	9
ARQ91295.1	9
BCT92646.1	9
UQA21879.1	9
URX64562.1	9
QGW66333.1	9
QBG82782.1	9
QWP76875.1	9
AOA73516.1	9
QIL19830.1	9
ALN64340.1	9
BAW79638.1	9
QXQ01877.1	9
CCE24339.1	9
QOY63917.1	9
AVO31897.1	9
BBO53020.1	9
ASN00155.1	9
QOW20722.1	9
QKW55612.1	9
QQO02819.1	9
QNH23978.1	9
AWH30404.1	9
UKA45321.1	9
ALS93826.1	9
QNN78895.1	9
QOW25699.1	9
APO95085.1	9
ANB17073.1	9
UPG93980.1	9
QDH69090.1	9
QGL78490.1	9
QNH19990.1	9
QDW67035.1	9
ATS22412.1	9
QIO89426.1	9
AWH54653.1	9
UKE47790.1	9
AOH35332.1	9
AOX61825.1	9
UKR53176.1	9
AEM52699.1	9
QIK80498.1	9
UAY75658.1	9
QDY50682.1	9
ARU31520.1	9
VEE54375.1	9
AWH50761.1	9
QFY88905.2	9
AVP97681.1	9
QBR45882.1	9
AXI82550.1	9
AWT16159.1	9
QND79740.1	9
ATD66245.1	9
UQY97995.1	9
UEX17603.1	9
UNK58268.1	9
BBJ99547.1	9
AUI08939.1	9
QCZ98348.1	9
QNK02941.1	9
QNP41553.1	9
CAG4969598.1	9
QJD68802.1	9
UHH08749.1	9
QCW82038.1	9
ASR43383.1	9
BBB28219.1	9
UKE74103.1	9
AWH47107.1	9
QCO66908.1	9
SMQ96647.1	9
AKO03582.1	9
AVH91914.1	9
QGY77476.1	9
QDE41003.1	9
UID79700.1	9
ADV26286.1	9
CAD0350022.1	9
QWF19671.1	9
AXK72653.1	9
ALJ27222.1	9
UJJ51451.1	9
QNR98047.1	9
QSX74786.1	9
AAZ97841.1	9
UPG86313.1	9
AWH18621.1	9
AIC09262.1	9
BBJ95129.1	9
QQQ04022.1	9
QHE22431.1	9
UKE55121.1	9
UKE70166.1	9
AND70849.1	9
QGM06861.1	9
QNH15690.1	9
ACA11123.1	9
CAB1276859.1	9
AZR36063.1	9
QDL29402.1	9
QGT78314.1	9
AWV08466.1	9
QTK46847.1	9
BBP00857.1	9
QJD72190.1	9
CAD7714048.1	9
UGB45189.1	9
AER57366.1	9
AWH22664.1	9
AJC47230.1	9
UPG89599.1	9
AIC13300.1	9
CAD1795144.1	9
UJJ55148.1	9
BBP03675.1	9
QNU15452.1	9
QRD59494.1	9
ARZ75872.1	9
BAV99630.1	9
UOV06746.1	9
QYR52809.1	9
QKQ26136.1	9
AXA85344.1	9
QOD92533.1	9
QHG88137.1	9
AFC84971.1	9
UHQ24065.1	9
UQD77593.1	10
BAL79383.1	10
URK87539.1	10
BAZ39038.1	10
QLE59526.1	10
QRM44429.1	10
BAZ23823.1	10
AAQ87045.1	10
QOG18385.1	10
BAU10054.1	10
AZL58134.1	10
AGL03932.1	10
UPJ41581.1	10
APO78615.1	10
AWI60384.1	10
ACO32197.1	10
AWB26064.1	10
UFS91057.1	10
QQO46812.1	10
BAY46352.1	10
QOZ55212.1	10
AWI91228.1	10
AYM06250.1	10
QDC37293.1	10
QEH78913.1	10
QGA58739.1	10
CUW45565.1	10
BBC70947.1	10
APL96250.1	10
AWL99190.1	10
AXQ93882.1	10
AMS39982.1	10
AJD45365.1	10
QEU08329.1	10
QTG02804.1	10
QRM57354.1	10
APO68754.1	10
AQR75585.1	10
CDN55694.1	10
BDA70432.1	10
AFY32694.1	10
BAZ12218.1	10
QCL89643.1	10
QCJ00815.1	10
AMK18233.1	10
ATY30629.1	10
UAX95150.1	10
QQO33573.1	10
QQN63725.1	10
QNT69898.1	10
UPK34846.1	10
AVO44841.1	10
UFW73404.1	10
UEM03965.1	10
ASP23280.1	10
UPJ68719.1	10
APG94959.1	10
QOF69375.1	10
AJA60432.1	10
QLE49404.1	10
QKD00280.1	10
AUB36519.1	10
ALN72227.1	10
BAU42664.1	10
ASY72821.1	10
BAZ41069.1	10
QOZ47835.1	10
QKC67899.1	10
BAZ67765.1	10
BBO02776.1	10
APO71746.1	10
UJW87437.1	10
UGY19856.1	10
BAY81886.1	10
AFZ35407.1	10
AUC94466.1	10
CAD6406772.1	10
QIO36378.1	10
UCA47662.1	10
BAY31772.1	10
CUU21801.1	10
BCB21202.1	10
BAZ06141.1	10
QQO24202.1	10
QIG95060.1	10
AFY55945.1	10
UIK04585.1	10
UGQ21499.1	10
AFL49967.1	10
CAA2105714.1	10
BAZ44302.1	10
AWN41673.1	10
AFY35651.1	10
BDA69824.1	10
AIJ55903.1	10
SBW16401.1	10
QKD84717.1	10
AFZ02339.1	10
ASY65818.1	10
ULK95479.1	10
QQP89804.1	10
AHY54680.1	10
QWG14358.1	10
QDL07248.1	10
QPF85898.1	10
AUX79877.1	10
BBO15222.1	10
UFW41026.1	10
ASJ63591.1	10
QFI69811.1	10
QOZ74905.1	10
QCM10805.1	10
CDN49605.1	10
SPP92218.1	10
APX68146.1	10
BAY47264.1	10
BAU06860.1	10
BAR55487.1	10
ANI76517.1	10
UMY17199.1	10
BAS56732.1	10
UGX95052.1	10
AND92509.1	10
CAA2139939.1	10
QCI99682.1	10
QOZ12993.1	10
AYO77536.1	10
BAY82513.1	10
QNQ41517.1	10
CAA2144383.1	10
UKO99568.1	10
AMA55867.1	10
QQO15763.1	10
QKC80458.1	10
UPJ73860.1	10
BAZ07667.1	10
AYG62859.1	10
UEM14186.1	10
QND36769.1	10
BAV63566.1	10
BAZ09686.1	10
QAU49277.1	10
QOZ23411.1	10
ARP62159.1	10
ATX64671.1	10
UPT97968.1	10
QIR38992.1	10
QTO00022.1	10
AUT02015.1	10
UJW84814.1	10
BBH21843.1	10
QFI72796.1	10
URK88918.1	10
QXI66120.1	10
QYA03913.1	10
BDA66174.1	10
QCP85797.1	10
QNI33066.1	10
QAZ43734.1	10
AZY96005.1	10
QIA20529.1	10
QSJ15832.1	10
BAZ16525.1	10
AZB64100.1	10
AFY56282.1	10
UEM21440.1	10
APG08288.1	10
AJY46967.1	10
AWM28957.1	10
BAU62809.1	10
APO75829.1	10
QIO98301.1	10
ASY59565.1	10
AVH42521.1	10
QPI73741.1	10
UQR64655.1	10
AVA25222.1	10
QCL94531.1	10
UIJ46165.1	10
BAI96759.1	10
ALR21525.1	10
QQF02577.1	10
UQD98463.1	10
ASY59647.1	10
QDP23887.1	10
AWL93724.1	10
AOG09895.1	10
UPK26159.1	10
QEC63291.1	11
QEM09583.1	11
QNL22935.1	11
AII52542.1	11
QXP60667.1	11
UII22666.1	11
UOQ65693.1	11
QLG45237.1	11
QHL86548.1	11
AIZ64767.1	11
QKG80215.1	11
UOQ80026.1	11
QHI37459.1	11
AIZ64745.1	11
AXT61818.1	11
UII34361.1	11
AYA38417.1	11
QBA65404.1	11
AMS26325.1	11
ARS34773.1	11
UKM65593.1	11
QIX61099.1	11
ADV48884.1	11
QNP53850.1	11
UOB19432.1	11
UOG74314.1	11
AXT51956.1	11
APX98902.1	11
QMU28955.1	11
EAP87676.1	11
SDS09985.1	11
AKQ45117.1	11
QXP56497.1	11
UOE32570.1	11
AYA38442.1	11
BAV05570.1	11
ASU35174.1	11
QNL21851.1	11
AOE06057.1	11
UAB81918.1	11
CAG5078066.1	11
UOE34491.1	11
QHJ08900.1	11
ABG57889.1	11
AIM60221.1	11
QDA60726.1	11
QNE40717.1	11
QAA82192.1	11
QNF31838.1	11
QIL75988.1	11
AWX44546.1	11
QIL75969.1	11
QBZ97130.1	11
QNA43848.1	11
QEC42195.1	11
UOQ98819.1	11
AXT57348.1	11
AUC16632.1	11
QQS72968.1	11
QFZ54428.1	11
AEV33930.1	11
AEW01802.1	11
QTD36214.1	11
AWH84454.1	11
AEV33682.1	11
UOQ53378.1	11
QKJ29924.1	11
ANH59575.1	11
ADY29186.1	11
SDR75506.1	11
AEE19177.1	11
QVY64752.1	11
QSS98173.1	11
QJP33765.1	11
QCE41154.1	11
ALD20042.1	11
ALM49205.1	11
AXG73695.1	11
CCB70963.1	11
UPL48500.1	11
AMS25673.1	11
AWM33412.1	11
QNR22797.1	11
UPL48477.1	11
AXG68969.1	11
AMM52355.1	11
UOQ72528.1	11
AFC25548.1	11
QKG53739.1	11
AWH73726.1	11
QNK76812.1	11
UOQ72509.1	11
ALW85030.1	11
UBZ15861.1	11
ARV15521.1	11
AIY12713.1	11
ALD20020.1	11
AMJ66940.1	11
AUC85507.1	11
QJX46146.1	11
AXP80581.1	11
ALI97801.1	11
AWA29249.1	11
AUC82951.1	11
QEM04349.1	11
AQS94215.1	11
AHJ97873.1	11
ARV11836.1	11
QMI84396.1	11
ASO04882.1	11
UMY66395.1	11
AYL96005.1	11
QNH62864.1	11
QLH29707.1	11
UII27944.1	11
UGU17990.1	11
QHL85954.1	11
UOQ78522.1	11
AVI50626.1	11
AUP79389.1	11
QIH38955.1	11
QWX83702.1	11
AWI25066.1	11
AEH00881.1	11
UOQ97838.1	11
QEC57333.1	11
QHJ08875.1	11
QIX61122.1	11
QNF34993.1	11
UOR05333.1	11
QLE02071.1	11
UOQ78502.1	11
ALJ00318.1	11
AKD04454.1	11
AEA44165.1	11
AYN66095.1	11
ALW86070.1	11
AKQ45267.1	11
APD06078.1	11
QSW91309.1	11
QMU30311.1	11
AZQ43121.1	11
UII77598.1	11
QKG58495.1	11
QKX04721.1	11
AXT61832.1	11
QSE98399.1	11
QEC80060.1	11
AHJ99202.1	11
QTE38067.1	11
AXT57357.1	11
QEC56665.1	11
AMR25894.1	11
UOY08831.1	11
QLE02360.1	11
AXT51972.1	11
AXO80782.1	11
EAR16564.1	11
UOQ53355.1	11
AEE49919.1	11
QCX01855.1	11
QEE48757.1	11
EAQ39696.1	11
QNR22806.1	11
QHC83780.1	11
AOW17492.1	11
SDU24212.1	11
UOE46668.1	11
QDA60704.1	11
AOW21168.1	11
QNP53870.1	11
AYB31113.1	11
QCX37005.1	11
AMA64718.1	12
CDG15842.1	12
QIX95721.1	12
UDN36114.1	12
ARX32920.1	12
VDZ75957.1	12
VEA74374.1	12
CBG90893.1	12
QHN08976.1	12
CAG9434898.1	12
QPS91953.1	12
CDG23224.1	12
BBN75310.1	12
AMG67640.1	12
QED01885.1	12
ASB02039.1	12
QIF67871.1	12
ULK60587.1	12
ALI11324.1	12
SQI49821.1	12
BBR56824.1	12
CAG9434065.1	12
QIF46728.1	12
QHZ87633.1	12
CBJ83456.1	12
UPK81165.1	12
QSZ86331.1	12
AZT22552.1	12
QLJ19318.1	12
VTP79829.1	12
QLO87037.1	12
ARX09412.1	12
AMH17314.1	12
QTA18007.1	12
QXF36056.1	12
VEA58862.1	12
AHW15616.1	12
ASG52887.1	12
AWF42784.1	12
QIG00187.1	12
BBU98297.1	12
SQH91582.1	12
QCT19259.1	12
AWS55927.1	12
UBX29236.1	12
AFH94011.1	12
SQI19282.1	12
QPE17536.1	12
BBV06453.1	12
QLS67652.1	12
QKD71090.1	12
AKW05281.1	12
UEK59517.1	12
ATX04813.1	12
VEA74375.1	12
ASO61629.1	12
QQH55565.1	12
UDQ67307.1	12
QCZ30486.1	12
QEG43985.1	12
CAG9433187.1	12
APT64989.1	12
QGG16043.1	12
AKH65801.1	12
QPN90552.1	12
AJR01464.1	12
QTA23009.1	12
AJQ76117.1	12
QMF35955.1	12
UNH27244.1	12
QBJ31484.1	12
QTR57291.1	12
VDY91854.1	12
QSI20708.1	12
QHD94145.1	12
AUS67547.1	12
AYA41538.1	12
CAG9431532.1	12
QAV25202.1	12
QST28467.1	12
QTA13103.1	12
AOM41755.1	12
QNC55846.1	12
AIN65105.1	12
AXM04103.1	12
QIG04194.1	12
QXX81950.1	12
AUO55314.1	12
QBY42230.1	12
QRG79242.1	12
ANC40028.1	12
QUT01895.1	12
AFH47509.1	12
QME70584.1	12
QFV07230.1	12
QZY64413.1	12
UPS62865.1	12
QPT32383.1	12
QTL39827.1	12
SKC12593.1	12
VEH57155.1	12
QIF96558.1	12
AIU71160.1	12
QCT87674.1	12
QLV02181.1	12
ASE43568.1	12
QSW35614.1	12
QIF92396.1	12
AJZ87583.1	12
AZG97107.1	12
QNH65797.1	12
QQZ19852.1	12
CAE17230.1	12
CBA75604.1	12
QJY64603.1	12
SQH38459.1	12
AIQ98992.2	12
UQQ18499.1	12
QES79292.1	12
ATM98909.1	12
UAX01850.1	12
VEA00208.1	12
AKG32385.1	12
QGW01501.1	12
AVL41801.1	12
AGN86292.1	12
ARA21930.1	12
AUT28713.1	12
QOV63973.1	12
AGB76182.1	12
VDZ75956.1	12
AWV43158.1	12
CAQ86451.1	12
AUM06027.1	12
CAS11418.1	12
SQI19283.1	12
CDM92042.1	12
QPB77898.1	12
QGX93032.1	12
QEK46535.1	12
AYY82526.1	12
QIF11494.1	12
AJB53648.1	12
ASG86193.1	12
QEC95326.1	12
QKG47351.1	12
ADQ89974.1	12
SQI57257.1	12
ADK56070.1	12
AUA41467.1	12
QIO62620.1	13
QKC97766.1	13
AZO06023.1	13
ABC93047.1	13
QKC72550.1	13
QCI63200.1	13
AZO42349.1	13
AEH89881.1	13
ANL69327.1	13
QIO77165.1	13
UCI25307.1	13
AMX99531.1	13
QKK27196.1	13
BCM18249.1	13
QSZ04928.1	13
QND59349.1	13
ANK94997.1	13
AMV19475.1	13
QAS83046.1	13
AGB47329.1	13
AUW48009.1	13
AZO25016.1	13
BCH03264.1	13
BCG89476.1	13
ULR42354.1	13
AZO09171.1	13
AIC25979.1	13
QZZ37451.1	13
UCI16127.1	13
ASS59913.1	13
AVC48387.1	13
UIJ84337.1	13
QSZ12395.1	13
BAV51794.1	13
QND52234.1	13
ACS60765.1	13
QPC95305.1	13
AZO59041.1	13
UCI06837.1	13
CAK03764.1	13
QCK88191.1	13
QIJ45117.1	13
QND40998.1	13
QSZ24980.1	13
AZO76058.1	13
QKV18767.1	13
ATU93840.1	13
AZO32310.1	13
QSW96188.1	13
BCG81528.1	13
AZO48369.1	13
ANT50613.1	13
QKD05217.1	13
QKD04790.1	13
ANM13143.1	13
AXA41389.1	13
ARO33668.1	13
UCI18888.1	13
UFW68532.1	13
APH72396.1	13
AGB45204.1	13
ULR43399.1	13
AZO51551.1	13
ARO28823.1	13
QSY92441.1	13
ACI59376.1	13
QSY86687.1	13
ULJ80933.1	13
AZO31848.1	13
UIK20105.1	13
UDL91614.1	13
AZO69303.1	13
API57266.1	13
UGX84890.1	13
QND68815.1	13
AIC31553.1	13
AZO25094.1	13
QIO72710.1	13
AVO45542.1	13
UQS63825.1	13
BCG93183.1	13
QSY83024.1	13
BDA83115.1	13
AZO55829.1	13
AXA44035.1	13
AHG48653.1	13
ANL26689.1	13
UFW82628.1	13
UGY10976.1	13
QTV00850.1	13
QND18514.1	13
BCG96120.1	13
AKI02649.1	13
ARM90578.1	13
UQS62567.1	13
QKC78310.1	13
AZV23840.1	13
QGX79707.1	13
AZO31532.1	13
AZO70853.1	13
AZO16011.1	13
ABC89601.1	13
UCI18495.1	13
QKC84846.1	13
ANN61773.1	13
BAT31096.1	13
BAV47099.1	13
AGJ88564.1	14
AHE73629.1	14
QFU68074.1	14
BAE73515.1	14
VEI76038.1	14
VUC69795.1	14
VEA69295.1	14
QRF12756.1	14
AMO46557.1	14
ANJ99458.1	14
AIR84448.1	14
QUG77677.1	14
UAN41080.1	14
QCC89845.1	14
UCQ44587.1	14
QKZ96934.1	14
QZY80212.1	14
AYZ33652.1	14
QFZ71663.1	14
QIT26536.1	14
AFM57902.1	14
QHW95019.1	14
UHD26609.1	14
QGH62984.1	14
SNW06357.1	14
QKO39845.1	14
ANS45409.1	14
QLS17793.1	14
AWO81420.1	14
AIV27781.1	14
CBX78903.1	14
BBW73848.1	14
ANJ95085.1	14
AEF46384.1	14
QNP24932.1	14
AVR35532.1	14
QZY37057.1	14
AOF00037.1	14
ASQ15977.1	14
VEI71908.1	14
AVU36153.1	14
SAY43982.1	14
QQX52248.1	14
QCR91291.1	14
CDG13003.1	14
UNK29870.1	14
ARD18226.1	14
QEU44804.1	14
AHB62733.1	14
QMR40011.1	14
AUU11871.1	14
QZS64446.1	14
UHC77382.1	14
AVF37481.1	14
VDR23872.1	14
ARJ41991.1	14
AJF70823.1	14
AHF78963.1	14
QCR37646.1	14
AHF78618.1	14
AVN50733.1	14
QLW24266.1	14
AIJ08287.1	14
QNQ52897.1	14
UDC71188.1	14
UDC39281.1	14
QIX70482.1	14
AZJ07370.1	14
SQK77347.1	14
AGH72185.1	14
AUY15745.1	14
CCI79176.1	14
AFQ63565.1	14
AQT65627.1	14
QCE21543.1	14
QPW25464.1	14
UAL34505.1	14
BAE75473.1	14
SMZ57542.1	14
AFN34730.1	14
QHS48141.1	14
AKE12791.1	14
UIW18328.1	14
QGU89467.1	14
BCQ37158.1	14
QPW07852.1	14
QBG10991.1	14
QOH79595.1	14
UNK61331.1	14
QBX64702.1	14
AHY08221.1	14
AHM82557.1	14
ALE96934.1	14
QSW14700.1	14
QLA06599.1	14
QHI85494.1	14
UNE88009.1	14
QUY47083.1	14
AOL14055.1	14
QIB65404.1	15
QJX02183.1	15
UQV21826.1	15
QQO52311.1	15
ARM85501.1	15
AYV35463.1	15
QFT85198.1	15
AUU22770.1	15
QJQ99312.1	15
QFU01506.1	15
ARS51769.1	15
AUM13453.1	15
UAB70519.1	15
QOR39031.1	15
ART63939.1	15
ACH64893.1	15
ABE59046.1	15
AJQ95290.1	15
UDV04226.1	15
QEL11803.1	15
AWY01049.1	15
QPL47230.1	15
UDL04449.1	15
UEQ04301.1	15
AHI33418.1	15
UBU47592.1	15
CBV43158.2	15
AWN17720.1	15
QIK36703.1	15
QUX90651.1	15
BCU08100.1	15
CEP38194.1	15
QCQ21181.1	15
AJY52744.1	15
QEM80774.1	15
QEA40912.1	15
QJT23816.1	15
QHQ38088.1	15
BAZ93696.1	15
QDO77661.1	15
ALM54659.1	15
AYH42276.1	15
ATX76633.1	15
QEA40924.1	15
UFN57452.1	15
AOM02885.1	15
AUB80550.1	15
UBO73920.1	15
QEM84061.1	15
ATY75777.1	15
BBL76652.1	15
BBS89263.1	15
ADU65037.1	15
UEX78244.1	15
BCL71488.1	15
QIR05049.1	15
QSP96057.1	15
QFT56642.1	15
CBL46356.1	15
AHF05324.1	15
QCP01091.1	15
QGQ68969.1	15
AMX03525.1	15
QGU33749.1	15
QKT03230.1	15
AVP92413.1	15
ANX03452.1	15
BBO56910.1	15
UNP88476.1	15
ATU99750.1	15
ADC63962.1	15
QNI02390.1	15
AXS84389.1	15
QSR71722.1	15
AHE47601.1	15
UHJ60421.1	15
UHD18603.1	15
QKS26282.1	15
QKK81948.1	15
QFI56174.1	15
BBR08417.1	15
BCO31219.1	15
UQG62002.1	15
AXB04929.2	15
ABZ83440.1	16
QNB47105.1	16
BAW96131.1	16
AIQ49633.1	16
AEG15652.1	16
ACB86064.1	16
QCS49159.1	16
UQZ83965.1	16
ANA79733.1	16
UJB67843.1	16
ACB75059.1	16
ATW27735.1	16
AEE91909.1	16
QDM44492.1	16
ANY74128.1	16
AOQ23979.1	16
AFY77793.1	16
AFZ51006.1	16
AMA08337.1	16
AEI39225.1	16
ATW24471.1	16
AEF17834.1	16
BAC90514.1	16
ADL68441.1	16
AFM42330.1	16
ULL19044.1	16
QUH25051.1	16
ABW28527.1	16
ACA98545.1	16
ADI00960.1	16
ANV83362.1	16
AST58527.1	16
ASC71453.1	16
ADG83684.1	16
AFV10510.1	16
AGL03163.1	16
AOY75528.1	16
AGY58697.1	16
ADG29284.1	16
AOZ93294.1	16
AFK86440.1	16
ACK65417.1	16
ASC71454.1	16
AFY76048.1	16
ULL18730.1	16
ANV86477.1	16
AIE74098.1	16
AFZ43499.1	16
AOT70141.1	16
AKX94028.1	16
ADN14885.1	16
ABO51640.1	16
SNX52935.1	16
SYX86463.1	16
QGZ90475.1	16
QIB27592.1	16
AGB18521.1	16
ANV89645.1	16
QZZ20297.1	16
QUY42955.1	16
UMZ74703.1	16
AFY36945.1	16
AFC27512.1	16
QGP92645.1	16
QOT09869.1	16
UFP94415.1	16
AXT20738.1	17
AWK07325.1	17
QSW87506.1	17
AJR03796.1	17
URM37318.1	17
AEW87331.1	17
QXP80831.1	17
QKJ64781.1	17
UPS93082.1	17
QRE03792.1	17
AXO81613.1	17
UFH42898.1	17
UFH35694.1	17
AEG99954.1	17
UGS20541.1	17
SDS00818.1	17
QSS96414.1	17
QSB28003.1	17
QYA24003.1	17
APY01514.1	17
QDW18834.1	17
AUX19209.1	17
CCG52686.1	17
AWG25399.1	17
UAB86438.1	17
QED37739.1	17
SDS24559.1	17
AFL81714.1	17
AOZ98488.1	17
ANH60446.1	17
AUP81542.1	17
AEE20058.1	17
AUC82057.1	17
QOG03829.1	17
BCY27231.1	17
AXB55344.1	17
URC13063.1	17
UGS24222.1	17
QDO94189.1	17
BAO74391.1	17
QEC69098.1	17
UAB81208.1	17
ABQ03327.1	17
APY09989.1	17
QGK76896.1	17
APG60091.1	17
UOX34014.1	17
QXC60273.1	17
QNK78747.1	17
AUS04107.1	17
AIG30037.1	17
ULC60586.1	17
QHJ06891.1	18
UOQ76724.1	18
QNA44481.1	18
BBE18331.1	18
QKG81029.1	18
ASS50826.1	18
UOE33698.1	18
QIL77616.1	18
UOQ50925.1	18
QIX62931.1	18
QJX48070.1	18
AYA36805.1	18
UOG76575.1	18
QNP52293.1	18
AMR26801.1	18
QIA09285.1	18
UBM63622.1	18
UKN02928.1	18
QLH47103.1	18
CAG5076359.1	18
AHJ97037.1	18
QGY43950.1	18
ASS47586.1	18
UOQ70152.1	18
UOQ67715.1	18
QNF34651.1	18
ALW85701.1	18
AEV32824.1	18
CAG5085632.1	18
QTN37602.1	18
QNH61009.1	18
AEA43719.1	18
QDA58797.1	18
QMU31352.1	18
QNE39932.1	18
AFC26703.1	18
QKG56934.1	18
AHW61540.1	18
AEE50928.1	18
UOQ99496.1	18
UPL50383.1	18
AMS27069.1	18
AII50574.1	18
ALO15392.1	18
QQS73962.1	18
ABG59440.1	18
UOR06206.1	18
QNR25336.1	18
QNR24406.1	18
QEK52804.1	18
QEC57590.1	18
AOH55850.1	19
UNK32277.1	19
QUW33167.1	19
QEL78547.1	19
ALQ67319.1	19
QHA93654.1	19
ACK96052.1	19
QWG38428.1	19
AJG94751.1	19
AUO12998.1	19
AIY75674.1	19
UOB94393.1	19
AJH75536.1	19
QKE06728.1	19
QYF84837.1	19
AXN37646.1	19
AHX17773.1	19
UHJ49068.1	19
AJG79233.1	19
QFT90338.1	19
AJI16259.1	19
QWU44441.1	19
QSF40185.1	19
AZJ19787.1	19
QUG83412.1	19
AJI25284.1	19
ANF45109.1	19
AFQ16012.1	19
UAT33020.1	19
QNO13383.1	19
QIW21414.1	19
ANC18695.1	19
QNK87473.1	19
QCJ43900.1	19
AKO93704.1	19
AZQ48342.1	19
AKP76083.1	19
QDQ05344.1	19
ARI76305.1	19
UKJ81793.1	19
QPI83167.1	19
ANC78838.1	19
AAT59480.1	19
SPN70803.1	19
ADY20964.1	19
ART77770.1	19
QCD44491.1	20
CEN56012.1	20
QDC41226.1	20
CEZ19785.1	20
AVQ87888.1	20
QDC96524.1	20
AUQ23724.1	20
QPH98175.1	20
QOL12887.1	20
QPK62116.1	20
QPH86819.1	20
QDC47500.1	20
AUG98672.1	20
ALF48164.1	20
QKV58142.1	20
QPH99923.1	20
AIR69782.1	20
QPH91410.1	20
QKF60699.1	20
QYM98059.1	20
QDC46202.1	20
QDC79088.1	20
BAV34962.1	20
ACZ75057.1	20
QIZ52877.1	20
UAY96530.1	20
ACN14924.1	20
ACS83986.1	20
QDC97827.1	20
QYM92745.1	20
UJR52727.1	20
QDD00484.1	20
QDD07060.1	20
ABC27933.1	20
QWT42949.1	20
QDC99145.1	20
QDC51225.1	20
ANE75631.1	20
UPT54273.1	20
ULR31308.1	20
QTR48840.1	20
ACT08751.1	20
QDD13390.1	20
QPH88538.1	20
QDC70758.1	20
QPI86167.1	20
AKP26084.1	21
ASV11649.1	21
UOG61972.1	21
UML80087.1	21
UML80017.1	21
APY24833.1	21
APH41613.1	21
BDA78056.1	21
ASV11593.1	21
AVV49511.1	21
ASV05881.1	21
UOG32018.1	21
QDK23474.1	21
AYV57328.1	21
EKT87039.1	21
AOP34027.1	21
AXR65387.1	21
AOP36004.1	21
AVQ11813.1	21
ABZ93494.1	21
ASP42221.1	21
APH41682.1	21
UOG35624.1	21
AYV54296.1	21
UOG32208.1	21
QDK23547.1	21
UML77923.1	21
ALO25540.1	21
UOG58117.1	21
UOG40140.1	21
AXX15798.1	21
AVQ11884.1	21
ABJ76439.1	21
AKH77326.1	21
AXR68854.1	21
AKH77257.1	21
ULH30271.1	21
AWY97566.1	22
QWT54796.1	22
AJF30090.1	22
UFH65502.1	22
CBK91497.1	22
BBI27160.1	22
QCZ57981.1	22
QEI32680.1	22
AUJ66351.1	22
CUX99277.1	22
QDB90744.1	22
VEI37893.1	22
QRG87261.1	22
API89858.1	22
QAR73694.1	22
QPQ28008.1	22
ASW42644.1	22
AGX42238.1	22
QUF82583.1	22
AXB84123.1	22
ASW43550.1	22
BBM17511.1	22
AGF54850.1	22
BAV79601.1	22
AXI26461.1	22
AII40562.1	22
AIY80405.1	22
QLL97275.1	22
AMH88981.1	22
QMW74254.1	22
QUO20784.1	22
VEF79231.1	22
QTO64328.1	22
QMW75851.1	22
AMP61598.1	22
QIX88692.1	22
ADK85446.1	23
VVD27701.1	23
ACI20928.1	23
AMS31238.1	23
CAR52706.1	23
APR35235.1	23
BCB28699.1	23
AZV47377.1	23
AMM13497.1	23
BCB97303.1	23
CAE09404.1	23
AOJ10858.1	23
QIX86956.1	23
ANE32058.1	23
BAN36670.1	23
QPH94172.1	23
AJX33734.1	23
QYD67831.1	23
APR36450.1	23
QPH96163.1	23
AXE91767.1	23
QJR13137.1	23
QKJ23777.1	23
ABC36454.1	23
ACM92747.1	23
APV49225.1	23
AGK48864.1	23
QJR14560.1	23
QYD70236.1	23
UQO99454.1	23
ABA47786.1	23
QPI07163.1	23
QIE23212.1	23
AOJ02485.1	23
QXZ83865.1	24
ATN35741.1	24
QTG08674.1	24
UJW74836.1	24
QXZ96768.1	24
ASW04717.1	24
CAD6599932.1	24
CAD6598521.1	24
QND48891.1	24
QYA13719.1	24
UNK37312.1	24
CAD6605061.1	24
AYG67904.1	24
UEX80984.1	24
ASW04842.1	24
AVA23575.1	24
CAD6424550.1	24
AGB73008.1	24
QUE79769.1	24
QWW66560.1	24
ATA31392.1	24
UNK38242.1	24
CAD6615315.1	24
UPA25220.1	24
QFY62868.1	24
AYG61126.1	24
CAD6596213.1	24
QRM39250.1	24
AYG69726.1	24
CAB1276264.1	25
QYE97371.1	25
CCO04327.1	25
QFY02761.1	25
BBU34694.1	25
QRN01287.1	25
AEV29373.1	25
QLY39823.1	25
UOM51440.1	25
SQI03076.1	25
ALS76419.1	25
ACZ24361.1	25
ARF99031.1	25
AEB75392.1	25
QSF40202.1	25
SNV61819.1	25
VEG93816.1	25
QHT59918.1	25
QGH36259.1	25
AXH51538.1	25
AAS44289.1	25
VDN46167.1	25
BBU36624.1	25
APG25912.1	25
QDU73488.1	26
QDV11300.1	26
QDS87049.1	26
QDV41551.1	26
QDV84382.1	26
QEC46659.1	26
QDT05628.1	26
CAD72060.1	26
QDT12151.1	26
QEG42872.1	26
QDV73427.1	26
QDS96687.1	26
QDV67246.1	26
ASV75851.1	26
QDV24112.1	26
QFG69775.1	26
UBM34015.1	26
QDV91590.1	26
QEG24615.1	26
QDT57583.1	26
QDU99243.1	26
BBO33508.1	26
SNV20291.1	26
AFZ49115.1	27
AGY60675.1	27
ABB56166.1	27
QLE55634.1	27
AFZ43552.1	27
QSV68945.1	27
BAC88760.1	27
BBC24329.1	27
BAU44662.1	27
ABD03222.1	27
ADN16782.1	27
QSJ20577.1	27
AUC60117.1	27
UFP93571.1	27
AFY68435.1	27
QSV64564.1	27
AFY75264.1	27
BAT55259.1	27
AFY88972.1	27
QKD82137.1	27
QIR38104.1	27
ABC98259.1	27
QDZ40236.1	27
QCP00453.1	28
SDI99069.1	28
ACL41857.1	28
BCW68849.1	28
BBY51352.1	28
QSZ48920.1	28
ASN20407.1	28
AWT56781.1	28
AXB46722.1	28
AOT02836.1	28
SDS52650.1	28
SDH60991.1	28
BCW80747.1	28
BCW58933.1	28
SOD70296.1	28
AHI01782.1	28
UKA51854.1	28
QHC58452.1	28
ABM07753.1	28
QFU94113.1	28
BBZ34873.1	28
AIY03617.1	28
QOD92036.1	29
QOW18792.1	29
ACB35337.1	29
ARN22231.1	29
BCL59431.1	29
QGW64636.1	29
BAU47917.1	29
ASJ74969.1	29
ABB32238.1	29
QSX75483.1	29
QOY61979.1	29
CDW95802.1	29
QDH69754.1	29
QEE28611.1	29
AFS53018.1	29
QOC22027.1	29
QNP40694.1	29
BAM07921.1	29
BDI04564.1	29
UNK50268.1	29
CAZ88573.1	29
QOY92340.1	29
AKR48090.1	30
QHM91569.1	30
AXI03105.1	30
ATI12383.1	30
AJD54049.1	30
UKV14431.1	30
AFK54358.1	30
QDO98250.1	30
ANJ67653.1	30
ACX96942.1	30
AXO13136.1	30
QPL35534.1	30
ARW10454.1	30
ACL73160.1	30
QEE86437.1	30
ANA14732.1	30
ASL41426.1	30
AFU99720.1	30
AUG54616.1	30
AOW47539.1	30
QKJ50691.1	31
QKF65078.1	31
BCX80030.1	31
UAK21447.1	31
QPH98972.1	31
QPH97112.1	31
QLR04808.1	31
QPH89584.1	31
QQO62375.1	31
QCD47333.1	31
QLI06041.1	31
QCD49448.1	31
QPH83987.1	31
EAT98193.1	31
AFH94015.1	31
SQH15881.1	31
VEB76656.1	31
URE78578.1	31
QKF91697.1	31
EAU00910.1	31
BCG00267.1	32
ADG17360.1	32
AEX85649.1	32
UEP39533.1	32
AXF10413.1	32
ABI92032.1	32
AXE91939.1	32
AMH43207.1	32
AFT89450.1	32
ACB63614.1	32
APA87573.1	32
AUT61848.1	32
ALL67346.1	32
ACC72861.1	32
QLD52622.1	32
UEP49264.1	32
AXF16524.1	32
BCF92280.1	32
QLB65708.1	32
AEP09071.1	33
BAV32695.1	33
BBP05424.1	33
QFX97532.1	33
QKQ25464.1	33
AGY91813.1	33
AUB78278.1	33
QMT58763.1	33
BAU47682.1	33
BBP00168.1	33
ASQ46465.1	33
BAU47007.1	33
QLZ67352.1	33
AWN75688.1	33
BBF64247.1	33
CEK10207.1	33
VEB34344.1	33
AGH97476.1	33
SHJ85483.1	34
QDC44204.1	34
QDG38176.1	34
QBE90951.1	34
APD89605.1	34
QOZ66933.1	34
AGP77738.1	34
AWN54583.1	34
QOG22148.1	34
ALS33334.1	34
ACT51069.1	34
ABR91275.1	34
AFV85160.1	34
CAL60913.1	34
UHC17904.1	34
QRE74264.1	34
AKM04659.1	34
QNQ41322.1	35
UIJ70231.1	35
ALN73008.1	35
QWK78149.1	35
UHD47368.1	35
QVQ38336.1	35
QPA29031.1	35
QDB99990.1	35
QOG08196.1	35
QFP62277.1	35
UCA46372.1	35
UGQ21704.1	35
QYM74615.1	35
ANG95427.1	35
ABS13340.1	35
ASV86720.1	35
QDU46486.1	36
QDT66094.1	36
UBM37950.1	36
QDT11213.1	36
QDT31356.1	36
QDU93946.1	36
ASV72894.1	36
ADY60992.1	36
ADG68262.1	36
QDU29387.1	36
QDT39179.1	36
QDV31276.1	36
QDT50827.1	36
QDT52856.1	36
QDU74792.1	36
AVQ27022.1	37
QYR65354.1	37
QYR62778.1	37
QYR68244.1	37
ALF24620.1	37
AVQ25311.1	37
CKG85245.1	37
ALQ36328.1	37
AVQ31345.1	37
ATV58174.1	37
ALF21267.1	37
QYR62064.1	37
EEO41668.2	37
ASS39706.1	37
ATV65053.1	37
QCT99473.1	38
QCD50744.1	38
ALV25155.1	38
ASM36782.1	38
QKF69947.1	38
AXX95834.1	38
QKF84731.1	38
ASM38470.1	38
ANE33877.1	38
AXX90523.1	38
ASM40011.1	38
ASM35116.1	38
QKF71546.1	38
ABW67240.1	38
QUB97256.1	39
BBM55915.1	39
BBM51085.1	39
BBM48720.1	39
BBM37311.1	39
BBM37370.1	39
BBM50987.1	39
ACV40111.1	39
BBM58457.1	39
BBM41745.1	39
ALA96506.1	39
AMD95091.1	39
QUB95227.1	39
ASQ48058.1	39
QZX85947.1	40
BAQ72505.1	40
AWM60275.1	40
QGW21024.1	40
QPI09227.1	40
ULT69992.1	40
QHE98157.1	40
UQB25373.1	40
SDG30401.1	40
QXI31560.1	40
AJE16921.1	40
AWT08735.1	40
AFM31710.1	40
QUE75399.1	40
ABB73726.1	41
QOJ10333.1	41
ARO87855.1	41
BCT66804.1	41
AKH36583.1	41
AKH38946.1	41
BBL34955.1	41
ALQ50147.1	41
CAD85593.1	41
SNX60010.1	41
ABI58714.1	41
ABB74732.1	41
BCT67969.1	41
ABS60378.1	42
ACJ75081.1	42
ANQ53473.1	42
AMW32123.2	42
AJC74929.1	42
AEH51487.1	42
QTA38905.1	42
ABR30313.1	42
BBJ27176.1	42
ANE40757.1	42
ABV33340.1	42
AKI97011.1	42
CAG5085897.1	43
AOE11571.1	43
BBE17901.1	43
AHW62068.1	43
ALO15641.1	43
ASS50522.1	43
QIA08900.1	43
AEA43402.1	43
QKG78970.1	43
QGY45946.1	43
QQS71877.1	43
UKN00356.1	43
AMD96659.1	44
VFH96218.1	44
QNM12813.1	44
ALD68639.1	44
CAB1249951.1	44
AMH88171.1	44
BDB08585.1	44
VFI11124.1	44
BBP09178.1	44
AMC00022.1	44
AYV35067.1	44
CAB1249764.1	44
AMD90542.1	45
UIB00061.1	45
QCC84932.1	45
QTO39744.1	45
AGC50250.1	45
ABB37281.1	45
BAV92158.1	45
VZH32827.1	45
ATD81911.1	45
AEI13949.1	45
EGJ50758.1	45
QOG03136.1	46
QII69367.1	46
UOX34938.1	46
UQD55564.1	46
QYN51476.1	46
QYN49582.1	46
QLC66832.1	46
QGK76219.1	46
QKJ61965.1	46
QQT99873.1	46
QII72208.1	46
ASU23356.1	47
QKU60495.1	47
QEO42486.1	47
UOR19204.1	47
QKU56893.1	47
AWB32631.1	47
AYV21235.1	47
QKU64128.1	47
UOD51489.1	47
QPR53825.1	47
QEO44585.1	47
AOS45730.1	48
QYY36559.1	48
ATC65696.1	48
ADE55368.1	48
AKC82132.1	48
ATC62507.1	48
AHF91526.1	48
QYM80473.1	48
ACB76031.1	48
QXD24250.1	48
SDS64395.1	48
UJW84608.1	49
QDZ11648.1	49
QQR35353.1	49
QEE18826.1	49
QMW62815.1	49
AVF02784.1	49
QMV03848.1	49
QYO77754.1	49
QQR38910.1	49
AEQ53693.1	49
UJQ96125.1	49
QTD56258.1	50
SHG99490.1	50
QIK79124.1	50
QXF12309.1	50
AWI87272.1	50
AJA09226.1	50
URD61541.1	50
QNP46155.1	50
QNP43103.1	50
AHB49940.1	50
AFY41642.1	51
BBL81463.1	51
AEV15452.1	51
AAS82179.1	51
BDG29580.1	51
BCZ88446.1	51
APD09512.1	51
AFH39733.1	51
BBL92701.1	51
AFY51359.1	51
AZP39168.1	52
APZ09916.1	52
QCV87582.1	52
QCV96115.1	52
AZZ40352.1	52
VEI03120.1	52
AFV88301.1	52
AMS06045.1	52
ALN14326.1	52
AZZ42894.1	52
AWB23810.1	53
AEB09189.1	53
BBD78153.1	53
BBO80319.1	53
ATC95429.1	53
BBO28365.1	53
QTA83336.1	53
QJT07740.1	53
AXJ97443.1	53
AUZ84338.1	53
ATV70962.1	54
ATV65527.1	54
QQB72912.1	54
ALM94066.1	54
ATV73279.1	54
ALQ40758.1	54
ATV34781.1	54
ALF19427.1	54
QNM14466.1	54
ASG27607.1	54
AEB43907.1	55
QAT88001.1	55
BCJ40910.1	55
AGZ40628.1	55
ATB43168.1	55
AFE07108.1	55
SCG76508.1	55
BCY13007.1	55
SDS76428.1	55
QSQ24767.1	55
BAY24258.1	56
ADI13873.1	56
QUY44995.1	56
QTR47444.1	56
QFY72025.1	56
BDG06320.1	56
QNU20467.1	56
BDC49332.1	56
QOY90869.1	56
UOF02261.1	57
CAE79546.1	57
QDK37505.1	57
AHZ84212.1	57
AFY01359.1	57
ASD63973.1	57
AGH95678.1	57
QDK45333.1	57
QLY27032.1	57
QEE28375.1	58
QDU27338.1	58
QDU90005.1	58
QDU56080.1	58
ADW71235.1	58
BBO33003.1	58
QDV73375.1	58
QDU93057.1	58
QDV73376.1	58
QEC47319.1	59
ADB53703.1	59
BBL79348.1	59
UGS34608.1	59
ABG04899.1	59
ABG03533.1	59
UGS38844.1	59
QYJ15088.1	59
QIN83163.1	59
AHG90025.1	60
EGB14406.1	60
ACU90294.1	60
AWP23925.1	60
ABM30072.1	60
BAH37607.1	60
QJR36221.1	60
SOB58212.1	60
UEO00767.1	60
ADI84792.1	61
AMN47455.1	61
BBA70449.1	61
ANA40115.1	61
AAR35330.1	61
QQG64700.1	61
ARN74513.1	61
AHI32139.1	61
QTX09147.1	62
SEI09679.1	62
SDS12000.1	62
AYL17677.1	62
QJI31068.1	62
BBP79392.1	62
QXI31384.1	62
AMB86770.1	62
BCB90825.1	63
QLD25492.1	63
BCB76183.1	63
SCF21359.1	63
BCJ63721.1	63
SCG44805.1	63
QDY08359.1	63
QKE85800.1	63
AGX87354.1	64
CBA30189.1	64
ABE44440.1	64
BCO26918.1	64
QKO21746.1	64
AMO25063.1	64
QTN26489.1	64
APW46187.1	64
QEA13263.1	65
UPQ75433.1	65
QDP85839.1	65
QQY33890.1	65
ANF51543.1	65
ASQ89836.1	65
QSV58412.1	65
CAL60764.1	66
ABR90716.1	66
UCU95836.1	66
QCB46397.1	66
AOF84964.1	66
QHI99037.1	66
ALK90437.1	66
AFU68881.1	67
AFL80692.1	67
QDO93229.1	67
ADX67706.1	67
QNJ97476.1	67
UAB81913.1	67
AHJ13738.1	68
ANE36358.1	68
AOO66003.1	68
ANE33874.1	68
AKT92850.1	68
QKF69950.1	68
AYF43034.1	69
ATH06687.1	69
AUN96815.1	69
AZZ36553.1	69
UOF02260.1	69
CBW25253.1	69
QNK53921.1	70
AIY17025.1	70
ANH40151.1	70
QFQ30695.2	70
QEH93941.1	70
QWC85307.1	70
AEE95571.1	71
QJC94034.1	71
AUJ60405.1	71
AEJ40636.1	71
QAR59512.1	71
AUW95035.1	71
ADY34501.1	72
BDF54694.1	72
QRO51373.1	72
AZS29613.1	72
BDF54695.1	72
QRO51374.1	72
AOM77432.1	73
AMJ67855.1	73
AYL95786.1	73
QEM02515.1	73
UOE52381.1	73
QEC79469.1	73
SLM50294.1	74
CBK42709.1	74
BCA54201.1	74
ALA61019.1	74
ALA59876.1	74
QIN80253.1	75
BBL80016.1	75
ABG05611.1	75
QIN81726.1	75
QYJ15747.1	75
QWD33999.1	76
QWD91076.1	76
QWD14755.1	76
QWD78277.1	76
QWD87309.1	76
QRK92712.1	77
QXJ24365.1	77
QUH06163.1	77
QKG22183.1	77
QKW34069.1	77
ABB37646.1	78
QEM68662.1	78
QDU55680.1	78
QSV45037.1	78
QJT07953.1	78
CAE6911583.1	79
ANQ27154.1	79
AXT71579.1	79
ANQ17846.1	79
ANQ22450.1	79
ACV07563.1	80
BCW49594.1	80
QRO87217.1	80
BCW46664.1	80
BCW37373.1	80
ANZ45854.1	81
BDF78825.1	81
AFM21850.1	81
AER66306.1	81
ADE57602.1	81
AEK59285.1	82
ACK80436.1	82
QFX94852.1	82
QFX97084.1	82
BBF64959.1	82
ATC65038.1	83
AWI10397.1	83
AOS45294.1	83
QQL44473.1	83
ACB77838.1	83
ATC23181.1	84
AAK22152.1	84
ATC33451.1	84
ALL14893.1	84
QGZ93379.1	84
ULP36320.1	85
QYB03082.1	85
QNJ92808.1	85
QDQ96665.1	85
AXK73902.1	85
UHQ21265.1	86
UNK49686.1	86
QSX76020.1	86
QGW65396.1	86
QRF54438.1	87
AOG12757.1	87
QEE43690.1	87
QLF71717.1	87
AZW08942.1	88
AZW09997.1	88
AVQ20883.1	88
AYV92472.1	88
ASY13793.1	89
ASY09838.1	89
QBI20740.1	89
ASY27183.1	89
QKW38868.1	90
QXJ21896.1	90
QFG24129.1	90
AWT46609.1	90
ASG67558.1	91
QIV95990.1	91
AVC43967.1	91
QIV94473.1	91
AER67049.1	92
ACZ18893.1	92
ANZ45866.1	92
ADE57533.1	92
QUM83610.1	93
QUM79402.1	93
SQD80150.1	93
CED61654.1	93
AGH80222.1	94
CED59923.1	94
QUM81036.1	94
ABM02301.1	94
APG62481.1	95
QZD90392.1	95
UIP06369.1	95
AKM07524.1	95
ACM05244.1	96
ABX02717.1	96
BAM01322.1	96
ACZ38594.1	96
AOE11195.1	97
QQL45632.1	97
QJE96988.1	97
QUE50205.1	97
AJI45616.1	98
AJI73917.1	98
APC91295.1	98
APC96731.1	98
CZQ24749.1	99
AOO55190.1	99
QXH65307.1	99
BAT23208.1	99
UPO97394.1	100
AVQ18151.1	100
AVQ17665.1	100
AVQ19841.1	100
UCV23144.1	101
QEL56755.1	101
UCV19175.1	101
ASJ25960.1	101
BAS27917.1	102
AZR73916.1	102
ACI20096.1	102
ACK41487.1	102
QXP65937.1	103
AEM70409.1	103
ADX67704.1	103
QSB27325.1	103
BBH88522.1	104
BBH92607.1	104
BCL84114.1	104
QBD77781.1	104
QEW35254.1	105
QRO26321.1	105
UNY98304.1	105
QIU93991.1	105
AEH09717.1	106
UJA19998.1	106
UJA19987.1	106
AUD06891.1	107
QCW98776.1	107
UEG52177.1	107
CUS05025.2	108
CUS02213.2	108
SMX54199.1	108
VTQ83211.1	109
APC39030.1	109
AWZ47522.1	109
AIA31706.1	110
AKS23577.1	110
BAM07101.1	110
AGA28129.1	111
QMS91446.1	111
AOY79372.1	111
AEU34988.1	112
ADQ41876.1	112
AST06083.1	112
ACH38804.1	113
ADW16533.1	113
BCG47641.1	113
SLM46431.1	114
BCA54482.1	114
CBK43123.1	114
QRM18349.1	115
UCV11804.1	115
SCK15099.1	115
QDZ27486.1	116
QKJ66853.1	116
APA69654.1	116
CCK79414.1	117
BBO72560.1	117
QBH13796.1	117
ALW85061.1	118
UOE34455.1	118
UOQ98853.1	118
AUM01041.1	119
BAL22942.1	119
QID16664.1	119
QYG91651.1	120
BAN01439.1	120
QXC62729.1	120
AUS07743.1	121
QBK12691.1	121
BCU82974.1	121
UJR82519.1	122
AKJ06199.1	122
AKF04879.1	122
AGK58034.1	123
UOA21217.1	123
AAS80625.1	123
BBR82549.1	124
ALC74284.1	124
AMA31267.1	124
CDR30465.1	125
CCV66263.1	125
AUD62970.1	125
QYJ15076.1	126
BBL79336.1	126
BAZ41635.1	126
QYX80318.1	127
AKJ11885.1	127
QWA23722.1	127
AMJ67888.1	128
AWM34165.1	128
AMR27345.1	128
QWT53238.1	129
QIX91419.1	129
ASN97931.1	129
ANP83930.1	130
AFQ17825.1	130
QYA33540.1	130
ALP53212.1	131
AZQ58490.1	131
AYN68446.1	131
APW37986.1	132
AEG93206.1	132
AUT62232.1	133
QNB16335.1	133
ADD27141.1	134
AWR87724.1	134
QCV87566.1	135
VEI03104.1	135
ADE16420.1	136
QBQ54349.1	136
UNM14221.1	137
AJE41639.1	137
BDE83583.1	138
BBG62440.1	138
BBU68053.1	139
BAK78445.1	139
ACL02068.1	140
ABC76737.1	140
AVO28108.1	141
UBS54075.1	141
ARA93312.1	142
QXD14344.1	142
ATA86204.1	143
AMD84557.1	143
BBN60158.1	144
QCU90702.1	144
QKJ98983.1	145
AFN75899.1	145
AJA01377.1	146
APZ79239.1	146
QUW00576.1	147
AEP11482.1	147
ANY67332.1	148
SCE66625.1	148
QCI60197.1	149
BDF69612.1	149
CBK75354.1	150
QFJ53974.1	150
CCO59654.1	151
ASI89272.1	151
QEE49459.1	152
ANF26721.1	152
SNV42399.1	153
QWT85712.1	153
BCN93945.1	154
AEG31704.1	154
BBE36417.1	155
BBE36406.1	155
AHI06626.1	156
UOF01845.1	156
QEO44553.1	157
QPP48065.1	157
AGM40236.1	158
AMQ89890.1	158
ANY80198.1	159
QEL22790.1	159
QKE63350.1	160
QHC99273.1	160
UOB19424.1	161
QQY83045.1	161
SCF25981.1	162
AVV40713.1	162
BBK25790.1	163
BBK25903.1	163
SNV05630.1	164
BBH21856.1	164
ADH85792.1	165
ANB01373.1	165
QDI51577.1	166
AQT63293.1	166
QXP52443.1	167
ADV50409.1	167
QNO37774.1	168
QEO09231.1	168
QWF70710.1	169
QWF70709.1	169
QCX01859.1	170
AIM60219.1	170
AEE13949.1	171
AWB09679.1	171
QDT73336.1	172
QEG36045.1	172
ABU57447.1	173
ABQ92611.1	173
APJ04066.1	174
BBH53481.1	174
BBM86913.1	175
ATB42804.1	175
UAB97603.1	176
AGL20845.1	176
QJP14822.1	177
AZO77554.1	177
QKJ96141.1	178
QKK00860.1	178
ARA94539.1	179
QXD15881.1	179
ABC82233.1	180
BDG07157.1	180
QCP08243.1	181
QNE44167.1	181
QDI90458.1	182
AHI32950.1	182
AET70575.1	183
BCZ48243.1	183
AWH55126.1	184
BCS89115.1	184
BCD67960.1	185
BCD62080.1	185
BCL79503.1	186
BBH95695.1	186
AMQ87240.1	187
BBO72973.1	187
BBK31066.1	188
AJD51433.1	188
CCG46759.1	189
AIK39580.1	189
QXQ20378.1	190
QBS11735.1	190
QSR36866.1	191
QEW08099.1	191
AEH22613.1	192
BAU23916.1	192
UNM11395.1	193
QKW07646.1	193
ASR48682.1	194
ALP35759.1	194
QJF52892.1	195
QBY01296.1	195
QIK68269.1	196
QEC47329.1	196
