WP_131391565.1	0487_29_1
HAY4577140.1	0487_29_1
NCH61700.1	0487_29_1
HBC0587495.1	0487_29_1
WP_061554685.1	0487_29_1
AEH27473.1	0487_29_1
WP_041691659.1	0487_29_1
WP_005823552.1	0487_29_1
WP_072419195.1	0487_29_1
MBD9105552.1	0487_29_1
WP_061830633.1	0487_29_1
MBS6587934.1	0487_29_1
WP_118741802.1	0487_29_1
SCJ71229.1	0487_29_1
OUN47551.1	0487_29_1
WP_117530072.1	0487_29_1
WP_147759423.1	0487_29_1
MBO5475024.1	0487_29_1
WP_208498225.1	0487_29_1
WP_013497141.1	0487_29_1
WP_115253476.1	0487_29_1
MBP5842394.1	0487_29_1
WP_105766194.1	0487_29_1
PIO80417.1	0487_29_1
PEG75341.1	0487_29_1
WP_099412309.1	0487_29_1
WP_076632559.1	0487_29_1
AFW04785.1	0487_29_1
WP_087487468.1	0487_29_1
WP_014605463.1	0487_29_1
WP_063880154.1	0487_29_1
WP_225181253.1	0487_29_1
WP_217880571.1	0487_29_1
WP_054687551.1	0487_29_1
WP_038395439.1	0487_29_1
WP_180395140.1	0487_29_1
WP_137529147.1	0487_29_1
WP_146383734.1	0487_29_1
WP_087661176.1	0487_29_1
EGR73751.1	0487_29_1
WP_162625789.1	0487_29_1
WP_213786579.1	0487_29_1
WP_148790641.1	0487_29_1
WP_130975594.1	0487_29_1
HAZ0555840.1	0487_29_1
MBN2612407.1	0487_29_1
WP_201546713.1	0487_29_1
WP_089541576.1	0487_29_1
WP_163049471.1	0487_29_1
WP_171537823.1	0487_29_1
WP_168384767.1	0487_29_1
WP_180025383.1	0487_29_1
WP_161420062.1	0487_29_1
WP_168401718.1	0487_29_1
TCB46542.1	0487_29_1
WP_021506308.1	0487_29_1
WP_131324271.1	0487_29_1
WP_101210808.1	0487_29_1
WP_180085977.1	0487_29_1
WP_228278673.1	0487_29_1
WP_087013699.1	0487_29_1
WP_227514005.1	0487_29_1
WP_086398835.1	0487_29_1
WP_197218336.1	0487_29_1
WP_201529894.1	0487_29_1
WP_219299372.1	0487_29_1
WP_017401298.1	0487_29_1
WP_105245009.1	0487_29_1
EHU1307238.1	0487_29_1
WP_144917748.1	0487_29_1
WP_100907999.1	0487_29_1
MBD7808321.1	0487_29_1
WP_159336482.1	0487_29_1
WP_224490275.1	0487_29_1
WP_102038540.1	0487_29_1
HCT41976.1	0487_29_1
MBP7051975.1	0487_29_1
WP_005233228.1	0487_29_1
WP_142473995.1	0487_29_1
BAT23399.1	0487_29_1
WP_087878921.1	0487_29_1
WP_167820090.1	0487_29_1
WP_049281935.1	0487_29_1
WP_032317884.1	0487_29_1
WP_208462997.1	0487_29_1
HAU3120060.1	0487_29_1
WP_076166215.1	0487_29_1
EGC5066056.1	0487_29_1
WP_123907704.1	0487_29_1
WP_042054573.1	0487_29_1
WP_162648787.1	0487_29_1
WP_156075988.1	0487_29_1
WP_098924729.1	0487_29_1
WP_097773587.1	0487_29_1
WP_117533348.1	0487_29_1
WP_187536966.1	0487_29_1
WP_118857369.1	0487_29_1
HAV5950902.1	0487_29_1
NML86954.1	0487_29_1
WP_159077557.1	0487_29_1
KQN22945.1	0487_29_1
WP_114182671.1	0487_29_1
WP_125523459.1	0487_29_1
WP_208753426.1	0487_29_1
WP_209767113.1	0487_29_1
WP_150378230.1	0487_29_1
WP_067551204.1	0487_29_1
WP_071211484.1	0487_29_1
WP_004723499.1	0487_29_1
WP_180134905.1	0487_29_1
WP_171536897.1	0487_29_1
WP_200461111.1	0487_29_1
WP_120368242.1	0487_29_1
WP_049081426.1	0487_29_1
WP_198475480.1	0487_29_1
WP_187652516.1	0487_29_1
WP_171541174.1	0487_29_1
WP_110091477.1	0487_29_1
WP_039194764.1	0487_29_1
WP_169334418.1	0487_29_1
WP_197050931.1	0487_29_1
WP_180047757.1	0487_29_1
WP_067725738.1	0487_29_1
MBA3895737.1	0487_29_1
WP_171269884.1	0487_29_1
WP_129384724.1	0487_29_1
HIP21003.1	0487_29_1
WP_084201516.1	0487_29_1
WP_216059302.1	0487_29_1
WP_090193267.1	0487_29_1
WP_222990728.1	0487_29_1
WP_133481130.1	0487_29_1
WP_027715123.1	0487_29_1
WP_010185649.1	0487_29_1
MAL96507.1	0487_29_1
WP_106511899.1	0487_29_1
WP_080768584.1	0487_29_1
KPP97782.1	0487_29_1
WP_056056224.1	0487_29_1
WP_017044350.1	0487_29_1
WP_124743340.1	0487_29_1
EIJ0935517.1	0487_29_1
WP_199355634.1	0487_29_1
WP_208631474.1	0487_29_1
TQV62357.1	0487_29_1
WP_109880524.1	0487_29_1
MBC7619230.1	0487_29_1
WP_148089948.1	0487_29_1
NWF39485.1	0487_29_1
WP_198030641.1	0487_29_1
NCC32271.1	0487_29_1
WP_183382077.1	0487_29_1
PZQ18726.1	0487_29_1
WP_148532585.1	0487_29_1
WP_198095099.1	0487_29_1
WP_142626892.1	0487_29_1
WP_031212253.1	0487_29_1
WP_132598473.1	0487_29_1
EGR2427770.1	0487_29_1
WP_021088748.1	0487_29_1
WP_213983256.1	0487_29_1
MAS39832.1	0487_29_1
KIM05112.1	0487_29_1
WP_021083782.1	0487_29_1
WP_199354907.1	0487_29_1
WP_089031743.1	0487_29_1
WP_114227905.1	0487_29_1
KQN07402.1	0487_29_1
WP_092407806.1	0487_29_1
WP_022987666.1	0487_29_1
WP_169116372.1	0487_29_1
WP_186524375.1	0487_29_1
NQW40276.1	0487_29_1
WP_082468241.1	0487_29_1
WP_187503084.1	0487_29_1
WP_085217757.1	0487_29_1
WP_159726016.1	0487_29_1
KIM05111.1	0487_29_1
WP_128455948.1	0487_29_1
MBN9220966.1	0487_29_1
RZL04476.1	0487_29_1
MCC6274529.1	0487_29_1
MBV9528573.1	0487_29_1
MAT67810.1	0487_29_1
WP_199391511.1	0487_29_1
WP_047136586.1	0487_29_1
WP_037501122.1	0487_29_1
MBM22938.1	0487_29_1
RYZ80733.1	0487_29_1
WP_048016887.1	0487_29_1
HIK23550.1	0487_29_1
WP_166094094.1	0487_29_1
PWB95608.1	0487_29_1
MAD71325.1	0487_29_1
MBT5400305.1	0487_29_1
WP_215479016.1	0487_29_1
MBK6511916.1	0487_29_1
WP_011630073.1	0487_29_1
WP_060527669.1	0487_29_1
WP_166200770.1	0487_29_1
WP_054966564.1	0487_29_1
WP_209040394.1	0487_29_1
WP_099798041.1	0487_29_1
MAM09674.1	0487_29_1
ARN79940.1	0487_29_1
MBT3281323.1	0487_29_1
MBL50343.1	0487_29_1
MBI67117.1	0487_29_1
WP_228234352.1	0487_29_1
WP_062816438.1	0487_29_1
MBX3479456.1	0487_29_1
NCY07830.1	0487_29_1
WP_188853827.1	0487_29_1
WP_190278049.1	0487_29_1
WP_093666707.1	0487_29_1
WP_158083459.1	0487_29_1
WP_206201164.1	0487_29_1
AZI19822.1	0487_29_1
MBT5399977.1	0487_29_1
WP_051531748.1	0487_29_1
WP_133512493.1	0487_29_1
KZR90559.1	0487_29_1
WP_230772520.1	0487_29_1
MBC7122699.1	0487_29_1
MBV0913469.1	0487_29_1
NUR37916.1	0487_29_1
MBA3511518.1	0487_29_1
NDD12153.1	0487_29_1
WP_022670500.1	0487_29_1
WP_196402873.1	0487_29_1
WP_011993741.1	0487_29_1
MBL09655.1	0487_29_1
MBU3589082.1	0487_29_1
WP_160605047.1	0487_29_1
WP_129386096.1	0487_29_1
MBV2216982.1	0487_29_1
RPG55924.1	0487_29_1
WP_175518371.1	0487_29_1
PPR41520.1	0487_29_1
RMH49596.1	0487_29_1
WP_161716256.1	0487_29_1
EFM8966421.1	0487_29_1
WP_179151278.1	0487_29_1
WP_089639188.1	0487_29_1
WP_130996601.1	0487_29_1
ADC54957.1	0487_29_1
WP_109862426.1	0487_29_1
WP_097336108.1	0487_29_1
PST96423.1	0487_29_1
WP_107191832.1	0487_29_1
MCD9464198.1	0487_29_1
WP_170073309.1	0487_29_1
WP_191238328.1	0487_29_1
SKC32433.1	0487_29_1
WP_000965187.1	0487_29_1
WP_073405434.1	0487_29_1
WP_106479609.1	0487_29_1
WP_151760660.1	0487_29_1
WP_097133847.1	0487_29_1
QHR93353.1	0487_29_1
HBD4964601.1	0487_29_1
WP_105228541.1	0487_29_1
WP_130060494.1	0487_29_1
EGR3401026.1	0487_29_1
WP_107289800.1	0487_29_1
WP_128612299.1	0487_29_1
WP_200923010.1	0487_29_1
EGT0664115.1	0487_29_1
EIG8581612.1	0487_29_1
WP_025491994.1	0487_29_1
EIG6690569.1	0487_29_1
WP_059276126.1	0487_29_1
WP_222551728.1	0487_29_1
EHA1124951.1	0487_29_1
WP_187252201.1	0487_29_1
WP_200015063.1	0487_29_1
WP_134692146.1	0487_29_1
WP_163435987.1	0487_29_1
EIP3526296.1	0487_29_1
WP_103155085.1	0487_29_1
ABI98976.1	0487_29_1
WP_045338351.1	0487_29_1
WP_181666584.1	0487_29_1
EFI3676002.1	0487_29_1
WP_149540368.1	0487_29_1
WP_210599843.1	0487_29_1
WP_136392103.1	0487_29_1
WP_009123722.1	0487_29_1
VEB76576.1	0487_29_1
WP_131325943.1	0487_29_1
WP_114172788.1	0487_29_1
WP_140964847.1	0487_29_1
WP_171255263.1	0487_29_1
WP_180177237.1	0487_29_1
WP_198305536.1	0487_29_1
WP_000262677.1	0487_29_1
WP_101916788.1	0487_29_1
WP_125998993.1	0487_29_1
WP_017724838.1	0487_29_1
NHB92021.1	0487_29_1
WP_137222139.1	0487_29_1
WP_162814004.1	0487_29_1
WP_036942525.1	0487_29_1
WP_080760111.1	0487_29_1
RPA63838.1	0487_29_1
WP_176372556.1	0487_29_1
HAS6984939.1	0487_29_1
WP_228076309.1	0487_29_1
WP_213969826.1	0487_29_1
EHK9547916.1	0487_29_1
WP_228490417.1	0487_29_1
WP_005817592.1	0487_29_1
WP_089110519.1	0487_29_1
WP_226777332.1	0487_29_1
WP_000639299.1	0487_29_1
WP_201488134.1	0487_29_1
WP_149335172.1	0487_29_1
EAX1602471.1	0487_29_1
EEJ4373330.1	0487_29_1
EBI0040023.1	0487_29_1
MCC3780838.1	0487_29_1
KAB1515163.1	0487_29_1
SUC15933.1	0487_29_1
EEW3194231.1	0487_29_1
EBQ8563659.1	0487_29_1
WP_094762235.1	0487_29_1
EAR2001077.1	0487_29_1
OZU30810.1	0487_29_1
WP_060561577.1	0487_29_1
EAP0955437.1	0487_29_1
HAX8449907.1	0487_29_1
EFI8995880.1	0487_29_1
WP_228346254.1	0487_29_1
WP_005653708.1	0487_29_1
WP_172893723.1	0487_29_1
WP_034169332.1	0487_29_1
WP_108569543.1	0487_29_1
WP_166713992.1	0487_29_1
WP_218427038.1	0487_29_1
WP_072040269.1	0487_29_1
APZ56502.1	0487_29_1
WP_174563684.1	0487_29_1
WP_057329600.1	0487_29_1
MBQ8384861.1	0487_29_1
WP_005861887.1	0487_29_1
WP_214221985.1	0487_29_1
WP_191016112.1	0487_29_1
WP_032067856.1	0487_29_1
WP_042009273.1	0487_29_1
WP_221255378.1	0487_29_1
WP_151795245.1	0487_29_1
WP_002674248.1	0487_29_1
WP_104504119.1	0487_29_1
WP_151741735.1	0487_29_1
WP_015781963.1	0487_29_1
WP_212899018.1	0487_29_1
WP_017897834.1	0487_29_1
WP_151816168.1	0487_29_1
WP_180138626.1	0487_29_1
WP_180139496.1	0487_29_1
WP_180116289.1	0487_29_1
WP_162183340.1	0487_29_1
WP_098714362.1	0487_29_1
WP_202040477.1	0487_29_1
MBC7710596.1	0487_29_1
WP_202733462.1	0487_29_1
WP_205667377.1	0487_29_1
WP_138155551.1	0487_29_1
ALU43240.1	0487_29_1
WP_065709043.1	0487_29_1
WP_095909418.1	0487_29_1
WP_212259750.1	0487_29_1
WP_018122467.1	0487_29_1
WP_086267389.1	0487_29_1
WP_004647642.1	0487_29_1
WP_045172218.1	0487_29_1
WP_142668271.1	0487_29_1
WP_205956578.1	0487_29_1
WP_172912940.1	0487_29_1
WP_070076696.1	0487_29_1
WP_064352351.1	0487_29_1
WP_176019005.1	0487_29_1
EIC1493874.1	0487_29_1
WP_150146757.1	0487_29_1
WP_187258533.1	0487_29_1
WP_228340356.1	0487_29_1
EGD0584816.1	0487_29_1
WP_063146256.1	0487_29_1
WP_174563351.1	0487_29_1
WP_181593463.1	0487_29_1
WP_223604415.1	0487_29_1
QNY06381.1	0487_29_1
WP_081048554.1	0487_29_1
WP_219343564.1	0487_29_1
WP_227660009.1	0487_29_1
WP_047620789.1	0487_29_1
AHB32832.1	0487_29_1
CUV14244.1	0487_29_1
WP_075465789.1	0487_29_1
WP_122852603.1	0487_29_1
WP_078222586.1	0487_29_1
WP_017400312.1	0487_29_1
MBN6211866.1	0487_29_1
WP_169353714.1	0487_29_1
WP_081408856.1	0487_29_1
WP_000064509.1	0487_29_1
WP_119064478.1	0487_29_1
RSO81665.1	0487_29_1
WP_127799779.1	0487_29_1
EHN5991182.1	0487_29_1
EAU0255189.1	0487_29_1
WP_161748446.1	0487_29_1
WP_196350619.1	0487_29_1
EDQ7406279.1	0487_29_1
HAE7082557.1	0487_29_1
WP_058109104.1	0487_29_1
EAU0023031.1	0487_29_1
WP_032180856.1	0487_29_1
WP_089723541.1	0487_29_1
WP_063927837.1	0487_29_1
WP_112164390.1	0487_29_1
WP_033740460.1	0487_29_1
PKB90879.1	0487_29_1
WP_104920314.1	0487_29_1
EAA8875199.1	0487_29_1
EGQ5166340.1	0487_29_1
EFN4116306.1	0487_29_1
WP_171461313.1	0487_29_1
WP_105278937.1	0487_29_1
WP_180556034.1	0487_29_1
WP_001702373.1	0487_29_1
WP_131161396.1	0487_29_1
MBR0503468.1	0487_29_1
WP_033870522.1	0487_29_1
WP_160523648.1	0487_29_1
WP_217149407.1	0487_29_1
WP_112022321.1	0487_29_1
MBY0540660.1	0487_29_1
SMC38412.1	0487_29_1
MBT9898728.1	0487_29_1
WP_022192438.1	0487_29_1
MBD9027931.1	0487_29_1
WP_121581715.1	0487_29_1
WP_115404904.1	0487_29_1
MXS70331.1	0487_29_1
MBA3143697.1	0487_29_1
WP_179226027.1	0487_29_1
MBA3113756.1	0487_29_1
ECZ7900187.1	0487_29_1
ECG8041865.1	0487_29_1
HAF2604735.1	0487_29_1
EBL4292099.1	0487_29_1
EBO9556473.1	0487_29_1
EBA8957897.1	0487_29_1
EGX6618175.1	0487_29_1
WP_166824133.1	0487_29_1
WP_117711886.1	0487_29_1
WP_048827300.1	0487_29_1
WP_001515519.1	0487_29_1
WP_207967755.1	0487_29_1
SQD80126.1	0487_29_1
HBC9557793.1	0487_29_1
WP_038197792.1	0487_29_1
MBT5491528.1	0487_29_1
WP_182293311.1	0487_29_1
WP_158576005.1	0487_29_1
MBX2931862.1	0487_29_1
MBO5829877.1	0487_29_1
MBR5810519.1	0487_29_1
MBR1957044.1	0487_29_1
MBQ0029540.1	0487_29_1
MBS1442712.1	0487_29_1
MUU05497.1	0487_29_1
WP_157844532.1	0487_29_1
MBD9300770.1	0487_29_1
WP_223271599.1	0487_29_1
QQO62350.1	0487_29_1
WP_071842993.1	0487_29_1
WP_217511439.1	0487_29_1
WP_115074078.1	0487_29_1
WP_160890430.1	0487_29_1
WP_155031454.1	0487_29_1
HAZ4812282.1	0487_29_1
EFI6978175.1	0487_29_1
MBE4990227.1	0487_29_1
WP_191932879.1	0487_29_1
WP_181879881.1	0487_29_1
WP_226342182.1	0238_10_2
EFJ4442667.1	0238_10_2
EFA4709713.1	0238_10_2
WP_102961581.1	0238_10_2
WP_038420104.1	0238_10_2
WP_159082270.1	0238_10_2
WP_176140441.1	0238_10_2
OXU41230.1	0238_10_2
WP_021823835.1	0238_10_2
WP_221716884.1	0238_10_2
WP_112032556.1	0238_10_2
WP_021555519.1	0238_10_2
WP_086528087.1	0238_10_2
WP_126815147.1	0238_10_2
WP_103674172.1	0238_10_2
WP_086924582.1	0238_10_2
MBS0344088.1	0238_10_2
WP_121142808.1	0238_10_2
WP_033991562.1	0238_10_2
WP_116845021.1	0238_10_2
WP_034001819.1	0238_10_2
WP_121213467.1	0238_10_2
WP_033943974.1	0238_10_2
WP_017001671.1	0238_10_2
MBH9075679.1	0238_10_2
WP_124078092.1	0238_10_2
WP_117280578.1	0238_10_2
WP_125442707.1	0238_10_2
WP_128111378.1	0238_10_2
WP_048971144.1	0238_10_2
ATF91965.1	0238_10_2
HAU5067813.1	0238_10_2
MBO6244602.1	0238_10_2
WP_047446003.1	0238_10_2
WP_021540005.1	0238_10_2
WP_049008294.1	0238_10_2
EFE7997203.1	0238_10_2
WP_045629819.1	0238_10_2
WP_074172210.1	0238_10_2
WP_106902180.1	0238_10_2
WP_151532579.1	0238_10_2
WP_230607872.1	0238_10_2
HAT7486851.1	0238_10_2
WP_000639866.1	0238_10_2
WP_202761074.1	0238_10_2
WP_073488278.1	0238_10_2
WP_074165021.1	0238_10_2
WP_072255639.1	0238_10_2
WP_072057113.1	0238_10_2
WP_225284810.1	0238_10_2
WP_061755395.1	0238_10_2
WP_050231747.1	0238_10_2
VJK41440.1	0238_10_2
WP_050259364.1	0238_10_2
WP_217813338.1	0238_10_2
WP_118552738.1	0238_10_2
WP_110074496.1	0238_10_2
WP_015392664.1	0238_10_2
PWM98997.1	0238_10_2
GFI59156.1	0238_10_2
MCD8237980.1	0238_10_2
WP_152704185.1	0238_10_2
WP_142410957.1	0238_10_2
HIS89155.1	0238_10_2
WP_074871561.1	0238_10_2
WP_229304178.1	0238_10_2
MBR5317391.1	0238_10_2
WP_021742706.1	0238_10_2
WP_137663709.1	0238_10_2
WP_224289170.1	0238_10_2
WP_077325704.1	0238_10_2
WP_010779746.1	0238_10_2
WP_161169319.1	0238_10_2
RRF98251.1	0238_10_2
WP_061384080.1	0238_10_2
WP_072557861.1	0238_10_2
HAM08541.1	0238_10_2
MBE5851202.1	0238_10_2
MBS5763303.1	0238_10_2
WP_216458872.1	0238_10_2
VNC99741.1	0238_10_2
PKM60510.1	0238_10_2
EHE61561.1	0238_10_2
VOS41126.1	0238_10_2
MBR6949283.1	0238_10_2
WP_021892972.1	0238_10_2
KRL41533.1	0238_10_2
WP_113860531.1	0238_10_2
VSB76654.1	0238_10_2
WP_137220543.1	0238_10_2
WP_129739268.1	0238_10_2
HBZ53068.1	0238_10_2
WP_069653705.1	0238_10_2
MBR3132333.1	0238_10_2
WP_044693603.1	0238_10_2
CMX58981.1	0238_10_2
WP_172980634.1	0238_10_2
WP_199574959.1	0238_10_2
WP_227809219.1	0238_10_2
WP_087367543.1	0238_10_2
PMD68826.1	0238_10_2
WP_170177334.1	0238_10_2
MBR0143807.1	0238_10_2
MCB6994514.1	0238_10_2
MBS8088733.1	0238_10_2
WP_181567166.1	0238_10_2
MBP3198577.1	0238_10_2
MBT9760038.1	0238_10_2
OUQ39659.1	0238_10_2
HIV43641.1	0238_10_2
WP_207114294.1	0238_10_2
WP_017210832.1	0238_10_2
WP_079270444.1	0238_10_2
MBR8697802.1	0238_10_2
NQK45294.1	0238_10_2
WP_004230030.1	0238_10_2
NQI73492.1	0238_10_2
WP_181476581.1	0238_10_2
OUO92925.1	0238_10_2
WP_173761171.1	0238_10_2
WP_012263249.1	0238_10_2
WP_138276515.1	0238_10_2
MBQ8971725.1	0238_10_2
WP_117516703.1	0238_10_2
MCC2155351.1	0238_10_2
WP_037586833.1	0238_10_2
NMA85113.1	0238_10_2
WP_003088592.1	0238_10_2
WP_049500314.1	0238_10_2
WP_211495296.1	0238_10_2
WP_195540292.1	0238_10_2
MBQ9890337.1	0238_10_2
EPC71712.1	0238_10_2
WP_226396572.1	0238_10_2
OUN70361.1	0238_10_2
KOA54210.1	0238_10_2
WP_042238960.1	0238_10_2
WP_144356771.1	0238_10_2
WP_074732315.1	0238_10_2
WP_085391522.1	0238_10_2
WP_215633174.1	0238_10_2
VMG48693.1	0238_10_2
WP_018167255.1	0238_10_2
NQJ69172.1	0238_10_2
WP_146496265.1	0238_10_2
WP_074482109.1	0238_10_2
WP_131501423.1	0238_10_2
WP_044470582.1	0238_10_2
MBQ4512821.1	0238_10_2
MBE6718381.1	0238_10_2
PXZ19741.1	0238_10_2
WP_005761605.1	0238_10_2
WP_060461556.1	0238_10_2
WP_057719366.1	0238_10_2
WP_210144629.1	0238_10_2
WP_025174023.1	0238_10_2
WP_205395997.1	0238_10_2
WP_170816446.1	0238_10_2
WP_214379817.1	0238_10_2
WP_135517332.1	0238_10_2
WP_010747882.1	0238_10_2
WP_114002921.1	0238_10_2
WP_204465687.1	0238_10_2
KSU15282.1	0238_10_2
NQP36275.1	0238_10_2
WP_222636956.1	0238_10_2
WP_144171247.1	0238_10_2
AXA82896.1	0238_10_2
HAS92070.1	0238_10_2
WP_204933104.1	0238_10_2
WP_081172321.1	0238_10_2
WP_148126571.1	0238_10_2
WP_174720878.1	0238_10_2
WP_142511397.1	0238_10_2
WP_223351134.1	0238_10_2
WP_111712749.1	0238_10_2
WP_229411592.1	0238_10_2
WP_062514754.1	0238_10_2
HHY83211.1	0238_10_2
MCE2151712.1	0238_10_2
WP_101916278.1	0238_10_2
WP_091208476.1	0238_10_2
WP_081028438.1	0238_10_2
WP_071460920.1	0238_10_2
WP_074480037.1	0238_10_2
WP_157328055.1	0238_10_2
PEG94093.1	0238_10_2
NLJ95935.1	0238_10_2
WP_008780904.1	0238_10_2
MBR3046111.1	0238_10_2
MCD7998119.1	0238_10_2
WP_118309970.1	0238_10_2
RKV84714.1	0238_10_2
WP_214095740.1	0238_10_2
WP_212892137.1	0238_10_2
MBR3518882.1	0238_10_2
WP_072974770.1	0238_10_2
MBQ6162260.1	0238_10_2
MBQ6188122.1	0238_10_2
WP_222112393.1	0238_10_2
WP_024242467.1	0238_10_2
EHI1103351.1	0238_10_2
ECC1659034.1	0238_10_2
EGS1644181.1	0238_10_2
MBS6928501.1	0238_10_2
ORS46201.1	0238_10_2
ADC54950.1	0238_10_2
ARD51912.1	0238_10_2
HAW0456399.1	0238_10_2
HBB8469940.1	0238_10_2
EFN5151366.1	0238_10_2
WP_077227879.1	0238_10_2
WP_125274477.1	0238_10_2
WP_195728452.1	0238_10_2
WP_163169866.1	0238_10_2
WP_180040407.1	0238_10_2
NLZ53017.1	0238_10_2
MBK7771320.1	0238_10_2
MBK9473069.1	0238_10_2
WP_128578354.1	0238_10_2
WP_107174165.1	0238_10_2
MBK8166436.1	0238_10_2
WP_130066659.1	0238_10_2
WP_047034256.1	0238_10_2
QDZ61352.1	0238_10_2
MBR1732900.1	0238_10_2
MBR1400320.1	0238_10_2
MBE6324357.1	0238_10_2
WP_118151519.1	0238_10_2
MBR6338611.1	0238_10_2
MBR5374602.1	0238_10_2
MBO5829871.1	0238_10_2
MBR2138841.1	0238_10_2
MBP5476174.1	0238_10_2
MBE6312750.1	0238_10_2
EEV9868844.1	0238_10_2
WP_222839913.1	0238_10_2
EGB44387.1	0238_10_2
WP_117627798.1	0379_6_3
WP_227573984.1	0379_6_3
WP_223331310.1	0379_6_3
KXT90867.1	0379_6_3
WP_181963476.1	0379_6_3
KXT66704.1	0379_6_3
WP_117508790.1	0379_6_3
WP_001146576.1	0379_6_3
MBR5287082.1	0379_6_3
WP_204388634.1	0379_6_3
CAI33309.1	0379_6_3
WP_195567330.1	0379_6_3
WP_070679020.1	0379_6_3
WP_049484058.1	0379_6_3
WP_087313071.1	0379_6_3
EOS69036.1	0379_6_3
WP_153551064.1	0379_6_3
MBO4878554.1	0379_6_3
MBR1455271.1	0379_6_3
WP_070482381.1	0379_6_3
MBR4163497.1	0379_6_3
WP_128530304.1	0379_6_3
WP_109897587.1	0379_6_3
MBE6924328.1	0379_6_3
WP_094753625.1	0379_6_3
WP_135998268.1	0379_6_3
MBR5932091.1	0379_6_3
MBM6969334.1	0379_6_3
MBE6016195.1	0379_6_3
WP_204900349.1	0379_6_3
WP_222259967.1	0379_6_3
WP_137611759.1	0379_6_3
WP_154314192.1	0379_6_3
SEF84253.1	0379_6_3
MBS6706277.1	0379_6_3
WP_102189987.1	0379_6_3
WP_041501471.1	0379_6_3
WP_093624092.1	0379_6_3
ENZ13517.1	0379_6_3
HIX76630.1	0379_6_3
WP_031553352.1	0379_6_3
RGW58272.1	0379_6_3
MBP3223008.1	0379_6_3
KYF37497.1	0379_6_3
MBS4967661.1	0379_6_3
GIC74700.1	0379_6_3
WP_216243057.1	0379_6_3
WP_229282609.1	0379_6_3
MBQ3885853.1	0379_6_3
NQN92292.1	0379_6_3
WP_119448199.1	0379_6_3
WP_016496644.1	0379_6_3
WP_024293394.1	0379_6_3
MBQ7344990.1	0379_6_3
WP_205008653.1	0379_6_3
WP_021350017.1	0379_6_3
PMC48004.1	0379_6_3
CDZ25060.1	0379_6_3
WP_188905992.1	0379_6_3
WP_227573227.1	0379_6_3
MBQ9894835.1	0379_6_3
MBO6164910.1	0379_6_3
WP_118545709.1	0379_6_3
WP_182579128.1	0379_6_3
WP_128472092.1	0379_6_3
CUM92011.1	0379_6_3
WP_080612042.1	0379_6_3
WP_000915514.1	0379_6_3
WP_173691953.1	0379_6_3
WP_229308882.1	0379_6_3
WP_225432329.1	0379_6_3
WP_221160437.1	0379_6_3
WP_000724385.1	0379_6_3
WP_111328293.1	0379_6_3
WP_195502885.1	0379_6_3
MBR0039370.1	0379_6_3
WP_125373053.1	0379_6_3
WP_173689907.1	0379_6_3
WP_216768938.1	0379_6_3
WP_120768222.1	0379_6_3
WP_159256848.1	0379_6_3
WP_061852905.1	0379_6_3
HJA27547.1	0379_6_3
WP_049484907.1	0379_6_3
WP_060976477.1	0379_6_3
WP_084849937.1	0379_6_3
CUN95130.1	0379_6_3
RHD36810.1	0379_6_3
MCD8206831.1	0379_6_3
MCC8141991.1	0379_6_3
WP_072533679.1	0379_6_3
AUJ30808.1	0379_6_3
MBR1692689.1	0379_6_3
WP_087268828.1	0379_6_3
KRN06816.1	0379_6_3
WP_074505078.1	0379_6_3
OUL10274.1	0379_6_3
WP_128513322.1	0379_6_3
MBS5714095.1	0379_6_3
RDF02507.1	0379_6_3
WP_230913086.1	0379_6_3
MBO4688257.1	0379_6_3
WP_065867064.1	0379_6_3
WP_214334606.1	0379_6_3
WP_168786128.1	0379_6_3
HJA72728.1	0379_6_3
WP_118597392.1	0379_6_3
PWE87585.1	0379_6_3
HJA23836.1	0379_6_3
MBO6015484.1	0379_6_3
WP_048735594.1	0379_6_3
KRL80358.1	0379_6_3
WP_150203798.1	0379_6_3
WP_087152854.1	0379_6_3
WP_222328793.1	0379_6_3
WP_051990306.1	0379_6_3
MBR5974463.1	0379_6_3
WP_204776783.1	0379_6_3
WP_125687695.1	0379_6_3
WP_125550099.1	0379_6_3
WP_169462490.1	0379_6_3
RRG02550.1	0379_6_3
WP_142559398.1	0379_6_3
OFQ20371.1	0379_6_3
KZU10716.1	0379_6_3
WP_214262767.1	0379_6_3
WP_227084760.1	0379_6_3
WP_056968860.1	0379_6_3
KZU40383.1	0379_6_3
HJB19391.1	0379_6_3
WP_180871534.1	0379_6_3
WP_010009853.1	0379_6_3
NQM38615.1	0379_6_3
MBO4474415.1	0379_6_3
KZT98225.1	0379_6_3
HJB46591.1	0379_6_3
WP_076641196.1	0379_6_3
WP_229094429.1	0379_6_3
WP_058621698.1	0379_6_3
WP_045613605.1	0379_6_3
WP_035457591.1	0379_6_3
WP_223340012.1	0379_6_3
WP_225750041.1	0379_6_3
WP_007555917.1	0379_6_3
WP_195214229.1	0379_6_3
MBS4897966.1	0379_6_3
WP_023027368.1	0379_6_3
WP_117744806.1	0379_6_3
WP_118096132.1	0379_6_3
WP_201087984.1	0379_6_3
WP_118227752.1	0379_6_3
WP_201037431.1	0379_6_3
MBS5220555.1	0379_6_3
RHE63007.1	0379_6_3
MBS5357612.1	0379_6_3
WP_049476456.1	0379_6_3
WP_023946619.1	0379_6_3
WP_078352566.1	0379_6_3
WP_049551051.1	0379_6_3
WP_003092555.1	0379_6_3
WP_006146365.1	0379_6_3
MBS5351213.1	0379_6_3
WP_195969014.1	0379_6_3
WP_084939330.1	0379_6_3
WP_125457431.1	0379_6_3
MBS5425265.1	0379_6_3
WP_125356415.1	0379_6_3
MBS5754277.1	0379_6_3
WP_049496408.1	0379_6_3
WP_049489803.1	0379_6_3
WP_045504608.1	0379_6_3
WP_008809945.1	0379_6_3
WP_070535890.1	0379_6_3
WP_195917966.1	0379_6_3
WP_084917697.1	0379_6_3
AAN64568.1	0379_6_3
WP_180833768.1	0379_6_3
WP_000912322.1	0379_6_3
WP_002905539.1	0379_6_3
WP_037600576.1	0379_6_3
MBS5354564.1	0379_6_3
WP_179925580.1	0379_6_3
WP_067062316.1	0379_6_3
WP_057490930.1	0379_6_3
OUP93755.1	0379_6_3
WP_195627686.1	0379_6_3
HJF86998.1	0379_6_3
WP_146990628.1	0379_6_3
WP_102168459.1	0379_6_3
WP_219481079.1	0379_6_3
ADJ41487.1	0379_6_3
WP_191684553.1	0379_6_3
MBO4701146.1	0379_6_3
AGO01065.1	0379_6_3
WP_191911437.1	0379_6_3
GIP70283.1	0379_6_3
WP_122218018.1	0379_6_3
WP_105920456.1	0379_6_3
WP_003638241.1	0379_6_3
WP_137597315.1	0379_6_3
WP_216780689.1	0379_6_3
WP_021337466.1	0379_6_3
WP_215703721.1	0379_6_3
WP_019252553.1	0379_6_3
ERL43171.1	0379_6_3
RHT43341.1	0379_6_3
WP_225349354.1	0379_6_3
WP_195509835.1	0379_6_3
WP_033608529.1	0379_6_3
APP11874.1	0379_6_3
WP_226319695.1	0379_6_3
MBS5763301.1	0379_6_3
MBR3044026.1	0379_6_3
WP_118533093.1	0379_6_3
WP_204785160.1	0379_6_3
WP_008374640.1	0379_6_3
WP_119463035.1	0379_6_3
WP_003713146.1	0379_6_3
MBO7563669.1	0379_6_3
WP_229279347.1	0379_6_3
WP_225914141.1	0379_6_3
WP_143456128.1	0379_6_3
WP_154458445.1	0379_6_3
WP_201627009.1	0379_6_3
RRK09475.1	0379_6_3
RKI40422.1	0379_6_3
MBR0377623.1	0379_6_3
WP_152728438.1	0379_6_3
MBR1507738.1	0379_6_3
WP_057727528.1	0379_6_3
WP_007124422.1	0379_6_3
WP_063488014.1	0379_6_3
WP_100184704.1	0379_6_3
WP_056994501.1	0379_6_3
WP_123800123.1	0379_6_3
WP_165844210.1	0379_6_3
WP_163601645.1	0379_6_3
MBR3033389.1	0379_6_3
MBQ3406422.1	0379_6_3
MBR9947652.1	0379_6_3
WP_188357924.1	0379_6_3
MBR3172012.1	0379_6_3
WP_229268107.1	0379_6_3
WP_078786273.1	0379_6_3
MBD8925678.1	0379_6_3
HIX36174.1	0379_6_3
WP_229407523.1	0379_6_3
WP_152727160.1	0379_6_3
HAU50254.1	0379_6_3
WP_057800539.1	0379_6_3
WP_172574277.1	0379_6_3
MCD7750519.1	0379_6_3
WP_203640814.1	0379_6_3
MBR5426179.1	0379_6_3
WP_050202925.1	0379_6_3
WP_107721395.1	0379_6_3
WP_049510374.1	0379_6_3
WP_173762076.1	0379_6_3
MCD7790140.1	0379_6_3
WP_147352590.1	0379_6_3
WP_139355468.1	0379_6_3
OHY38570.1	0379_6_3
WP_077551896.1	0379_6_3
WP_227099937.1	0379_6_3
HIS88755.1	0379_6_3
WP_195951856.1	0379_6_3
MCD7835382.1	0379_6_3
MBS7072799.1	0379_6_3
MBM6969344.1	0379_6_3
MBR3637509.1	0379_6_3
MBR6315845.1	0379_6_3
WP_113859478.1	0379_6_3
EJP22782.1	0379_6_3
KOF04767.1	0379_6_3
MBD8966718.1	0379_6_3
MBP3459426.1	0379_6_3
WP_033583824.1	0379_6_3
WP_204541924.1	0379_6_3
WP_000023099.1	0379_6_3
WP_006598110.1	0379_6_3
WP_006152879.1	0379_6_3
WP_125449551.1	0379_6_3
MBR3314392.1	0379_6_3
WP_201782338.1	0379_6_3
MBS6007242.1	0379_6_3
WP_084947228.1	0379_6_3
KXB58382.1	0379_6_3
MCD8005046.1	0379_6_3
WP_131200368.1	0379_6_3
WP_084953394.1	0379_6_3
WP_049536766.1	0379_6_3
WP_019788260.1	0379_6_3
MBR3244094.1	0379_6_3
MBR3236695.1	0379_6_3
WP_019782289.1	0379_6_3
WP_148887602.1	0379_6_3
WP_119448264.1	0379_6_3
WP_139658940.1	0379_6_3
WP_025087155.1	0379_6_3
WP_039088696.1	0379_6_3
WP_000780144.1	0379_6_3
MBR3631290.1	0379_6_3
WP_059086088.1	0379_6_3
WP_196247729.1	0379_6_3
NLH92469.1	0379_6_3
ETJ08071.1	0379_6_3
CAC82946.1	0379_6_3
WP_018369774.1	0379_6_3
MBS6669167.1	0379_6_3
WP_172476071.1	0379_6_3
WP_154576008.1	0379_6_3
WP_195956714.1	0379_6_3
WP_154575993.1	0379_6_3
WP_173751066.1	0379_6_3
WP_165329393.1	0379_6_3
WP_125430622.1	0379_6_3
WP_094512071.1	0379_6_3
WP_049548731.1	0379_6_3
WP_050255951.1	0379_6_3
WP_138022376.1	0379_6_3
TGY59694.1	0379_6_3
WP_068811526.1	0379_6_3
WP_018374869.1	0379_6_3
MBD9084930.1	0379_6_3
WP_154458372.1	0379_6_3
MBQ1545863.1	0379_6_3
WP_049531519.1	0379_6_3
ORO46131.1	0379_6_3
NQG19797.1	0379_6_3
RGM05060.1	0379_6_3
HBB60573.1	0379_6_3
WP_179923799.1	0379_6_3
WP_021002185.1	0379_6_3
WP_050147838.1	0379_6_3
WP_125445940.1	0379_6_3
WP_050230461.1	0379_6_3
WP_158454372.1	0379_6_3
WP_069152840.1	0379_6_3
MBR3314399.1	0379_6_3
WP_084910635.1	0379_6_3
WP_155223247.1	0379_6_3
WP_120702316.1	0379_6_3
SUC18730.1	0379_6_3
EGN3749515.1	0379_6_3
WP_000700646.1	0379_6_3
WP_201736063.1	0379_6_3
WP_158642109.1	0379_6_3
WP_047359262.1	0379_6_3
WP_048795032.1	0379_6_3
WP_060559799.1	0379_6_3
MBH3199296.1	0379_6_3
WP_147823909.1	0379_6_3
WP_049209034.1	0379_6_3
MBI6142379.1	0379_6_3
WP_130018758.1	0379_6_3
MBH2696970.1	0379_6_3
WP_219227672.1	0379_6_3
QHI78680.1	0379_6_3
WP_047730499.1	0379_6_3
WP_197652658.1	0379_6_3
WP_180547339.1	0379_6_3
WP_218217203.1	0379_6_3
WP_154746369.1	0379_6_3
WP_110593944.1	0379_6_3
WP_074053963.1	0379_6_3
WP_103798445.1	0379_6_3
WP_060437802.1	0379_6_3
WP_061794630.1	0379_6_3
WP_060438558.1	0379_6_3
WP_060443110.1	0379_6_3
WP_123895227.1	0379_6_3
AHG22974.2	0379_6_3
EFE95219.1	0379_6_3
KFD17377.1	0379_6_3
WP_162540910.1	0379_6_3
EEW0649687.1	0379_6_3
WP_142909966.1	0379_6_3
WP_094326684.1	0379_6_3
WP_072051245.1	0379_6_3
AFW04706.1	0097_4_4
WP_139386603.1	0097_4_4
EHQ5249121.1	0097_4_4
EGT0678982.1	0097_4_4
WP_210904601.1	0097_4_4
WP_217438706.1	0097_4_4
WP_121529241.1	0097_4_4
WP_137347025.1	0097_4_4
WP_071685290.1	0097_4_4
MBJ3591050.1	0097_4_4
WP_021544702.1	0097_4_4
AER84924.1	0097_4_4
ECD9549392.1	0097_4_4
WP_162036252.1	0097_4_4
WP_230107225.1	0097_4_4
WP_154463002.1	0097_4_4
WP_064299278.1	0097_4_4
WP_110063817.1	0097_4_4
APZ79158.1	0097_4_4
MBS5133618.1	0097_4_4
NMA05552.1	0097_4_4
EHD83116.1	0097_4_4
WP_163052351.1	0097_4_4
WP_060418174.1	0097_4_4
WP_125382933.1	0097_4_4
WP_045500264.1	0097_4_4
WP_165993240.1	0097_4_4
WP_203265798.1	0097_4_4
WP_172601669.1	0097_4_4
WP_016766502.1	0097_4_4
PKM55156.1	0097_4_4
WP_176761988.1	0097_4_4
MBQ9314222.1	0097_4_4
WP_088135624.1	0097_4_4
WP_205870119.1	0097_4_4
VCW38159.1	0097_4_4
WP_227337655.1	0097_4_4
WP_053816951.1	0097_4_4
MBX6146154.1	0097_4_4
WP_193377353.1	0097_4_4
VTP95254.1	0097_4_4
WP_228292600.1	0097_4_4
MBC0058692.1	0097_4_4
WP_196123549.1	0097_4_4
WP_214095596.1	0097_4_4
WP_159363741.1	0097_4_4
WP_128574006.1	0097_4_4
WP_126324382.1	0097_4_4
PJE89562.1	0097_4_4
WP_015461223.1	0097_4_4
WP_008771742.1	0097_4_4
WP_130075387.1	0097_4_4
WP_154637103.1	0097_4_4
MBK5975630.1	0097_4_4
WP_079393286.1	0097_4_4
MBD5177136.1	0097_4_4
WP_175895766.1	0097_4_4
SAK39322.1	0097_4_4
WP_210854796.1	0097_4_4
QBM04763.1	0097_4_4
EII3265690.1	0097_4_4
WP_023273596.1	0097_4_4
MBQ7648858.1	0097_4_4
WP_020442907.1	0097_4_4
WP_093201018.1	0097_4_4
WP_212279849.1	0097_4_4
WP_005277833.1	0097_4_4
WP_228149025.1	0097_4_4
WP_176134468.1	0097_4_4
WP_166735579.1	0097_4_4
WP_124794099.1	0097_4_4
WP_080173391.1	0097_4_4
WP_006082368.1	0097_4_4
EHO2937437.1	0097_4_4
WP_171545848.1	0097_4_4
WP_186185342.1	0097_4_4
WP_154321199.1	0097_4_4
WP_210850495.1	0097_4_4
WP_045038326.1	0097_4_4
WP_140963561.1	0097_4_4
QKU20273.1	0097_4_4
WP_031952045.1	0097_4_4
WP_227555595.1	0097_4_4
WP_157952981.1	0097_4_4
WP_050220594.1	0097_4_4
VRV52792.1	0097_4_4
MBS6818805.1	0097_4_4
WP_118359558.1	0097_4_4
AGS58343.1	0097_4_4
WP_105118341.1	0097_4_4
WP_169361581.1	0097_4_4
MBF1122405.1	0097_4_4
WP_157274575.1	0097_4_4
MBF1107716.1	0097_4_4
RGT57934.1	0097_4_4
WP_162141233.1	0097_4_4
WP_204653955.1	0097_4_4
WP_171921318.1	0079_4_5
WP_134743533.1	0079_4_5
MBQ1182921.1	0079_4_5
ACA24754.1	0079_4_5
EFW8729468.1	0079_4_5
PHU85953.1	0079_4_5
MBE4101482.1	0079_4_5
WP_157052984.1	0079_4_5
WP_138555850.1	0079_4_5
OYQ72531.1	0079_4_5
WP_144723881.1	0079_4_5
WP_125591332.1	0079_4_5
WP_168397815.1	0079_4_5
WP_004640379.1	0079_4_5
WP_004956844.1	0079_4_5
WP_125699588.1	0079_4_5
WP_021499272.1	0079_4_5
WP_116238113.1	0079_4_5
WP_132844173.1	0079_4_5
WP_216951365.1	0079_4_5
WP_069680871.1	0079_4_5
WP_202640704.1	0079_4_5
WP_108207897.1	0079_4_5
WP_130985655.1	0079_4_5
WP_195741217.1	0079_4_5
WP_107302913.1	0079_4_5
WP_117978588.1	0079_4_5
WP_138338253.1	0079_4_5
MBQ3147910.1	0079_4_5
WP_163135203.1	0079_4_5
WP_213386872.1	0079_4_5
WP_089691467.1	0079_4_5
WP_154610449.1	0079_4_5
WP_107187151.1	0079_4_5
WP_126374421.1	0079_4_5
WP_115249400.1	0079_4_5
WP_115299623.1	0079_4_5
WP_010906696.1	0079_4_5
WP_099803057.1	0079_4_5
WP_059246418.1	0079_4_5
WP_061405996.1	0079_4_5
WP_195188563.1	0079_4_5
WP_163883902.1	0079_4_5
WP_139638916.1	0079_4_5
WP_071522897.1	0079_4_5
WP_205765792.1	0079_4_5
WP_005756390.1	0079_4_5
WP_170452761.1	0079_4_5
WP_014390999.1	0079_4_5
WP_047977566.1	0079_4_5
WP_132022614.1	0079_4_5
WP_226691233.1	0079_4_5
WP_136124858.1	0079_4_5
WP_123955884.1	0079_4_5
WP_194750776.1	0079_4_5
WP_202937619.1	0079_4_5
WP_176808882.1	0079_4_5
WP_005762249.1	0079_4_5
AAP95770.1	0079_4_5
WP_046338337.1	0079_4_5
HBO39117.1	0079_4_5
WP_039196197.1	0079_4_5
WP_014991053.1	0079_4_5
WP_101775131.1	0079_4_5
WP_176670244.1	0079_4_5
WP_025342334.1	0079_4_5
WP_176671600.1	0079_4_5
WP_042802418.1	0079_4_5
WP_112111249.1	0079_4_5
WP_021280093.1	0079_4_5
WP_154704579.1	0079_4_5
WP_218219167.1	0079_4_5
WP_032023143.1	0079_4_5
WP_168541942.1	0079_4_5
AGM38753.1	0079_4_5
WP_151790100.1	0079_4_5
WP_136700095.1	0079_4_5
WP_216061645.1	0079_4_5
WP_038345952.1	0079_4_5
WP_200530877.1	0053_4_6
WP_177343046.1	0053_4_6
WP_077264733.1	0053_4_6
WP_061350267.1	0053_4_6
WP_149451547.1	0053_4_6
WP_023307298.1	0053_4_6
WP_163920861.1	0053_4_6
WP_213222145.1	0053_4_6
WP_125337275.1	0053_4_6
WP_117120953.1	0053_4_6
WP_214220209.1	0053_4_6
WP_064374844.1	0053_4_6
BAI43724.1	0053_4_6
WP_200561351.1	0053_4_6
WP_227953571.1	0053_4_6
WP_099001754.1	0053_4_6
WP_212714213.1	0053_4_6
WP_200548163.1	0053_4_6
ORM92212.1	0053_4_6
WP_209635373.1	0053_4_6
WP_201356719.1	0053_4_6
WP_064188116.1	0053_4_6
HAV2402098.1	0053_4_6
WP_114272083.1	0053_4_6
WP_171877873.1	0053_4_6
WP_131010630.1	0053_4_6
NJR03125.1	0053_4_6
WP_103814538.1	0053_4_6
WP_074187531.1	0053_4_6
WP_194394485.1	0053_4_6
WP_121554014.1	0053_4_6
AXY99682.1	0053_4_6
MBE4077669.1	0053_4_6
WP_070801807.1	0053_4_6
WP_000610525.1	0053_4_6
EBK3136946.1	0053_4_6
AVP93669.1	0053_4_6
BBS86511.1	0053_4_6
WP_053276574.1	0053_4_6
ARO72924.1	0053_4_6
WP_036933329.1	0053_4_6
MBF4244656.1	0053_4_6
MQJ27365.1	0053_4_6
EFO3524659.1	0053_4_6
EEY9296501.1	0053_4_6
HAH2637296.1	0053_4_6
WP_123306267.1	0053_4_6
RUA09357.1	0053_4_6
WP_140117495.1	0053_4_6
WP_080320291.1	0053_4_6
EFI3321327.1	0053_4_6
MCA7381528.1	0053_4_6
WP_072059006.1	0053_4_6
WP_003124381.1	0250_3_7
WP_023125575.1	0250_3_7
WP_073649884.1	0250_3_7
WP_193378653.1	0250_3_7
WP_139146841.1	0250_3_7
MBG5544267.1	0250_3_7
QRI84586.1	0250_3_7
WP_155950766.1	0250_3_7
WP_220632393.1	0250_3_7
WP_188036525.1	0250_3_7
WP_177328444.1	0250_3_7
WP_166674225.1	0250_3_7
WP_155417157.1	0250_3_7
WP_109751405.1	0250_3_7
WP_177431709.1	0250_3_7
WP_192259538.1	0250_3_7
WP_092167542.1	0250_3_7
WP_153387843.1	0250_3_7
WP_141218031.1	0250_3_7
WP_144244127.1	0250_3_7
WP_172857973.1	0250_3_7
MBX3588579.1	0250_3_7
MBX3657245.1	0250_3_7
MBA3056440.1	0250_3_7
WP_150127708.1	0250_3_7
WP_112139266.1	0250_3_7
WP_025250132.1	0250_3_7
WP_150584134.1	0250_3_7
WP_146188513.1	0250_3_7
RDI12183.1	0250_3_7
MBQ4022431.1	0250_3_7
NCB83488.1	0250_3_7
WP_002561573.1	0250_3_7
EIY46705.1	0250_3_7
WP_074762130.1	0250_3_7
WP_217740271.1	0250_3_7
WP_055295008.1	0250_3_7
WP_048505867.1	0250_3_7
WP_123980218.1	0250_3_7
WP_225581852.1	0250_3_7
WP_152599732.1	0250_3_7
WP_070750268.1	0250_3_7
PXX97660.1	0250_3_7
WP_098534103.1	0250_3_7
WP_070168196.1	0250_3_7
WP_016122914.1	0250_3_7
WP_007574537.1	0250_3_7
WP_131725841.1	0250_3_7
WP_222824302.1	0250_3_7
WP_214941164.1	0250_3_7
WP_129042014.1	0250_3_7
PYV96061.1	0250_3_7
WP_006330778.1	0250_3_7
RWK37343.1	0250_3_7
WP_228114317.1	0250_3_7
WP_054527910.1	0250_3_7
WP_171594494.1	0250_3_7
WP_135022944.1	0250_3_7
WP_219524528.1	0250_3_7
WP_207791106.1	0250_3_7
MBF1400344.1	0250_3_7
NJC34174.1	0250_3_7
MBF1408974.1	0250_3_7
WP_208866595.1	0250_3_7
WP_205171329.1	0250_3_7
MBX9796730.1	0250_3_7
WP_036867842.1	0250_3_7
MBC7215026.1	0250_3_7
TKD48563.1	0250_3_7
WP_185553947.1	0250_3_7
WP_219445362.1	0250_3_7
WP_059141330.1	0250_3_7
WP_014093892.1	0250_3_7
SFO88690.1	0250_3_7
WP_036060503.1	0250_3_7
WP_185409453.1	0250_3_7
WP_187137668.1	0250_3_7
WP_230158814.1	0250_3_7
WP_098370257.1	0250_3_7
TDL87251.1	0250_3_7
WP_185629786.1	0250_3_7
WP_185376037.1	0250_3_7
WP_230784436.1	0250_3_7
WP_148358396.1	0250_3_7
WP_059141009.1	0250_3_7
WP_230176064.1	0250_3_7
WP_188589600.1	0250_3_7
WP_185548796.1	0250_3_7
WP_185612164.1	0250_3_7
WP_185647620.1	0250_3_7
WP_185529071.1	0250_3_7
WP_107809523.1	0250_3_7
WP_185410126.1	0250_3_7
RWN96003.1	0250_3_7
WP_027150993.1	0250_3_7
WP_185646696.1	0250_3_7
WP_185388529.1	0250_3_7
MBB1539594.1	0250_3_7
WP_185627993.1	0250_3_7
WP_187134361.1	0250_3_7
WP_185412969.1	0250_3_7
MBB1529633.1	0250_3_7
WP_185657260.1	0250_3_7
WP_185414159.1	0250_3_7
WP_185553640.1	0250_3_7
WP_091351590.1	0250_3_7
WP_204661677.1	0250_3_7
WP_187134805.1	0250_3_7
WP_036132016.1	0250_3_7
WP_185460751.1	0250_3_7
WP_061142032.1	0250_3_7
WP_036072611.1	0250_3_7
WP_185388309.1	0250_3_7
WP_185471159.1	0250_3_7
WP_185518236.1	0250_3_7
WP_185488654.1	0250_3_7
WP_185545049.1	0250_3_7
WP_185492188.1	0250_3_7
WP_185645994.1	0250_3_7
WP_185545560.1	0250_3_7
WP_185414837.1	0250_3_7
WP_185362535.1	0250_3_7
WP_185533883.1	0250_3_7
MBL0320639.1	0250_3_7
WP_185648150.1	0250_3_7
WP_057914183.1	0250_3_7
WP_204939182.1	0250_3_7
WP_004667955.1	0250_3_7
WP_147257936.1	0250_3_7
WP_185374810.1	0250_3_7
WP_160841794.1	0250_3_7
OCA88922.1	0250_3_7
WP_145058739.1	0250_3_7
WP_168974603.1	0250_3_7
WP_013627958.1	0250_3_7
WP_064785705.1	0250_3_7
WP_084852111.1	0250_3_7
WP_196414232.1	0250_3_7
WP_043067592.1	0250_3_7
WP_059332957.1	0250_3_7
WP_072966839.1	0250_3_7
WP_087527590.1	0250_3_7
WP_180024796.1	0250_3_7
HHV39745.1	0250_3_7
WP_147344437.1	0250_3_7
HBI72830.1	0250_3_7
WP_137773086.1	0250_3_7
MBP59136.1	0250_3_7
KIO46693.1	0250_3_7
NPA71531.1	0250_3_7
WP_157799950.1	0250_3_7
MPT00092.1	0250_3_7
SFB70234.1	0250_3_7
WP_103789702.1	0250_3_7
WP_133250190.1	0250_3_7
EFC7613375.1	0250_3_7
WP_192755752.1	0250_3_7
WP_167137621.1	0250_3_7
WP_204920272.1	0250_3_7
HAM9569561.1	0250_3_7
MBG3012022.1	0250_3_7
MBU0665000.1	0250_3_7
EII3283386.1	0250_3_7
WP_178952543.1	0250_3_7
MBL7053958.1	0250_3_7
MBU2061172.1	0250_3_7
NLD19019.1	0250_3_7
WP_137667297.1	0250_3_7
WP_115453405.1	0250_3_7
WP_098381805.1	0250_3_7
MBP5430552.1	0250_3_7
MAZ36466.1	0250_3_7
WP_136369673.1	0250_3_7
WP_069645816.1	0250_3_7
WP_140139416.1	0250_3_7
WP_123773452.1	0250_3_7
EIO9264180.1	0250_3_7
WP_138508572.1	0250_3_7
MCB1467673.1	0250_3_7
MBR1965345.1	0250_3_7
WP_131093492.1	0250_3_7
WP_086482143.1	0250_3_7
WP_123891121.1	0250_3_7
GGI56287.1	0250_3_7
WP_206464264.1	0250_3_7
WP_016117231.1	0250_3_7
ACI19873.1	0250_3_7
CDC06857.1	0250_3_7
WP_149924725.1	0250_3_7
CBJ83427.1	0250_3_7
WP_216416371.1	0250_3_7
KIO46675.1	0250_3_7
WP_066164478.1	0250_3_7
WP_133004989.1	0250_3_7
WP_207595916.1	0250_3_7
WP_207490494.1	0250_3_7
WP_130531371.1	0250_3_7
WP_016427218.1	0250_3_7
WP_138656883.1	0250_3_7
WP_143043458.1	0250_3_7
PSM52609.1	0250_3_7
WP_156316798.1	0250_3_7
MBS7197009.1	0250_3_7
HBV22306.1	0250_3_7
OFY38856.1	0250_3_7
TDQ32780.1	0250_3_7
GGJ16724.1	0250_3_7
RNC92270.1	0250_3_7
WP_155662553.1	0250_3_7
WP_156125415.1	0250_3_7
RRQ50019.1	0250_3_7
WP_209401176.1	0250_3_7
MBL7889152.1	0250_3_7
WP_038236818.1	0250_3_7
HAS36656.1	0250_3_7
WP_149273760.1	0250_3_7
RIV72562.1	0250_3_7
MCB9335174.1	0250_3_7
MCB9173424.1	0250_3_7
MBO4875837.1	0250_3_7
MBQ1719314.1	0250_3_7
TCV26779.1	0250_3_7
MBI4931504.1	0250_3_7
MBR6068596.1	0250_3_7
MBO4232481.1	0250_3_7
WP_173102373.1	0250_3_7
WP_118504170.1	0250_3_7
MBQ0159632.1	0250_3_7
WP_053218195.1	0250_3_7
MBS1680857.1	0250_3_7
MBP3740173.1	0250_3_7
MBP5541458.1	0250_3_7
MBR4585448.1	0250_3_7
WP_053365619.1	0250_3_7
WP_116624649.1	0250_3_7
EAP77335.1	0250_3_7
BAY83951.1	0250_3_7
WP_018866772.1	0250_3_7
WP_188599236.1	0250_3_7
WP_194193011.1	0250_3_7
QAA76348.1	0250_3_7
WP_224521730.1	0250_3_7
WP_038213615.1	0250_3_7
WP_165171519.1	0250_3_7
WP_117314167.1	0250_3_7
WP_092756349.1	0250_3_7
WP_152135426.1	0250_3_7
PWF22172.1	0250_3_7
WP_152136792.1	0250_3_7
WP_191960207.1	0250_3_7
WP_149507662.1	0070_3_8
WP_087893335.1	0070_3_8
WP_086266782.1	0070_3_8
WP_074189167.1	0070_3_8
WP_074188135.1	0070_3_8
WP_074186610.1	0070_3_8
WP_019454398.1	0070_3_8
WP_075808362.1	0070_3_8
WP_080479055.1	0070_3_8
MBP1128771.1	0070_3_8
WP_161505311.1	0070_3_8
WP_135704740.1	0070_3_8
MBC4617017.1	0070_3_8
WP_168186805.1	0070_3_8
WP_131073326.1	0070_3_8
MBN5318929.1	0070_3_8
WP_117136936.1	0070_3_8
QDI17963.1	0070_3_8
WP_158524166.1	0070_3_8
WP_077270733.1	0070_3_8
MBN5313443.1	0070_3_8
SCA34554.1	0070_3_8
WP_164171092.1	0070_3_8
MBH2771487.1	0070_3_8
QDI32442.1	0070_3_8
WP_049241299.1	0070_3_8
WP_158524115.1	0070_3_8
AYZ32262.1	0070_3_8
AYU89687.1	0070_3_8
WP_207975708.1	0070_3_8
MBH3028143.1	0070_3_8
VGO93738.1	0070_3_8
WP_195807055.1	0070_3_8
WP_088883777.1	0070_3_8
EGT3571951.1	0070_3_8
WP_107782612.1	0070_3_8
WP_182038342.1	0070_3_8
WP_157957603.1	0070_3_8
WP_043000203.1	0070_3_8
WP_230078669.1	0070_3_8
EGR1308149.1	0070_3_8
WP_089188523.1	0070_3_8
WP_142727916.1	0070_3_8
EHD2271000.1	0070_3_8
WP_159447953.1	0070_3_8
EHB0077756.1	0070_3_8
WP_047623710.1	0070_3_8
EFF0768368.1	0070_3_8
WP_080470520.1	0070_3_8
WP_045346738.1	0070_3_8
WP_182295798.1	0070_3_8
EGT0666651.1	0070_3_8
RWR01198.1	0070_3_8
WP_060997361.1	0070_3_8
WP_186413210.1	0070_3_8
EFH3089146.1	0070_3_8
WP_008483784.1	0070_3_8
WP_020911729.1	0070_3_8
WP_158678134.1	0070_3_8
WP_065682081.1	0070_3_8
WP_028024885.1	0070_3_8
HAH9654961.1	0070_3_8
WP_065168980.1	0070_3_8
TNH77921.1	0070_3_8
WP_065193419.1	0070_3_8
WP_222701647.1	0070_3_8
WP_137588581.1	0070_3_8
WP_021544497.1	0070_3_8
WP_125717070.1	0070_3_8
WP_174170394.1	0070_3_8
ACV53000.1	0072_3_9
WP_011906375.1	0072_3_9
WP_050103368.1	0072_3_9
WP_145916318.1	0072_3_9
QES97472.1	0072_3_9
WP_148731010.1	0072_3_9
HAX1946036.1	0072_3_9
EFF5633373.1	0072_3_9
MBV5341697.1	0072_3_9
HBB8654719.1	0072_3_9
WP_162788058.1	0072_3_9
WP_163358642.1	0072_3_9
WP_071922060.1	0072_3_9
WP_047023864.1	0072_3_9
WP_223283095.1	0072_3_9
HAU3088379.1	0072_3_9
ECF4924930.1	0072_3_9
NBK97499.1	0072_3_9
EGM9064583.1	0072_3_9
MTH47360.1	0072_3_9
PSW69995.1	0072_3_9
EBU8757150.1	0072_3_9
WP_140367630.1	0072_3_9
WP_142549297.1	0072_3_9
WP_142578385.1	0072_3_9
WP_022932601.1	0072_3_9
WP_021495849.1	0072_3_9
WP_118132184.1	0072_3_9
RHE56199.1	0072_3_9
WP_001230642.1	0072_3_9
WP_061279311.1	0072_3_9
WP_219142352.1	0072_3_9
WP_104926837.1	0072_3_9
NOT64918.1	0072_3_9
WP_119786432.1	0072_3_9
WP_126327789.1	0072_3_9
WP_228598439.1	0072_3_9
WP_028018525.1	0072_3_9
WP_198120657.1	0072_3_9
WP_132576810.1	0072_3_9
EHW5015426.1	0072_3_9
WP_108156747.1	0072_3_9
TYA02932.1	0072_3_9
WP_148516510.1	0072_3_9
WP_133295826.1	0072_3_9
WP_054895408.1	0072_3_9
WP_182927545.1	0072_3_9
MBR9870835.1	0072_3_9
WP_142726887.1	0072_3_9
SDH61519.1	0072_3_9
QZD32928.1	0072_3_9
ECI4074262.1	0072_3_9
WP_199052849.1	0072_3_9
EEL3819512.1	0072_3_9
WP_058115101.1	0072_3_9
WP_139204982.1	0072_3_9
WP_006683932.1	0072_3_9
HAT3637643.1	0072_3_9
QNF23742.1	0072_3_9
EFH3908540.1	0072_3_9
EFH5849823.1	0072_3_9
WP_180501315.1	0072_3_9
EBP3809362.1	0072_3_9
WP_111885524.1	0072_3_9
WP_136802570.1	0072_3_9
AJR19430.1	0072_3_9
WP_212514244.1	0072_3_9
WP_114212770.1	0072_3_9
WP_173495018.1	0072_3_9
WP_099073947.1	0072_3_9
SPY78922.1	0072_3_9
WP_144330269.1	0072_3_9
HBD0591629.1	0061_3_10
WP_086483276.1	0061_3_10
EGW69750.1	0061_3_10
VVY79035.1	0061_3_10
WP_106423585.1	0061_3_10
EFG6470853.1	0061_3_10
EEQ1609719.1	0061_3_10
WP_220394820.1	0061_3_10
WP_227658377.1	0061_3_10
WP_119564788.1	0061_3_10
WP_113620537.1	0061_3_10
WP_163192840.1	0061_3_10
WP_106040627.1	0061_3_10
WP_003272411.1	0061_3_10
WP_138938354.1	0061_3_10
WP_108745087.1	0061_3_10
WP_149214727.1	0061_3_10
QTX31890.1	0061_3_10
WP_050844742.1	0061_3_10
WP_145334769.1	0061_3_10
WP_019362502.1	0061_3_10
WP_113936212.1	0061_3_10
WP_074649656.1	0061_3_10
PPI92517.1	0061_3_10
WP_115302880.1	0061_3_10
SCC68521.1	0061_3_10
WP_065869604.1	0061_3_10
WP_014356477.1	0061_3_10
WP_001182066.1	0061_3_10
MBN6205752.1	0061_3_10
WP_097853599.1	0061_3_10
WP_118417698.1	0061_3_10
MBR2554094.1	0061_3_10
KAF1086093.1	0061_3_10
WP_102329591.1	0061_3_10
SIQ31776.1	0061_3_10
EIE2975626.1	0061_3_10
WP_157013824.1	0061_3_10
HAI8688269.1	0061_3_10
MBR1639811.1	0061_3_10
WP_033560997.1	0061_3_10
WP_137569987.1	0061_3_10
ERT10627.1	0061_3_10
MBS9432257.1	0061_3_10
WP_134984316.1	0061_3_10
WP_188420490.1	0061_3_10
WP_157828149.1	0061_3_10
WP_157830561.1	0061_3_10
WP_210447998.1	0061_3_10
WP_043035921.1	0061_3_10
WP_181468877.1	0061_3_10
WP_138944299.1	0061_3_10
OEF43733.1	0061_3_10
WP_179785008.1	0061_3_10
EFC2101193.1	0061_3_10
WP_107236766.1	0061_3_10
WP_193001662.1	0061_3_10
NVO98935.1	0061_3_10
WP_158135141.1	0061_3_10
WP_138261381.1	0061_3_10
WP_161470509.1	0061_3_10
NBH34944.1	0044_3_11
WP_101025560.1	0044_3_11
WP_176494806.1	0044_3_11
WP_182430671.1	0044_3_11
WP_195616809.1	0044_3_11
WP_171019084.1	0044_3_11
WP_194250493.1	0044_3_11
OYL07744.1	0044_3_11
VIQ20135.1	0044_3_11
WP_118168890.1	0044_3_11
MBQ8541043.1	0044_3_11
WP_143248664.1	0044_3_11
WP_161234366.1	0044_3_11
MCE2282231.1	0044_3_11
WP_009854069.1	0044_3_11
QCO71451.1	0044_3_11
WP_074559849.1	0044_3_11
WP_143248660.1	0044_3_11
WP_098408233.1	0044_3_11
HIS27262.1	0044_3_11
MBF0941987.1	0044_3_11
WP_141327097.1	0044_3_11
CDC21113.1	0044_3_11
MBS4973676.1	0044_3_11
RHB69079.1	0044_3_11
NCD03634.1	0044_3_11
WP_223930890.1	0044_3_11
CAI33029.1	0044_3_11
WP_032495937.1	0044_3_11
QCO92056.1	0044_3_11
WP_125398588.1	0044_3_11
CZE39046.1	0044_3_11
NQM30475.1	0044_3_11
APZ79098.1	0044_3_11
WP_024414175.1	0044_3_11
WP_018372881.1	0044_3_11
WP_066125534.1	0044_3_11
WP_050076590.1	0044_3_11
WP_044812585.1	0044_3_11
WP_061370541.1	0044_3_11
WP_077868875.1	0044_3_11
WP_172578025.1	0044_3_11
WP_109214776.1	0044_3_11
WP_118702688.1	0044_3_11
WP_151803306.1	0038_3_12
HAS8351701.1	0038_3_12
EFE8383865.1	0038_3_12
AXL04919.1	0038_3_12
EAZ5150397.1	0038_3_12
NMM06712.1	0038_3_12
WP_012435032.1	0038_3_12
WP_001752773.1	0038_3_12
EHW3099694.1	0038_3_12
WP_106421597.1	0038_3_12
WP_086529370.1	0038_3_12
WP_200054484.1	0038_3_12
WP_182271963.1	0038_3_12
WP_144244972.1	0038_3_12
WP_156265155.1	0038_3_12
WP_063408423.1	0038_3_12
WP_099296807.1	0038_3_12
WP_220491378.1	0038_3_12
EFF3320182.1	0038_3_12
HAJ2748717.1	0038_3_12
WP_213133975.1	0038_3_12
WP_048980186.1	0038_3_12
EDW2261456.1	0038_3_12
NIG76477.1	0038_3_12
WP_138154056.1	0038_3_12
WP_201707009.1	0038_3_12
WP_004801797.1	0038_3_12
WP_053007635.1	0038_3_12
WP_162774178.1	0038_3_12
MBO7127389.1	0038_3_12
MBO4699207.1	0038_3_12
WP_141616459.1	0038_3_12
WP_130275587.1	0038_3_12
SHG15803.1	0038_3_12
WP_100659360.1	0038_3_12
WP_147349917.1	0038_3_12
WP_163863364.1	0038_3_12
WP_217741753.1	0038_3_12
WP_044813608.1	0021_3_13
WP_000828637.1	0021_3_13
WP_045501331.1	0021_3_13
WP_037605573.1	0021_3_13
WP_013904300.1	0021_3_13
WP_155199096.1	0021_3_13
WP_022772883.1	0021_3_13
WP_094529266.1	0021_3_13
WP_094562696.1	0021_3_13
WP_179226408.1	0021_3_13
HIS90268.1	0021_3_13
WP_227161748.1	0021_3_13
WP_065533017.1	0021_3_13
WP_205758089.1	0021_3_13
EEU19215.1	0021_3_13
WP_050250393.1	0021_3_13
EEJ71590.1	0021_3_13
WP_198566108.1	0021_3_13
WP_098044158.1	0021_3_13
WP_113532430.1	0021_3_13
WP_135352248.1	0021_3_13
MBO5526073.1	0088_2_14
MBR5583058.1	0088_2_14
WP_229270275.1	0088_2_14
MQB89616.1	0088_2_14
MBQ9859806.1	0088_2_14
WP_147367828.1	0088_2_14
WP_205016881.1	0088_2_14
MBS4884441.1	0088_2_14
MBO3319882.1	0088_2_14
WP_118377932.1	0088_2_14
MBO5870648.1	0088_2_14
MBQ2117065.1	0088_2_14
PWX64313.1	0088_2_14
HBK61394.1	0088_2_14
MBO4828715.1	0088_2_14
MBQ8664139.1	0088_2_14
TYL61085.1	0088_2_14
MBE6622771.1	0088_2_14
WP_154540626.1	0088_2_14
MBR0092455.1	0088_2_14
MBO5213256.1	0088_2_14
WP_204564990.1	0088_2_14
MBQ9531650.1	0088_2_14
WP_214253603.1	0088_2_14
MBQ4128548.1	0088_2_14
MBS6764944.1	0088_2_14
WP_138303057.1	0088_2_14
MBR2715058.1	0088_2_14
WP_117971564.1	0088_2_14
WP_212332335.1	0088_2_14
MBE7064719.1	0088_2_14
WP_225208402.1	0088_2_14
WP_105113439.1	0088_2_14
MCE2233908.1	0088_2_14
WP_217374036.1	0088_2_14
MBR2550729.1	0088_2_14
SDX69991.1	0088_2_14
WP_102198134.1	0088_2_14
WP_118411665.1	0088_2_14
EGG80934.1	0088_2_14
MBQ3547841.1	0088_2_14
WP_201309798.1	0088_2_14
AZY91880.1	0088_2_14
MBQ8001190.1	0088_2_14
WP_216527426.1	0088_2_14
WP_021727157.1	0088_2_14
MBS6643952.1	0088_2_14
QBS00041.1	0088_2_14
WP_180480937.1	0088_2_14
MBQ8598948.1	0088_2_14
MBR3908274.1	0088_2_14
WP_155515378.1	0088_2_14
MBR1948745.1	0088_2_14
MBE6737636.1	0088_2_14
CVI67365.1	0088_2_14
WP_195639974.1	0088_2_14
WP_136002025.1	0088_2_14
HIV43449.1	0088_2_14
OUN70038.1	0088_2_14
MBG8099537.1	0088_2_14
WP_036203258.1	0088_2_14
MBQ3257696.1	0088_2_14
WP_065541425.1	0088_2_14
WP_144555424.1	0088_2_14
TGY66071.1	0088_2_14
WP_168965011.1	0088_2_14
WP_148392782.1	0088_2_14
MBP3696522.1	0088_2_14
MBR7132414.1	0088_2_14
MBQ4104835.1	0088_2_14
MBQ7613787.1	0088_2_14
PWG64454.1	0088_2_14
MBD8961175.1	0088_2_14
WP_143084419.1	0088_2_14
MBR5774595.1	0088_2_14
WP_026488344.1	0088_2_14
MBQ7429765.1	0088_2_14
HAX84104.1	0088_2_14
RGM52875.1	0088_2_14
WP_022755964.1	0088_2_14
WP_165056673.1	0088_2_14
VQD68897.1	0088_2_14
VSN79485.1	0088_2_14
WP_207737042.1	0088_2_14
MBE6760335.1	0088_2_14
RGT09300.1	0088_2_14
WP_163052333.1	0088_2_14
HJG68077.1	0088_2_14
WP_065849718.1	0104_2_15
WP_035637400.1	0104_2_15
WP_139459897.1	0104_2_15
MCA6459657.1	0104_2_15
WP_081985253.1	0104_2_15
WP_032678516.1	0104_2_15
WP_097177223.1	0104_2_15
WP_059358481.1	0104_2_15
HAX6689526.1	0104_2_15
WP_116338833.1	0104_2_15
WP_182322953.1	0104_2_15
WP_029739234.1	0104_2_15
WP_090766624.1	0104_2_15
WP_042728068.1	0104_2_15
WP_150742539.1	0104_2_15
WP_230143422.1	0104_2_15
MBO9483085.1	0104_2_15
MBO9674992.1	0104_2_15
WP_207281354.1	0104_2_15
WP_167295611.1	0104_2_15
WP_090497966.1	0104_2_15
WP_090133706.1	0104_2_15
WP_136874171.1	0104_2_15
WP_081991129.1	0104_2_15
WP_032528413.1	0104_2_15
MBW8726202.1	0104_2_15
WP_110974445.1	0104_2_15
WP_151813787.1	0104_2_15
WP_201686691.1	0104_2_15
WP_139102916.1	0104_2_15
WP_138928581.1	0104_2_15
WP_144035963.1	0104_2_15
WP_200222840.1	0104_2_15
WP_214228854.1	0104_2_15
WP_106516769.1	0104_2_15
WP_204136790.1	0104_2_15
WP_211903587.1	0104_2_15
AXW62273.1	0104_2_15
WP_001572821.1	0104_2_15
WP_197330552.1	0104_2_15
WP_052234704.1	0104_2_15
WP_144614985.1	0104_2_15
WP_085411221.1	0104_2_15
WP_039568335.1	0104_2_15
WP_098251621.1	0104_2_15
CCH02966.1	0104_2_15
WP_003261233.1	0104_2_15
WP_100991484.1	0104_2_15
WP_048635580.1	0104_2_15
ABK14751.1	0104_2_15
RTR36406.1	0104_2_15
WP_130001416.1	0104_2_15
WP_217774810.1	0104_2_15
WP_147515663.1	0104_2_15
WP_194603525.1	0104_2_15
WP_065519200.1	0104_2_15
WP_129747938.1	0104_2_15
BAZ10903.1	0104_2_15
WP_119906732.1	0104_2_15
EHU3427301.1	0104_2_15
WP_137262131.1	0104_2_15
WP_219076819.1	0104_2_15
WP_121328863.1	0104_2_15
WP_227092401.1	0104_2_15
WP_073121390.1	0104_2_15
WP_133576014.1	0104_2_15
WP_092650100.1	0104_2_15
WP_200067659.1	0104_2_15
WP_157455803.1	0104_2_15
WP_044339933.1	0104_2_15
WP_217000147.1	0104_2_15
VXA96077.1	0104_2_15
WP_144916889.1	0104_2_15
ROT20295.1	0104_2_15
MCD7924712.1	0104_2_15
ROS81167.1	0104_2_15
WP_157564983.1	0104_2_15
WP_195443791.1	0104_2_15
NMW22219.1	0104_2_15
WP_144803716.1	0104_2_15
MCC4312986.1	0104_2_15
WP_224626522.1	0104_2_15
WP_223533126.1	0104_2_15
WP_173003877.1	0104_2_15
WP_123639693.1	0104_2_15
WP_220316313.1	0104_2_15
WP_131534349.1	0104_2_15
WP_125704634.1	0104_2_15
WP_009038505.1	0104_2_15
WP_194112984.1	0104_2_15
WP_218485180.1	0104_2_15
RYY00570.1	0104_2_15
WP_039098596.1	0104_2_15
NTW72264.1	0104_2_15
WP_228864614.1	0104_2_15
WP_216253788.1	0104_2_15
WP_129320261.1	0104_2_15
WP_226129163.1	0104_2_15
WP_114003941.1	0104_2_15
WP_163621647.1	0104_2_15
WP_139685738.1	0104_2_15
WP_076638993.1	0104_2_15
WP_111698518.1	0104_2_15
WP_060997341.1	0104_2_15
AFW04828.1	0068_2_16
WP_072693157.1	0068_2_16
WP_149012607.1	0068_2_16
WP_105375272.1	0068_2_16
WP_064512184.1	0068_2_16
EIP1107604.1	0068_2_16
EAN0852561.1	0068_2_16
WP_211887636.1	0068_2_16
WP_152145049.1	0068_2_16
WP_124740822.1	0068_2_16
WP_006816206.1	0068_2_16
WP_072667302.1	0068_2_16
QXL75893.1	0068_2_16
WP_089616544.1	0068_2_16
EAT8322350.1	0068_2_16
EIN8589252.1	0068_2_16
WP_181378456.1	0068_2_16
WP_219344020.1	0068_2_16
EDZ3597582.1	0068_2_16
WP_141024855.1	0068_2_16
WP_218077903.1	0068_2_16
HAU3222088.1	0068_2_16
HAN4380369.1	0068_2_16
WP_179897472.1	0068_2_16
WP_134802547.1	0068_2_16
WP_112040216.1	0068_2_16
EGJ3415085.1	0068_2_16
WP_191227078.1	0068_2_16
HBA4961563.1	0068_2_16
WP_171273537.1	0068_2_16
WP_191239012.1	0068_2_16
WP_196256121.1	0068_2_16
WP_033917743.1	0068_2_16
OYQ83697.1	0068_2_16
HAS8352223.1	0068_2_16
WP_080527688.1	0068_2_16
WP_197064550.1	0068_2_16
EHB3785347.1	0068_2_16
EBR2489397.1	0068_2_16
WP_158116127.1	0068_2_16
EAA9290322.1	0068_2_16
EAA9318623.1	0068_2_16
EGR3978677.1	0068_2_16
WP_158313034.1	0068_2_16
TRY04558.1	0068_2_16
WP_224050662.1	0068_2_16
WP_033555298.1	0068_2_16
WP_164530251.1	0068_2_16
WP_157713386.1	0068_2_16
WP_042096529.1	0068_2_16
WP_049203096.1	0068_2_16
WP_146152133.1	0068_2_16
OBU38227.1	0068_2_16
WP_087852095.1	0068_2_16
WP_036795719.1	0068_2_16
WP_045062635.1	0068_2_16
WP_146154816.1	0068_2_16
WP_158642110.1	0068_2_16
EGR4247695.1	0068_2_16
WP_211829151.1	0068_2_16
QEQ70874.1	0068_2_16
WP_213965499.1	0068_2_16
SEA62337.1	0068_2_16
WP_198620332.1	0068_2_16
HAV8865381.1	0068_2_16
EGL0035715.1	0068_2_16
WP_208852792.1	0068_2_16
WP_079402046.1	0068_2_16
WP_001634575.1	0052_2_17
EEC0943439.1	0052_2_17
EAU6968783.1	0052_2_17
WP_086550147.1	0052_2_17
EHX2146157.1	0052_2_17
EFB3414289.1	0052_2_17
WP_021129312.1	0052_2_17
MBS6023667.1	0052_2_17
WP_098917295.1	0052_2_17
EFN5993533.1	0052_2_17
WP_152121691.1	0052_2_17
WP_063665672.1	0052_2_17
WP_066175816.1	0052_2_17
EGW82555.1	0052_2_17
KNY26834.1	0052_2_17
EHS5616031.1	0052_2_17
WP_218382828.1	0052_2_17
EGR3322785.1	0052_2_17
WP_021430021.1	0052_2_17
MBM3176603.1	0052_2_17
MBP2654430.1	0052_2_17
WP_227505516.1	0052_2_17
WP_129541317.1	0052_2_17
EEV8111732.1	0052_2_17
MBY7946259.1	0052_2_17
MBY8121143.1	0052_2_17
WP_155271364.1	0052_2_17
WP_181317943.1	0052_2_17
WP_162307148.1	0052_2_17
WP_226860973.1	0052_2_17
CDM70549.1	0052_2_17
SPW30950.1	0052_2_17
WP_180562595.1	0052_2_17
WP_000610985.1	0052_2_17
WP_180644555.1	0052_2_17
WP_044423368.1	0052_2_17
WP_077249319.1	0052_2_17
WP_162627179.1	0052_2_17
WP_187142567.1	0052_2_17
WP_149012917.1	0052_2_17
RSP53952.1	0052_2_17
MBN2396208.1	0052_2_17
HAG9978478.1	0052_2_17
AXZ00060.1	0052_2_17
WP_140179806.1	0052_2_17
WP_068908271.1	0052_2_17
WP_032171518.1	0052_2_17
WP_226149070.1	0052_2_17
WP_032203195.1	0052_2_17
WP_181199122.1	0052_2_17
WP_077201143.1	0052_2_17
WP_069506430.1	0052_2_17
WP_016266983.1	0033_2_18
WP_074036144.1	0033_2_18
RPP47857.1	0033_2_18
WP_186009766.1	0033_2_18
WP_192828723.1	0033_2_18
WP_154745360.1	0033_2_18
WP_055136846.1	0033_2_18
WP_198864114.1	0033_2_18
WP_169199804.1	0033_2_18
WP_208134250.1	0033_2_18
WP_131592657.1	0033_2_18
WP_104670081.1	0033_2_18
WP_008022995.1	0033_2_18
WP_152117937.1	0033_2_18
WP_046041222.1	0033_2_18
TXH59276.1	0033_2_18
WP_092414598.1	0033_2_18
WP_090143106.1	0033_2_18
WP_148169455.1	0033_2_18
WP_224788146.1	0033_2_18
NCQ11007.1	0033_2_18
MBX3705066.1	0033_2_18
WP_082446592.1	0033_2_18
WP_130027507.1	0033_2_18
WP_124345257.1	0033_2_18
OLB91251.1	0033_2_18
WP_214496379.1	0033_2_18
WP_187516328.1	0033_2_18
WP_137923182.1	0033_2_18
WP_098495516.1	0033_2_18
WP_096611936.1	0033_2_18
WP_114434232.1	0033_2_18
WP_019964204.1	0033_2_18
WP_154142452.1	0018_2_19
WP_000672721.1	0018_2_19
MBP3917179.1	0018_2_19
WP_202321439.1	0018_2_19
WP_206214675.1	0018_2_19
WP_222704893.1	0018_2_19
RKI99687.1	0018_2_19
WP_083787581.1	0018_2_19
MBD8958323.1	0018_2_19
WP_020006222.1	0018_2_19
WP_114371184.1	0018_2_19
PIC83082.1	0018_2_19
WP_159519170.1	0018_2_19
MBQ6414132.1	0018_2_19
GAE15809.1	0018_2_19
MCB0333373.1	0018_2_19
WP_230149521.1	0018_2_19
WP_110747764.1	0018_2_19
WP_181854010.1	0015_2_20
WP_202413966.1	0015_2_20
WP_193377759.1	0015_2_20
WP_192929285.1	0015_2_20
MBN0444584.1	0015_2_20
WP_200869145.1	0015_2_20
WP_206695099.1	0015_2_20
WP_207927132.1	0015_2_20
WP_170987081.1	0015_2_20
WP_151096888.1	0015_2_20
WP_150581997.1	0015_2_20
WP_139225449.1	0015_2_20
WP_193065270.1	0015_2_20
WP_166789530.1	0015_2_20
WP_166786039.1	0015_2_20
MBS6699689.1	0022_2_21
PDX87724.1	0022_2_21
WP_207686569.1	0022_2_21
MCC2125384.1	0022_2_21
WP_069152713.1	0022_2_21
EHA0993353.1	0022_2_21
MBS1411452.1	0022_2_21
MBS5727814.1	0022_2_21
WP_009255511.1	0022_2_21
MBE6703961.1	0022_2_21
WP_050260163.1	0022_2_21
VQM63531.1	0022_2_21
QCO91949.1	0022_2_21
WP_054446405.1	0022_2_21
VOG14504.1	0022_2_21
WP_075231287.1	0022_2_21
WP_033680701.1	0022_2_21
MBS5115788.1	0022_2_21
WP_227135022.1	0022_2_21
WP_087429911.1	0022_2_21
MCC8153175.1	0022_2_21
SCI38496.1	0022_2_21
WP_131421241.1	0012_2_22
WP_185830950.1	0012_2_22
WP_208537571.1	0012_2_22
WP_205587364.1	0012_2_22
MBN0969750.1	0012_2_22
OTJ32456.1	0012_2_22
WP_079385043.1	0012_2_22
WP_176484350.1	0012_2_22
WP_185844238.1	0012_2_22
WP_219788308.1	0012_2_22
WP_032204448.1	0012_2_22
TNL09459.1	0012_2_22
MCD8195583.1	0015_2_23
WP_050263147.1	0015_2_23
WP_169447179.1	0015_2_23
MBE6464487.1	0015_2_23
MBT8855624.1	0015_2_23
VOQ41123.1	0015_2_23
WP_196967045.1	0015_2_23
WP_118490786.1	0015_2_23
WP_154434277.1	0015_2_23
WP_196335894.1	0015_2_23
WP_143249280.1	0015_2_23
WP_008420884.1	0015_2_23
WP_044090605.1	0015_2_23
WP_090012959.1	0015_2_23
HAT4119821.1	0015_2_23
PGG53825.1	0012_2_24
SAZ41822.1	0012_2_24
BBV65275.1	0012_2_24
WP_148361789.1	0012_2_24
WP_150871746.1	0012_2_24
WP_225758459.1	0012_2_24
HAW3394744.1	0012_2_24
WP_225480721.1	0012_2_24
MBX0310559.1	0012_2_24
OOR10931.1	0012_2_24
WP_169088050.1	0012_2_24
WP_152393671.1	0012_2_24
WP_056518283.1	0008_2_25
WP_217484526.1	0008_2_25
WP_158656309.1	0008_2_25
WP_112027026.1	0008_2_25
EHT4047731.1	0008_2_25
WP_137646360.1	0008_2_25
WP_070715588.1	0008_2_25
ANF30189.1	0008_2_25
WP_029397751.1	0006_2_26
BBM62630.1	0006_2_26
EFF8873380.1	0006_2_26
WP_131635066.1	0006_2_26
WP_095439613.1	0006_2_26
WP_059305475.1	0006_2_26
MBQ9029074.1	0126_1_27
MCD8221086.1	0126_1_27
MBQ8987322.1	0126_1_27
MBQ9027335.1	0126_1_27
WP_104764330.1	0126_1_27
WP_213178343.1	0126_1_27
WP_073226029.1	0126_1_27
WP_137637837.1	0126_1_27
MBR9936570.1	0126_1_27
WP_118695103.1	0126_1_27
RGU12600.1	0126_1_27
WP_009202932.1	0126_1_27
SCH91763.1	0126_1_27
WP_118471169.1	0126_1_27
MBQ4282820.1	0126_1_27
WP_130182075.1	0126_1_27
MCD7796824.1	0126_1_27
MBS5141809.1	0126_1_27
WP_199473974.1	0126_1_27
WP_135469703.1	0126_1_27
WP_160212035.1	0126_1_27
WP_224163981.1	0126_1_27
WP_157006645.1	0126_1_27
CDD62754.1	0126_1_27
MBR0411941.1	0126_1_27
WP_204583976.1	0126_1_27
HIZ11459.1	0126_1_27
WP_158403704.1	0126_1_27
WP_214263175.1	0126_1_27
MBR2133967.1	0126_1_27
WP_204565096.1	0126_1_27
WP_156062972.1	0126_1_27
WP_074868893.1	0126_1_27
WP_123209462.1	0126_1_27
WP_050237661.1	0126_1_27
HJG29920.1	0126_1_27
WP_155959501.1	0126_1_27
WP_173866641.1	0126_1_27
WP_029200389.1	0126_1_27
WP_154432621.1	0126_1_27
WP_161170825.1	0126_1_27
WP_165249046.1	0126_1_27
WP_161116140.1	0126_1_27
WP_119998841.1	0126_1_27
MBR4343422.1	0126_1_27
WP_154609007.1	0126_1_27
WP_077858102.1	0126_1_27
EOH94903.1	0126_1_27
WP_008421534.1	0126_1_27
MBT9066220.1	0126_1_27
HJA00764.1	0126_1_27
RGT70282.1	0126_1_27
WP_137604497.1	0126_1_27
MBQ8611103.1	0126_1_27
WP_009557613.1	0126_1_27
WP_017212086.1	0126_1_27
WP_020090220.1	0126_1_27
WP_108774893.1	0126_1_27
WP_008461889.1	0126_1_27
WP_204564525.1	0126_1_27
WP_215634890.1	0126_1_27
MBP5384997.1	0126_1_27
WP_216786203.1	0126_1_27
MBQ8230756.1	0126_1_27
WP_076631235.1	0126_1_27
WP_025162160.1	0126_1_27
CCY67311.1	0126_1_27
WP_227191343.1	0126_1_27
NRT74155.1	0126_1_27
WP_182527562.1	0126_1_27
MBQ1516396.1	0126_1_27
WP_180701800.1	0126_1_27
HIW86540.1	0126_1_27
NYC70346.1	0126_1_27
WP_152595133.1	0126_1_27
WP_118065286.1	0126_1_27
WP_071982842.1	0126_1_27
WP_016181037.1	0126_1_27
WP_221698865.1	0126_1_27
MBT8987274.1	0126_1_27
MBL3536289.1	0126_1_27
WP_040463642.1	0126_1_27
MCD8145472.1	0126_1_27
OUN61669.1	0126_1_27
WP_074894144.1	0126_1_27
MBQ8976261.1	0126_1_27
WP_058991129.1	0126_1_27
WP_118486141.1	0126_1_27
WP_006720636.1	0126_1_27
WP_200151988.1	0126_1_27
MCD7740825.1	0126_1_27
NFG58748.1	0126_1_27
WP_204462702.1	0126_1_27
HJD40963.1	0126_1_27
MBS4957090.1	0126_1_27
HAT4141231.1	0126_1_27
WP_004625474.1	0126_1_27
MBT9696375.1	0126_1_27
WP_039105280.1	0126_1_27
WP_118542303.1	0126_1_27
WP_024867337.1	0126_1_27
WP_027628988.1	0126_1_27
HIY64185.1	0126_1_27
WP_072535011.1	0126_1_27
MBO5478794.1	0126_1_27
WP_114894035.1	0126_1_27
NSM83096.1	0126_1_27
WP_140398887.1	0126_1_27
MBQ4309362.1	0126_1_27
WP_221772863.1	0126_1_27
WP_185524602.1	0126_1_27
WP_187398531.1	0126_1_27
MBC1800568.1	0126_1_27
WP_185521181.1	0126_1_27
WP_185424764.1	0126_1_27
WP_185647888.1	0126_1_27
EOH52843.1	0126_1_27
WP_185338655.1	0126_1_27
WP_165005472.1	0126_1_27
WP_205757239.1	0126_1_27
WP_185583064.1	0126_1_27
KMT62313.1	0126_1_27
WP_185573246.1	0126_1_27
WP_185428836.1	0126_1_27
WP_185576829.1	0126_1_27
WP_069665139.1	0126_1_27
VQJ42306.1	0099_1_28
EMG32612.1	0099_1_28
WP_204956359.1	0099_1_28
WP_078846275.1	0099_1_28
WP_221762777.1	0099_1_28
RKV90743.1	0099_1_28
WP_224218642.1	0099_1_28
QBZ14104.1	0099_1_28
VIU37569.1	0099_1_28
ABW40756.1	0099_1_28
WP_048952746.1	0099_1_28
WP_075875658.1	0099_1_28
MBN1040020.1	0099_1_28
AXB83697.1	0099_1_28
WP_118572645.1	0099_1_28
WP_116843469.1	0099_1_28
WP_227189687.1	0099_1_28
MBS6517363.1	0099_1_28
WP_173737061.1	0099_1_28
MBD9336357.1	0099_1_28
VEG71536.1	0099_1_28
WP_014215683.1	0099_1_28
NLK65088.1	0099_1_28
MBQ9778187.1	0099_1_28
WP_074664292.1	0099_1_28
WP_229272675.1	0099_1_28
WP_032951571.1	0099_1_28
WP_115154695.1	0099_1_28
WP_224153995.1	0099_1_28
MBS5937915.1	0099_1_28
WP_049517278.1	0099_1_28
WP_204564332.1	0099_1_28
WP_143445838.1	0099_1_28
WP_144354651.1	0099_1_28
WP_203640797.1	0099_1_28
WP_125567457.1	0099_1_28
WP_184284944.1	0099_1_28
ENZ13516.1	0099_1_28
TGE43049.1	0099_1_28
WP_173739328.1	0099_1_28
WP_130436212.1	0099_1_28
QNQ80524.1	0099_1_28
WP_080021630.1	0099_1_28
WP_156470962.1	0099_1_28
WP_006584612.1	0099_1_28
WP_168924920.1	0099_1_28
WP_056967375.1	0099_1_28
WP_207268584.1	0099_1_28
WP_098046005.1	0099_1_28
WP_196091287.1	0099_1_28
VDG17571.1	0099_1_28
WP_170088229.1	0099_1_28
HAT4072079.1	0099_1_28
WP_048486288.1	0099_1_28
WP_004455531.1	0099_1_28
MBQ8357753.1	0099_1_28
WP_205016522.1	0099_1_28
WP_056938094.1	0099_1_28
MBQ7345427.1	0099_1_28
OLA72146.1	0099_1_28
WP_161022465.1	0099_1_28
WP_094498457.1	0099_1_28
WP_159215282.1	0099_1_28
WP_097550570.1	0099_1_28
MBD9142935.1	0099_1_28
WP_063846037.1	0099_1_28
WP_195972817.1	0099_1_28
WP_206763665.1	0099_1_28
WP_135056206.1	0099_1_28
MBQ2244731.1	0099_1_28
MBE6691382.1	0099_1_28
MBO6205822.1	0099_1_28
WP_002572101.1	0099_1_28
WP_159210780.1	0099_1_28
MBR3314390.1	0099_1_28
MBQ2244732.1	0099_1_28
RHU21494.1	0099_1_28
WP_172966986.1	0099_1_28
RWY85735.1	0099_1_28
WP_118521454.1	0099_1_28
MCC8104665.1	0099_1_28
WP_208873420.1	0099_1_28
MBR2319246.1	0099_1_28
WP_071859065.1	0099_1_28
WP_152742762.1	0099_1_28
WP_173001711.1	0099_1_28
MBR3778997.1	0099_1_28
WP_128468782.1	0099_1_28
WP_157734676.1	0099_1_28
WP_180869626.1	0099_1_28
WP_110140077.1	0099_1_28
MBQ5580520.1	0099_1_28
MBQ8062459.1	0099_1_28
MBQ3996179.1	0099_1_28
MBQ8083630.1	0099_1_28
WP_195626768.1	0099_1_28
MBQ9859245.1	0099_1_28
WP_074627535.1	0099_1_28
MBQ6526255.1	0099_1_28
ADC84238.1	0054_1_29
EEW0749544.1	0054_1_29
WP_181818324.1	0054_1_29
EEV9057955.1	0054_1_29
ANK02212.1	0054_1_29
EAB5456586.1	0054_1_29
OOI26292.1	0054_1_29
WP_059307571.1	0054_1_29
WP_156654859.1	0054_1_29
HAT2218579.1	0054_1_29
MBT7544045.1	0054_1_29
HAB36710.1	0054_1_29
WP_048235053.1	0054_1_29
WP_191214333.1	0054_1_29
WP_194370958.1	0054_1_29
WP_056029123.1	0054_1_29
WP_169862577.1	0054_1_29
WP_188762324.1	0054_1_29
KQN00007.1	0054_1_29
WP_022632779.1	0054_1_29
EAV0891041.1	0054_1_29
ECD9518278.1	0054_1_29
EDV0337522.1	0054_1_29
WP_226054114.1	0054_1_29
WP_097495653.1	0054_1_29
WP_182723826.1	0054_1_29
WP_225623143.1	0054_1_29
WP_101086431.1	0054_1_29
SWW34776.1	0054_1_29
WP_157092754.1	0054_1_29
WP_035566834.1	0054_1_29
WP_153245114.1	0054_1_29
WP_148675691.1	0054_1_29
WP_137786910.1	0054_1_29
WP_146917635.1	0054_1_29
EHS95555.1	0054_1_29
WP_182268984.1	0054_1_29
HAW4209831.1	0054_1_29
WP_167396712.1	0054_1_29
WP_203559539.1	0054_1_29
OVU66633.1	0054_1_29
WP_161706207.1	0054_1_29
WP_171356107.1	0054_1_29
WP_116953703.1	0054_1_29
WP_135720880.1	0054_1_29
WP_087845043.1	0054_1_29
WP_169844434.1	0054_1_29
EFO4710097.1	0054_1_29
WP_135424165.1	0054_1_29
MBE0471041.1	0054_1_29
WP_139552717.1	0054_1_29
HBC1806426.1	0054_1_29
WP_086467195.1	0054_1_29
WP_167570229.1	0054_1_29
WP_151185054.1	0044_1_30
WP_102563394.1	0044_1_30
WP_146132021.1	0044_1_30
WP_021577644.1	0044_1_30
HHI93670.1	0044_1_30
WP_061054350.1	0044_1_30
MBG3931340.1	0044_1_30
WP_014833930.1	0044_1_30
WP_049301452.1	0044_1_30
WP_222829171.1	0044_1_30
WP_033945314.1	0044_1_30
WP_126859228.1	0044_1_30
WP_121353285.1	0044_1_30
WP_058179072.1	0044_1_30
MBD3843238.1	0044_1_30
WP_143606027.1	0044_1_30
WP_098386379.1	0044_1_30
WP_058355143.1	0044_1_30
WP_023108549.1	0044_1_30
KLI67978.1	0044_1_30
WP_157896939.1	0044_1_30
WP_176478687.1	0044_1_30
WP_221006790.1	0044_1_30
WP_069942140.1	0044_1_30
WP_195602693.1	0044_1_30
WP_168738007.1	0044_1_30
OII57818.1	0044_1_30
WP_133309706.1	0044_1_30
WP_209872022.1	0044_1_30
WP_204212393.1	0044_1_30
WP_128667415.1	0044_1_30
HHV75500.1	0044_1_30
WP_161774127.1	0044_1_30
WP_039615093.1	0044_1_30
WP_147403448.1	0044_1_30
MBG5825211.1	0044_1_30
WP_099616856.1	0044_1_30
ABE55930.1	0044_1_30
MBD3343557.1	0044_1_30
WP_092265032.1	0044_1_30
RNC88169.1	0044_1_30
RGD54956.1	0044_1_30
WP_165173125.1	0044_1_30
NQY93481.1	0044_1_30
WP_050941563.1	0044_1_31
WP_138775468.1	0044_1_31
WP_226715542.1	0044_1_31
WP_057636168.1	0044_1_31
WP_057649559.1	0044_1_31
WP_212584288.1	0044_1_31
WP_219650035.1	0044_1_31
WP_050085977.1	0044_1_31
WP_019082574.1	0044_1_31
WP_072622924.1	0044_1_31
PJD96600.1	0044_1_31
WP_018577593.1	0044_1_31
WP_158617416.1	0044_1_31
WP_182794892.1	0044_1_31
WP_139336483.1	0044_1_31
QWD20112.1	0044_1_31
WP_094565502.1	0044_1_31
WP_185780244.1	0044_1_31
SFS11554.1	0044_1_31
WP_140308546.1	0044_1_31
WP_117981531.1	0044_1_31
MBT8578580.1	0044_1_31
WP_036166674.1	0044_1_31
WP_148514706.1	0044_1_31
EGR1023376.1	0044_1_31
WP_166208076.1	0044_1_31
WP_122096090.1	0044_1_31
WP_218049815.1	0044_1_31
WP_047782168.1	0044_1_31
WP_159565626.1	0044_1_31
WP_156642685.1	0044_1_31
WP_138566219.1	0044_1_31
WP_144899818.1	0044_1_31
WP_137265061.1	0044_1_31
WP_099610789.1	0044_1_31
WP_152057574.1	0044_1_31
PMD98442.1	0044_1_31
WP_127342269.1	0044_1_31
WP_155693977.1	0044_1_31
WP_146474764.1	0044_1_31
NUS38009.1	0044_1_31
MBD3843020.1	0044_1_31
WP_149196448.1	0044_1_31
WP_169609801.1	0044_1_31
WP_129382394.1	0036_1_32
ABY48117.1	0036_1_32
WP_205895854.1	0036_1_32
WP_150738126.1	0036_1_32
WP_005350292.1	0036_1_32
TCS35093.1	0036_1_32
EIA4708806.1	0036_1_32
WP_154113022.1	0036_1_32
WP_153734102.1	0036_1_32
WP_206369925.1	0036_1_32
WP_142606155.1	0036_1_32
WP_145354056.1	0036_1_32
OGB50064.1	0036_1_32
WP_194703382.1	0036_1_32
BCR39239.1	0036_1_32
WP_133247576.1	0036_1_32
WP_092144884.1	0036_1_32
MBN0979056.1	0036_1_32
WP_078834531.1	0036_1_32
KPF68697.1	0036_1_32
AKS05645.1	0036_1_32
WP_141697266.1	0036_1_32
MBT9493227.1	0036_1_32
WP_123809532.1	0036_1_32
WP_147266113.1	0036_1_32
WP_138492611.1	0036_1_32
PUB44374.1	0036_1_32
MBN0058234.1	0036_1_32
WP_042926927.1	0036_1_32
WP_157831763.1	0036_1_32
WP_221605901.1	0036_1_32
WP_198754621.1	0036_1_32
WP_117001877.1	0036_1_32
OYO31193.1	0036_1_32
MBC3936346.1	0036_1_32
WP_106757181.1	0036_1_32
HAL6201568.1	0033_1_33
WP_089645086.1	0033_1_33
WP_052201295.1	0033_1_33
EGH1751367.1	0033_1_33
EFB9459334.1	0033_1_33
BBM62823.1	0033_1_33
WP_147331724.1	0033_1_33
WP_199959343.1	0033_1_33
WP_199946684.1	0033_1_33
OKZ17413.1	0033_1_33
WP_151812956.1	0033_1_33
QEP40525.1	0033_1_33
WP_167351909.1	0033_1_33
WP_143959153.1	0033_1_33
WP_110168226.1	0033_1_33
MBE4243270.1	0033_1_33
WP_121910297.1	0033_1_33
AGK55733.1	0033_1_33
WP_129618856.1	0033_1_33
WP_140333028.1	0033_1_33
WP_215044871.1	0033_1_33
ODY15942.1	0033_1_33
WP_019551917.1	0033_1_33
WP_168560913.1	0033_1_33
WP_024861945.1	0033_1_33
AEB14236.1	0033_1_33
WP_159874893.1	0033_1_33
MBO9688664.1	0033_1_33
MBR2937931.1	0033_1_33
MBE6116041.1	0033_1_33
MBP7386072.1	0033_1_33
WP_157404220.1	0033_1_33
WP_099392322.1	0033_1_33
WP_004016722.1	0029_1_34
EFY5912725.1	0029_1_34
WP_128568408.1	0029_1_34
WP_119169437.1	0029_1_34
EGK22062.1	0029_1_34
WP_094169909.1	0029_1_34
ACD37181.1	0029_1_34
SQU10570.1	0029_1_34
WP_130221809.1	0029_1_34
WP_075180897.1	0029_1_34
WP_203358138.1	0029_1_34
WP_052246191.1	0029_1_34
WP_064559454.1	0029_1_34
EIQ0040716.1	0029_1_34
QLK60821.1	0029_1_34
WP_223082411.1	0029_1_34
WP_130625790.1	0029_1_34
WP_123957905.1	0029_1_34
WP_223680061.1	0029_1_34
WP_057095508.1	0029_1_34
WP_124381841.1	0029_1_34
MBI2966569.1	0029_1_34
WP_212808505.1	0029_1_34
WP_067654841.1	0029_1_34
MBS1683013.1	0029_1_34
WP_013344590.1	0029_1_34
MBI1768789.1	0029_1_34
WP_007803730.1	0029_1_34
WP_013147936.1	0029_1_34
WP_115853285.1	0028_1_35
WP_090136162.1	0028_1_35
WP_202746102.1	0028_1_35
WP_109123338.1	0028_1_35
WP_098721664.1	0028_1_35
WP_032037098.1	0028_1_35
WP_064792751.1	0028_1_35
WP_228704202.1	0028_1_35
MWQ21883.1	0028_1_35
ATW46629.1	0028_1_35
ACL31748.1	0028_1_35
OTM90969.1	0028_1_35
WP_014204040.1	0028_1_35
WP_146509796.1	0028_1_35
WP_213972609.1	0028_1_35
WP_155586697.1	0028_1_35
WP_007394447.1	0028_1_35
WP_126789285.1	0028_1_35
WP_006993192.1	0028_1_35
WP_172892938.1	0028_1_35
WP_064561267.1	0028_1_35
WP_188156977.1	0028_1_35
WP_166837729.1	0028_1_35
SFH70350.1	0028_1_35
WP_045402521.1	0028_1_35
POR07012.1	0028_1_35
WP_222236542.1	0028_1_35
WP_086901522.1	0028_1_35
WP_000549530.1	0027_1_36
EIR9201176.1	0027_1_36
WP_125362640.1	0027_1_36
WP_097411100.1	0027_1_36
MIR30034.1	0027_1_36
EDE2632241.1	0027_1_36
EDQ3381127.1	0027_1_36
WP_080074299.1	0027_1_36
WP_181242426.1	0027_1_36
WP_063134475.1	0027_1_36
GBE69150.1	0027_1_36
EAU0671645.1	0027_1_36
ECG6090071.1	0027_1_36
WP_230374903.1	0027_1_36
EDW5186900.1	0027_1_36
MXG78602.1	0027_1_36
HBE4428035.1	0027_1_36
ETC59777.1	0027_1_36
WP_057647482.1	0027_1_36
WP_050116911.1	0027_1_36
VDZ65126.1	0027_1_36
WP_107225999.1	0027_1_36
WP_021567303.1	0027_1_36
EBD0800919.1	0027_1_36
EIP8405724.1	0027_1_36
WP_143742216.1	0027_1_36
WP_141100855.1	0027_1_36
ACD37026.1	0024_1_37
EGD8570544.1	0024_1_37
WP_110870355.1	0024_1_37
WP_181669008.1	0024_1_37
WP_047661403.1	0024_1_37
WP_096933632.1	0024_1_37
WP_205066171.1	0024_1_37
WP_123334932.1	0024_1_37
WP_050871167.1	0024_1_37
WP_119938544.1	0024_1_37
MIA78463.1	0024_1_37
WP_105059667.1	0024_1_37
EDV9741632.1	0024_1_37
WP_042307490.1	0024_1_37
EAW5735634.1	0024_1_37
HAM8904139.1	0024_1_37
WP_061140150.1	0024_1_37
WP_222860673.1	0024_1_37
EFH6986334.1	0024_1_37
WP_057569691.1	0024_1_37
WP_061093158.1	0024_1_37
WP_186584507.1	0024_1_37
WP_154610713.1	0024_1_37
MBF0209025.1	0024_1_37
WP_115256329.1	0021_1_38
VOC17485.1	0021_1_38
WP_001826717.1	0021_1_38
EHE06795.1	0021_1_38
VMO60215.1	0021_1_38
WP_012961878.1	0021_1_38
WP_214254291.1	0021_1_38
WP_000172819.1	0021_1_38
WP_011922117.1	0021_1_38
WP_105126534.1	0021_1_38
WP_167588632.1	0021_1_38
WP_048345613.1	0021_1_38
WP_081539118.1	0021_1_38
WP_103241600.1	0021_1_38
MCD8003154.1	0021_1_38
GFI00208.1	0021_1_38
WP_010581023.1	0021_1_38
RHC55200.1	0021_1_38
RHT81424.1	0021_1_38
WP_078035963.1	0021_1_38
WP_148463231.1	0021_1_38
WP_024242993.1	0019_1_39
WP_089536959.1	0019_1_39
EFE9705453.1	0019_1_39
WP_194189025.1	0019_1_39
WP_200111793.1	0019_1_39
WP_213238837.1	0019_1_39
BCO13070.1	0019_1_39
EGT5733709.1	0019_1_39
WP_080320359.1	0019_1_39
KAA6051568.1	0019_1_39
MRS92328.1	0019_1_39
WP_023624152.1	0019_1_39
WP_053301956.1	0019_1_39
WP_199978320.1	0019_1_39
WP_180159094.1	0019_1_39
WP_156190425.1	0019_1_39
PMJ65782.1	0019_1_39
WP_017817115.1	0019_1_39
HBU09080.1	0019_1_39
BAQ00830.1	0018_1_40
EGG1128596.1	0018_1_40
EFB6411119.1	0018_1_40
WP_171021444.1	0018_1_40
WP_000234807.1	0018_1_40
WP_170988896.1	0018_1_40
MBV8502044.1	0018_1_40
WP_169880069.1	0018_1_40
OCJ75870.1	0018_1_40
WP_169389635.1	0018_1_40
WP_200107393.1	0018_1_40
KXJ53070.1	0018_1_40
WP_075163506.1	0018_1_40
WP_147347886.1	0018_1_40
WP_195375469.1	0018_1_40
OYQ31506.1	0018_1_40
MBA2669885.1	0018_1_40
WP_006820499.1	0018_1_40
WP_001222819.1	0016_1_41
WP_115255088.1	0016_1_41
MBR7000834.1	0016_1_41
WP_174178474.1	0016_1_41
WP_142039453.1	0016_1_41
WP_188728410.1	0016_1_41
WP_132008325.1	0016_1_41
MCD5341119.1	0016_1_41
WP_223253045.1	0016_1_41
WP_071303441.1	0016_1_41
WP_123955526.1	0016_1_41
WP_230341227.1	0016_1_41
WP_156162334.1	0016_1_41
MBN9216259.1	0016_1_41
MBI2566708.1	0016_1_41
MBS7044848.1	0016_1_41
WP_061748111.1	0016_1_42
WP_054391329.1	0016_1_42
WP_155442727.1	0016_1_42
WP_024383613.1	0016_1_42
WP_001233889.1	0016_1_42
WP_141577583.1	0016_1_42
AAL57082.1	0016_1_42
WP_141456562.1	0016_1_42
WP_228987482.1	0016_1_42
QIA77855.1	0016_1_42
WP_036188042.1	0016_1_42
MBQ7266097.1	0016_1_42
WP_047206938.1	0016_1_42
WP_192828034.1	0016_1_42
KLK64426.1	0016_1_42
WP_146498940.1	0016_1_42
WP_000983273.1	0016_1_43
HAW7455953.1	0016_1_43
EHG6208956.1	0016_1_43
WP_111465387.1	0016_1_43
WP_121540208.1	0016_1_43
WP_001206792.1	0016_1_43
WP_218265335.1	0016_1_43
EIM7627316.1	0016_1_43
ECG8592086.1	0016_1_43
EAX6843836.1	0016_1_43
HAU6789150.1	0016_1_43
EEO4508470.1	0016_1_43
VEB45882.1	0016_1_43
WP_001583055.1	0016_1_43
WP_160882407.1	0016_1_43
HIV70869.1	0016_1_43
CAI33084.1	0016_1_44
WP_050311826.1	0016_1_44
CIV98579.1	0016_1_44
WP_050119686.1	0016_1_44
WP_125839089.1	0016_1_44
WP_061415461.1	0016_1_44
WP_195227595.1	0016_1_44
WP_215770075.1	0016_1_44
NQJ72111.1	0016_1_44
WP_179941313.1	0016_1_44
WP_027131060.1	0016_1_44
WP_223329919.1	0016_1_44
WP_084928823.1	0016_1_44
WP_225204125.1	0016_1_44
WP_049523283.1	0016_1_44
WP_216842914.1	0016_1_44
WP_097551466.1	0016_1_45
EIM6882389.1	0016_1_45
WP_042093341.1	0016_1_45
EFB7561420.1	0016_1_45
WP_131492549.1	0016_1_45
WP_023314457.1	0016_1_45
WP_148384075.1	0016_1_45
WP_155019343.1	0016_1_45
WP_105662979.1	0016_1_45
WP_105654866.1	0016_1_45
WP_105665137.1	0016_1_45
WP_105634683.1	0016_1_45
WP_106877393.1	0016_1_45
WP_130099844.1	0016_1_45
WP_096387970.1	0016_1_45
MBY7766022.1	0016_1_45
WP_001002891.1	0015_1_46
EGM8745944.1	0015_1_46
EGZ6657556.1	0015_1_46
WP_126331305.1	0015_1_46
WP_023312380.1	0015_1_46
WP_045887856.1	0015_1_46
WP_221702108.1	0015_1_46
WP_064326661.1	0015_1_46
MBB1201479.1	0015_1_46
WP_039295133.1	0015_1_46
WP_223955249.1	0015_1_46
WP_073998858.1	0015_1_46
HAW8033785.1	0015_1_46
WP_112029726.1	0015_1_46
QMS18359.1	0015_1_46
WP_228138528.1	0015_1_47
WP_000651325.1	0015_1_47
WP_053142601.1	0015_1_47
WP_218195323.1	0015_1_47
MBA96244.1	0015_1_47
WP_148816240.1	0015_1_47
WP_139214634.1	0015_1_47
WP_134695102.1	0015_1_47
WP_196227574.1	0015_1_47
MAW90055.1	0015_1_47
WP_224812650.1	0015_1_47
WP_088233605.1	0015_1_47
WP_214553054.1	0015_1_47
WP_190830254.1	0015_1_47
WP_200214603.1	0015_1_47
WP_000445844.1	0014_1_48
WP_171035968.1	0014_1_48
WP_073993639.1	0014_1_48
WP_118401386.1	0014_1_48
MBS5122315.1	0014_1_48
HIZ72759.1	0014_1_48
WP_036810015.1	0014_1_48
RNM31026.1	0014_1_48
OUN36338.1	0014_1_48
MBQ8325016.1	0014_1_48
MBQ2805878.1	0014_1_48
HIW50308.1	0014_1_48
MBR5438684.1	0014_1_48
WP_144007741.1	0014_1_48
HCM85212.1	0014_1_49
WP_050213231.1	0014_1_49
MBQ2980623.1	0014_1_49
NLJ17122.1	0014_1_49
MBQ5320864.1	0014_1_49
MBR7122748.1	0014_1_49
RWU06912.1	0014_1_49
MBD5134490.1	0014_1_49
WP_071388313.1	0014_1_49
WP_227081889.1	0014_1_49
TNV68459.1	0014_1_49
MCC2222460.1	0014_1_49
WP_207114638.1	0014_1_49
HBM81368.1	0014_1_49
WP_001468901.1	0013_1_50
WP_042093618.1	0013_1_50
WP_102306153.1	0013_1_50
WP_097743917.1	0013_1_50
EAN1750365.1	0013_1_50
AGM38627.1	0013_1_50
HIE00585.1	0013_1_50
WP_157936090.1	0013_1_50
WP_014871790.1	0013_1_50
HAT8486706.1	0013_1_50
NMT95774.1	0013_1_50
WP_168827264.1	0013_1_50
WP_163139732.1	0013_1_50
WP_025382884.1	0013_1_51
WP_050088863.1	0013_1_51
WP_187258758.1	0013_1_51
EAS0583903.1	0013_1_51
EBQ4855951.1	0013_1_51
EFP0777165.1	0013_1_51
EAN8469837.1	0013_1_51
WP_079894445.1	0013_1_51
EFO4565670.1	0013_1_51
WP_001592235.1	0013_1_51
WP_071698212.1	0013_1_51
WP_121301468.1	0013_1_51
WP_227104990.1	0013_1_51
AFW04668.1	0013_1_52
ECT6513875.1	0013_1_52
EHR1566626.1	0013_1_52
EHL3469409.1	0013_1_52
WP_079774761.1	0013_1_52
WP_079771874.1	0013_1_52
WP_020844666.1	0013_1_52
WP_079829148.1	0013_1_52
EFE5197676.1	0013_1_52
GEF03964.1	0013_1_52
EAA3118109.1	0013_1_52
AKH63228.1	0013_1_52
WP_027912717.1	0013_1_52
EFH7882969.1	0013_1_53
WP_046888363.1	0013_1_53
WP_224955243.1	0013_1_53
WP_223952967.1	0013_1_53
WP_161506958.1	0013_1_53
WP_214186628.1	0013_1_53
WP_146752557.1	0013_1_53
WP_139174273.1	0013_1_53
WP_011802854.1	0013_1_53
ABB32404.1	0013_1_53
WP_022836538.1	0013_1_53
WP_195360266.1	0013_1_53
RPI15812.1	0013_1_53
WP_126850644.1	0013_1_54
MQK37483.1	0013_1_54
WP_157921850.1	0013_1_54
WP_129995412.1	0013_1_54
MCE1439271.1	0013_1_54
EGQ4820835.1	0013_1_54
WP_072203073.1	0013_1_54
EFI4006016.1	0013_1_54
WP_041327705.1	0013_1_54
WP_199371631.1	0013_1_54
EFC9838517.1	0013_1_54
WP_222686410.1	0013_1_54
WP_102562372.1	0013_1_54
EGU6736122.1	0012_1_55
SUF21761.1	0012_1_55
BAO04106.1	0012_1_55
WP_158642084.1	0012_1_55
EGO7078686.1	0012_1_55
MBY8061211.1	0012_1_55
WP_192034465.1	0012_1_55
WP_105161851.1	0012_1_55
WP_024074164.1	0012_1_55
WP_065910421.1	0012_1_55
WP_099494482.1	0012_1_55
WP_093527380.1	0012_1_55
EHN7415104.1	0012_1_56
WP_205923602.1	0012_1_56
WP_223398951.1	0012_1_56
NVJ60863.1	0012_1_56
HAE62212.1	0012_1_56
HBE6102621.1	0012_1_56
WP_096841651.1	0012_1_56
WP_125357753.1	0012_1_56
PIS45052.1	0012_1_56
WP_216357555.1	0012_1_56
WP_125040739.1	0012_1_56
WP_192017052.1	0012_1_56
WP_137586850.1	0011_1_57
WP_021535079.1	0011_1_57
EGM8107999.1	0011_1_57
WP_214605624.1	0011_1_57
WP_095427547.1	0011_1_57
WP_148418225.1	0011_1_57
WP_217534216.1	0011_1_57
OCH61298.1	0011_1_57
WP_199867674.1	0011_1_57
EHR0246941.1	0011_1_57
HBC3918621.1	0011_1_57
VPT20589.1	0010_1_58
WP_050255588.1	0010_1_58
WP_125844770.1	0010_1_58
WP_099778220.1	0010_1_58
WP_170079437.1	0010_1_58
WP_151856152.1	0010_1_58
WP_187442485.1	0010_1_58
MCC8051272.1	0010_1_58
WP_147666174.1	0010_1_58
AIY06288.1	0010_1_58
EFV6095475.1	0010_1_59
OGH98424.1	0010_1_59
WP_148630522.1	0010_1_59
WP_140367232.1	0010_1_59
WP_149945446.1	0010_1_59
PKP62185.1	0010_1_59
WP_172336422.1	0010_1_59
WP_046438300.1	0010_1_59
MBU3820659.1	0010_1_59
OGC08486.1	0010_1_59
WP_219989554.1	0010_1_60
WP_196083558.1	0010_1_60
WP_000961623.1	0010_1_60
WP_047355739.1	0010_1_60
HAS3626539.1	0010_1_60
WP_095467637.1	0010_1_60
WP_092290607.1	0010_1_60
WP_021196769.1	0010_1_60
WP_048935126.1	0010_1_60
WP_029307264.1	0010_1_60
WP_021569439.1	0009_1_61
RJX72377.1	0009_1_61
WP_214759418.1	0009_1_61
MBO9518972.1	0009_1_61
WP_122355050.1	0009_1_61
WP_026626620.1	0009_1_61
WP_009641072.1	0009_1_61
WP_178957998.1	0009_1_61
RGX71636.1	0009_1_61
EFO3933972.1	0009_1_62
WP_097727926.1	0009_1_62
WP_107533350.1	0009_1_62
WP_045906548.1	0009_1_62
WP_046359762.1	0009_1_62
WP_112918588.1	0009_1_62
WP_047615139.1	0009_1_62
HAW2197999.1	0009_1_62
GCT65035.1	0009_1_62
WP_138005626.1	0008_1_63
WP_060956154.1	0008_1_63
WP_149556404.1	0008_1_63
WP_057538721.1	0008_1_63
WP_143808102.1	0008_1_63
WP_180384805.1	0008_1_63
WP_070770365.1	0008_1_63
WP_114665852.1	0008_1_63
WP_000275561.1	0008_1_64
WP_050323507.1	0008_1_64
WP_005167735.1	0008_1_64
PSV32328.1	0008_1_64
WP_050162429.1	0008_1_64
AAC60768.1	0008_1_64
TNH45198.1	0008_1_64
WP_011148880.1	0008_1_64
WP_135300949.1	0008_1_65
EFK0007347.1	0008_1_65
WP_050111601.1	0008_1_65
MBS6057122.1	0008_1_65
WP_179179341.1	0008_1_65
WP_017734467.1	0008_1_65
PIB57465.1	0008_1_65
WP_164558392.1	0008_1_65
WP_000881830.1	0007_1_66
HAW7655927.1	0007_1_66
WP_218070497.1	0007_1_66
MBT1803244.1	0007_1_66
WP_187799348.1	0007_1_66
KYL36920.1	0007_1_66
WP_187575447.1	0007_1_66
EHO3058610.1	0007_1_67
HBE5020990.1	0007_1_67
WP_149010799.1	0007_1_67
WP_124965817.1	0007_1_67
WP_152996897.1	0007_1_67
WP_102542915.1	0007_1_67
WP_039422864.1	0007_1_67
WP_050243748.1	0007_1_68
WP_000622250.1	0007_1_68
WP_061088405.1	0007_1_68
RKV63492.1	0007_1_68
WP_000622251.1	0007_1_68
WP_105139274.1	0007_1_68
WP_125071267.1	0007_1_68
HAX3427212.1	0007_1_69
EFG5907368.1	0007_1_69
WP_024223683.1	0007_1_69
WP_123015143.1	0007_1_69
WP_192542788.1	0007_1_69
WP_158173603.1	0007_1_69
WP_219253375.1	0007_1_69
AAZ20761.1	0007_1_70
POF73934.1	0007_1_70
WP_136196084.1	0007_1_70
WP_136343527.1	0007_1_70
WP_193140306.1	0007_1_70
TNI12731.1	0007_1_70
NVP03317.1	0007_1_70
WP_137549518.1	0007_1_71
EEW9015671.1	0007_1_71
EEW3198854.1	0007_1_71
WP_200034518.1	0007_1_71
WP_126525114.1	0007_1_71
WP_125339946.1	0007_1_71
WP_167605960.1	0007_1_71
WP_107135449.1	0006_1_72
EEW1816497.1	0006_1_72
WP_047027453.1	0006_1_72
WP_063412373.1	0006_1_72
AXU94489.1	0006_1_72
WP_099031863.1	0006_1_72
WP_159135012.1	0006_1_73
WP_196208739.1	0006_1_73
WP_107250860.1	0006_1_73
WP_136979491.1	0006_1_73
WP_141178709.1	0006_1_73
WP_045524114.1	0006_1_73
WP_074464799.1	0006_1_74
WP_097331603.1	0006_1_74
WP_083881261.1	0006_1_74
WP_047282573.1	0006_1_74
HCS07025.1	0006_1_74
WP_203305283.1	0006_1_74
WP_152062103.1	0006_1_75
WP_023308088.1	0006_1_75
WP_096972367.1	0006_1_75
WP_001010142.1	0006_1_75
WP_225586566.1	0006_1_75
WP_226311469.1	0006_1_75
CKI58892.1	0006_1_76
WP_010976418.1	0006_1_76
WP_205397345.1	0006_1_76
WP_080983030.1	0006_1_76
WP_084925341.1	0006_1_76
WP_125370847.1	0006_1_76
AAC32340.1	0006_1_77
MBB9001093.1	0006_1_77
WP_024165680.1	0006_1_77
WP_087675576.1	0006_1_77
ESF77981.1	0006_1_77
AAV34494.1	0006_1_77
WP_130830735.1	0006_1_78
WP_197385726.1	0006_1_78
EDV0369716.1	0006_1_78
EFU2457526.1	0006_1_78
ECJ5870799.1	0006_1_78
MHX33700.1	0006_1_78
WP_053880137.1	0006_1_79
WP_097569465.1	0006_1_79
WP_191228508.1	0006_1_79
WP_004089593.1	0006_1_79
BBM62186.1	0006_1_79
WP_151960580.1	0006_1_79
WP_097727540.1	0006_1_80
WP_059277566.1	0006_1_80
ECJ5920515.1	0006_1_80
WP_031605499.1	0006_1_80
WP_135321404.1	0006_1_80
WP_149616341.1	0006_1_80
WP_180064661.1	0006_1_81
WP_009584320.1	0006_1_81
WP_079547944.1	0006_1_81
WP_106466208.1	0006_1_81
QNX08747.1	0006_1_81
SBS61204.1	0006_1_81
ACD37117.1	0005_1_82
WP_218338333.1	0005_1_82
HAW1994079.1	0005_1_82
EFV8085154.1	0005_1_82
WP_201889389.1	0005_1_82
AFW04790.1	0005_1_83
WP_213848124.1	0005_1_83
HAT7498691.1	0005_1_83
WP_181665260.1	0005_1_83
WP_187655186.1	0005_1_83
AKA20999.1	0005_1_84
WP_033849664.1	0005_1_84
WP_141239803.1	0005_1_84
OYU06330.1	0005_1_84
WP_159933549.1	0005_1_84
AAR24270.1	0005_1_85
WP_214271335.1	0005_1_85
EES6290913.1	0005_1_85
WP_137525764.1	0005_1_85
WP_161709924.1	0005_1_85
ADI59429.1	0005_1_86
WP_057533503.1	0005_1_86
WP_049598626.1	0005_1_86
QSV67788.1	0005_1_86
WP_067515007.1	0005_1_86
EEX8529266.1	0005_1_87
WP_135559430.1	0005_1_87
WP_218467719.1	0005_1_87
WP_166024358.1	0005_1_87
WP_226100070.1	0005_1_87
WP_032219906.1	0005_1_88
MBB7981341.1	0005_1_88
EHW0693039.1	0005_1_88
WP_155827594.1	0005_1_88
SFW56634.1	0005_1_88
WP_001244596.1	0005_1_89
WP_069370612.1	0005_1_89
WP_159885601.1	0005_1_89
NMR26814.1	0005_1_89
WP_147822850.1	0005_1_89
WP_219589636.1	0004_1_90
WP_050208692.1	0004_1_90
WP_208562073.1	0004_1_90
MBN2918313.1	0004_1_90
WP_134865955.1	0004_1_91
WP_217071531.1	0004_1_91
WP_105270233.1	0004_1_91
WP_135522194.1	0004_1_91
EHJ4093881.1	0004_1_92
EFA5330670.1	0004_1_92
WP_079793774.1	0004_1_92
HAU3265253.1	0004_1_92
ACA24890.1	0004_1_93
EFM2301527.1	0004_1_93
EHV2987270.1	0004_1_93
EFJ8053913.1	0004_1_93
EFK4032291.1	0004_1_94
EFL5808813.1	0004_1_94
WP_072277377.1	0004_1_94
WP_151207128.1	0004_1_94
WP_168727044.1	0004_1_95
WP_171996319.1	0004_1_95
WP_158313308.1	0004_1_95
WP_168390257.1	0004_1_95
KGM82069.1	0003_1_96
AIG62720.1	0003_1_96
WP_052920558.1	0003_1_96
ADJ19203.1	0003_1_97
EAC1391332.1	0003_1_97
WP_133633838.1	0003_1_97
WP_072310772.1	0003_1_98
KEN43158.1	0003_1_98
PBO11778.1	0003_1_98
ADN43871.1	0003_1_99
HBD4940543.1	0003_1_99
MBS9075002.1	0003_1_99
AHB32267.1	0003_1_100
WP_182004423.1	0003_1_100
WP_054580615.1	0003_1_100
WP_158642090.1	0003_1_101
HAN9677774.1	0003_1_101
AXL96526.1	0003_1_101
NIM30849.1	0003_1_102
WP_058012910.1	0003_1_102
WP_221921379.1	0003_1_102
WP_097435281.1	0003_1_103
WP_105064350.1	0003_1_103
RZQ33479.1	0003_1_103
WP_086391195.1	0003_1_104
WP_223235463.1	0003_1_104
WP_210147559.1	0003_1_104
EAT8922683.1	0002_1_105
WP_201883775.1	0002_1_105
HBE4853105.1	0002_1_106
WP_096912745.1	0002_1_106
EEC8124655.1	0002_1_107
WP_224084700.1	0002_1_107
HAW0662410.1	0002_1_108
WP_059273982.1	0002_1_108
WP_162720964.1	0002_1_109
WP_217276912.1	0002_1_109
WP_115438839.1	0002_1_110
WP_145711270.1	0002_1_110
WP_001607661.1	0002_1_111
WP_064669448.1	0002_1_111
EFB7606573.1	0002_1_112
WP_187182267.1	0002_1_112
