WP_139102916.1	1
WP_200222840.1	1
WP_106516769.1	1
WP_204136790.1	1
WP_001572821.1	1
WP_052234704.1	1
WP_229044655.1	1
WP_048635580.1	1
WP_065519200.1	1
AHB32715.1	2
AHB32637.1	2
WP_105245009.1	2
WP_109591672.1	2
WP_193007504.1	2
WP_201604033.1	2
WP_180025383.1	2
WP_060490610.1	2
WP_197218336.1	2
WP_101206224.1	2
WP_144917748.1	2
WP_102092040.1	2
WP_163049471.1	2
WP_057759008.1	2
WP_168401718.1	2
WP_197100668.1	2
TCB46542.1	2
KGH46518.1	2
WP_207969361.1	2
WP_201555912.1	2
QIC62912.1	2
WP_180085977.1	2
WP_125825022.1	2
WP_101210808.1	2
WP_219299372.1	2
WP_171537823.1	2
WP_017401298.1	2
WP_087013699.1	2
WP_206339940.1	2
MBI0728529.1	2
MBC4371064.1	2
WP_180264690.1	2
WP_227514005.1	2
WP_131324271.1	2
WP_086398835.1	2
WP_168382153.1	2
WP_168384767.1	2
WP_161420062.1	2
EHU1307238.1	2
WP_021506308.1	2
WP_159336482.1	2
MCE0103418.1	2
WP_100907999.1	2
WP_072420695.1	2
WP_192482110.1	2
WP_113990956.1	2
MBD7808321.1	2
WP_180079750.1	2
HJA23836.1	3
HJA27547.1	3
WP_180304623.1	3
HJF86998.1	3
WP_102168459.1	3
ADJ41487.1	3
WP_041501471.1	3
WP_137611759.1	3
AFW04828.1	4
EAT8322350.1	4
EDZ3597582.1	4
WP_211887636.1	4
WP_152145049.1	4
WP_124740822.1	4
WP_006816206.1	4
WP_072667302.1	4
QXL75893.1	4
WP_089616544.1	4
EIN8589252.1	4
WP_181378456.1	4
WP_219344020.1	4
WP_141024855.1	4
WP_218077903.1	4
HAU3222088.1	4
HAN4380369.1	4
WP_179897472.1	4
WP_134802547.1	4
WP_112040216.1	4
EGJ3415085.1	4
WP_191227078.1	4
WP_171273537.1	4
WP_191239012.1	4
AAN23041.1	5
AAN23078.1	5
AAN23057.1	5
WP_050941563.1	5
WP_138775468.1	5
WP_226715542.1	5
WP_057636168.1	5
WP_057649559.1	5
WP_212584288.1	5
WP_219650035.1	5
WP_050085977.1	5
WP_019082574.1	5
WP_072622924.1	5
PJD96600.1	5
WP_018577593.1	5
WP_158617416.1	5
BAQ01843.1	6
WP_148731010.1	6
HAX1946036.1	6
EFF5633373.1	6
HBB8654719.1	6
WP_163358642.1	6
WP_071922060.1	6
WP_047023864.1	6
WP_223283095.1	6
HAU3088379.1	6
ECF4924930.1	6
NBK97499.1	6
EGM9064583.1	6
MTH47360.1	6
PSW69995.1	6
EBU8757150.1	6
WP_140367630.1	6
AAT85653.1	7
WP_150146757.1	7
WP_162896922.1	7
EGD0584816.1	7
HAX7112522.1	7
WP_174563351.1	7
WP_228340356.1	7
WP_063146256.1	7
WP_181593463.1	7
WP_194400639.1	7
WP_172912940.1	7
WP_223604415.1	7
WP_070076696.1	7
WP_205956578.1	7
WP_176019005.1	7
WP_064352351.1	7
WP_219343564.1	7
QNY06381.1	7
WP_033611462.1	8
WP_122217996.1	8
WP_003638211.1	8
CAI34254.1	9
CAI34177.1	9
CAI34198.1	9
CAI34217.1	9
CAI34236.1	9
CAI34388.1	9
VQJ42306.1	9
EMG32612.1	9
WP_204956359.1	9
WP_078846275.1	9
WP_221762777.1	9
RKV90743.1	9
WP_224218642.1	9
QBZ14104.1	9
VIU37569.1	9
ADI43263.1	10
ADC84238.1	10
EEW0749544.1	10
WP_097419337.1	10
WP_181818324.1	10
EEV9057955.1	10
ANK02212.1	10
EAB5456586.1	10
OOI26292.1	10
WP_059307571.1	10
WP_156654859.1	10
HAT2218579.1	10
BAQ00795.1	11
WP_170452761.1	11
WP_061405996.1	11
WP_099860922.1	11
WP_071522897.1	11
WP_059246418.1	11
WP_163883902.1	11
WP_139638916.1	11
WP_010906696.1	11
WP_005756390.1	11
WP_115299623.1	11
WP_077584019.1	11
WP_077543997.1	11
WP_107187151.1	11
WP_157403397.1	11
WP_077435790.1	11
WP_136124858.1	11
WP_077492946.1	11
WP_089691467.1	11
WP_047977566.1	11
WP_135094522.1	11
WP_176808882.1	11
WP_157393810.1	11
WP_046338337.1	11
WP_163135203.1	11
WP_111304661.1	11
WP_154610449.1	11
WP_116631340.1	11
WP_101775131.1	11
WP_123955884.1	11
WP_070713138.1	11
WP_077586001.1	11
HBO39117.1	11
WP_132022614.1	11
WP_005697633.1	11
WP_126471148.1	11
WP_111300191.1	11
WP_115249400.1	11
WP_064318861.1	11
WP_229509720.1	11
WP_226690781.1	11
WP_213386872.1	11
WP_077581680.1	11
WP_025266888.1	11
WP_194750776.1	11
WP_135056821.1	11
WP_077421628.1	11
WP_205765792.1	11
WP_111315567.1	11
WP_077498898.1	11
WP_197546764.1	11
MBS6669835.1	11
WP_077477651.1	11
MBF1243212.1	11
MBS7128483.1	11
MBF1233975.1	11
SEV80002.1	11
WP_054418906.1	11
WP_111401287.1	11
WP_077423648.1	11
WP_077495457.1	11
WP_007525403.1	11
WP_205769293.1	11
WP_005547286.1	11
WP_148346747.1	11
WP_005552755.1	11
WP_111294541.1	11
WP_126374421.1	11
WP_043995329.1	11
WP_005619750.1	11
MBF1250831.1	11
WP_006717858.1	11
MBF1245386.1	11
QEH45435.1	11
MBF1224411.1	11
WP_205764620.1	11
WP_205765060.1	11
WP_042802418.1	11
WP_083015183.1	11
WP_049367974.1	11
WP_012771594.1	11
WP_049380027.1	11
WP_176670244.1	11
WP_025248042.1	11
WP_176671600.1	11
WP_197569836.1	11
WP_112111249.1	11
WP_205771569.1	11
WP_109127870.1	11
WP_109858955.1	11
WP_021280093.1	11
VTX82799.1	11
WP_111305851.1	11
WP_154704579.1	11
WP_202937619.1	11
MBS6726893.1	11
WP_197544497.1	11
WP_025235507.1	11
WP_111312171.1	11
WP_005758935.1	11
WP_049370816.1	11
WP_197553660.1	11
WP_040216609.1	11
WP_075876038.1	11
MBS6009095.1	11
MBF1228307.1	11
WP_109427999.1	11
WP_226691233.1	11
WP_109065127.1	11
MBF1241668.1	11
WP_005707321.1	11
WP_049375059.1	11
WP_115003347.1	11
WP_064088618.1	11
WP_039196197.1	11
MBS5013393.1	11
WP_005820285.1	11
WP_014991053.1	11
WP_005624336.1	11
WP_100052013.1	11
WP_132500472.1	11
WP_005762249.1	11
WP_021111743.1	11
EQA12092.1	11
WP_160405210.1	11
WP_153985814.1	11
EPZ98696.1	11
WP_218219167.1	11
ABE98437.1	12
ABI98986.1	12
ABU80601.1	12
AGK55733.1	12
EFC9767759.1	12
WP_225304020.1	12
BBM62823.1	12
WP_052201295.1	12
WP_089645086.1	12
WP_154826027.1	12
QEP40525.1	12
OKZ17413.1	12
WP_147331724.1	12
WP_167351909.1	12
WP_143959153.1	12
WP_110168226.1	12
WP_140333028.1	12
WP_199959343.1	12
WP_069366863.1	12
ODY15942.1	12
WP_215044871.1	12
WP_151812956.1	12
WP_199946684.1	12
MBE4243270.1	12
WP_129618856.1	12
CAA43912.1	13
WP_001529369.1	13
WP_000936592.1	13
WP_000936591.1	13
ACF64132.1	13
WP_000936589.1	13
WP_051644042.1	13
EWG75760.1	13
MCE1396626.1	13
WP_140040476.1	13
EAM8977424.1	13
EAA5205584.1	13
WP_076737178.1	13
ECX0430518.1	13
EHR4278856.1	13
WP_119504162.1	13
ECG8607587.1	13
CNU37074.1	13
WP_225761310.1	13
ACH97162.1	14
VEB76576.1	14
WP_000639299.1	14
WP_201488134.1	14
WP_149335172.1	14
MBD2820339.1	14
EAX1602471.1	14
SFT69541.1	14
EEJ4373330.1	14
EBI0040023.1	14
SUC15933.1	14
WP_015461223.1	15
WP_128574006.1	15
PJE89562.1	15
WP_154637103.1	15
WP_196123549.1	15
ACF61556.1	16
ACF69242.1	16
WP_000055605.1	16
ACF89798.1	16
ACH73921.1	16
ACH50550.1	16
CAS11643.1	16
CAR10598.2	16
BAI33073.1	16
ADT77417.1	16
WP_130590107.1	16
WP_006816621.1	16
WP_047782379.1	16
WP_123350492.1	16
WP_159567402.1	16
MBV4369192.1	16
AGB80229.1	16
WP_159776736.1	16
WP_159466150.1	16
WP_149464872.1	16
WP_189624488.1	16
NDJ55457.1	16
WP_130833146.1	16
WP_106929836.1	16
WP_062777376.1	16
WP_222889099.1	16
WP_049858392.1	16
WP_065357483.1	16
WP_108476918.1	16
MCE0491664.1	16
WP_064738167.1	16
WP_193406279.1	16
WP_158784325.1	16
WP_135910461.1	16
WP_054180995.1	16
WP_061283903.1	16
WP_058691756.1	16
WP_149121123.1	16
WP_021183785.1	16
WP_072550400.1	16
WP_165466376.1	16
WP_161669838.1	16
WP_017459722.1	16
KAB2517113.1	16
WP_193016947.1	16
WP_013099270.1	16
WP_206404784.1	16
WP_159338533.1	16
WP_038207798.1	16
WP_047731275.1	16
WP_166540252.1	16
WP_097401967.1	16
WP_126514698.1	16
WP_036939573.1	16
MBG2712419.1	16
WP_031375049.1	16
WP_061706571.1	16
WP_042714906.1	16
WP_049839519.1	16
WP_217188706.1	16
WP_099076341.1	16
WP_048275891.1	16
MXP49844.1	16
WP_165121876.1	16
WP_108702222.1	16
WP_148737622.1	16
WP_207120031.1	16
WP_119936330.1	16
WP_034492214.1	16
WP_182235553.1	16
WP_049033577.1	16
MBD2811743.1	16
WP_112012634.1	16
WP_154775903.1	16
WP_165458969.1	16
WP_023479569.1	16
WP_101763765.1	16
MBG6029054.1	16
WP_047254900.1	16
WP_118984699.1	16
MBQ0692395.1	16
WP_039381732.1	16
SFF24138.1	16
WP_140182123.1	16
WP_202307627.1	16
WP_179452829.1	16
WP_131412648.1	16
WP_016538979.1	16
MBT1795760.1	16
HAU5566106.1	16
WP_120158933.1	16
WP_153985700.1	16
WP_088262969.1	16
WP_058958101.1	16
WP_200574231.1	16
WP_214053949.1	16
WP_142487525.1	16
WP_099124150.1	16
WP_064327914.1	16
WP_228859110.1	16
WP_159126033.1	16
WP_131050028.1	16
WP_013368182.1	16
WP_137273457.1	16
WP_038476914.1	16
WP_112877300.1	16
WP_065388983.1	16
WP_097164554.1	16
WP_147734145.1	16
WP_214087076.1	16
WP_099109313.1	16
WP_159872539.1	16
WP_048254826.1	16
WP_020456006.1	16
WP_049593745.1	16
VTN07949.1	16
WP_104949890.1	16
WP_115065029.1	16
WP_129039055.1	16
AXF77857.1	16
WP_100159754.1	16
WP_148421642.1	16
WP_109395458.1	16
WP_200681144.1	16
WP_207906504.1	16
WP_223535282.1	16
WP_038248500.1	16
WP_032644806.1	16
WP_113024808.1	16
WP_187800561.1	16
WP_166995859.1	16
WP_085006393.1	16
WP_161706225.1	16
WP_126331064.1	16
MBM6608576.1	16
WP_187513416.1	16
WP_152082681.1	16
MBD2814366.1	16
WP_103825323.1	16
WP_099119944.1	16
WP_092878711.1	16
WP_167423728.1	16
WP_133523143.1	16
WP_105398537.1	16
WP_064561603.1	16
WP_028725431.1	16
WP_126358031.1	16
WP_187486611.1	16
RTY54835.1	16
WP_169723656.1	16
WP_095283898.1	16
WP_079517127.1	16
WP_039299259.1	16
WP_045783648.1	16
CEE90143.1	16
HCW97598.1	16
HBH69547.1	16
WP_078004072.1	16
ADD75324.1	16
WP_181621412.1	16
WP_036839290.1	16
HBH7053016.1	16
WP_033754568.1	16
WP_129955214.1	16
WP_141416519.1	16
WP_038214029.1	16
WP_017800649.1	16
WP_166708803.1	16
WP_139563818.1	16
WP_154148074.1	16
WP_127833525.1	16
WP_154624228.1	16
MCE0814661.1	16
WP_200547535.1	16
WP_132347385.1	16
WP_038268499.1	16
WP_038400664.1	16
MRS92234.1	16
WP_085542200.1	16
WP_130588091.1	16
WP_154754477.1	16
WP_208713572.1	16
NWA45370.1	16
WP_162122207.1	16
WP_106995941.1	16
WP_200223338.1	16
WP_067422821.1	16
KLO03543.1	16
WP_090465544.1	16
EIG4848129.1	16
WP_167614800.1	16
WP_028018201.1	16
VTT27779.1	16
WP_095105155.1	16
WP_122096511.1	16
CCK04797.1	16
WP_064568881.1	16
WP_139537364.1	16
WP_131635700.1	16
CCP05273.1	16
WP_023331580.1	16
WP_110276880.1	16
WP_015674280.1	16
WP_008914057.1	16
WP_182268683.1	16
WP_092508507.1	16
WP_095452465.1	16
KGB07671.1	16
WP_015960954.1	16
MBK4715001.1	16
WP_120066165.1	16
WP_183172333.1	16
WP_115460107.1	16
WP_123758120.1	16
WP_174343832.1	16
WP_009111035.1	16
WP_130042714.1	16
WP_063877892.1	16
WP_031523759.1	16
WP_101079458.1	16
AMX07670.1	16
WP_109054845.1	16
WP_127378491.1	16
WP_090126612.1	16
WP_059311525.1	16
WP_223580737.1	16
WP_224257347.1	16
NUU68743.1	16
WP_034948584.1	16
MBG2785908.1	16
WP_181893785.1	16
WP_124326441.1	16
WP_199378639.1	16
WP_172908505.1	16
WP_126125264.1	16
WP_179899010.1	16
BAN96833.1	16
WP_195619935.1	16
WP_025904156.1	16
WP_047766317.1	16
WP_004127421.1	16
WP_092516713.1	16
WP_113626913.1	16
WP_152400933.1	16
WP_197950250.1	16
WP_105739845.1	16
WP_015344130.1	16
WP_039498150.1	16
WP_021117394.1	16
KDD78543.1	16
WP_160413175.1	16
WP_021113794.1	16
WP_052903249.1	16
WP_120134459.1	16
WP_135314667.1	16
WP_061808159.1	16
MBS1204781.1	16
WP_039329212.1	16
WP_211935026.1	16
WP_045909235.1	16
WP_187321905.1	16
WP_011095672.1	16
WP_014701795.1	16
WP_049599156.1	16
WP_209637822.1	16
WP_129936267.1	16
WP_226307961.1	16
WP_004154923.1	16
WP_032114333.1	16
WP_112290312.1	16
WP_213135352.1	16
WP_135493180.1	16
WP_050556253.1	16
WP_120509241.1	16
WP_168641795.1	16
TNH04542.1	16
WP_088278162.1	16
WP_123337806.1	16
QDI11791.1	16
WP_105680548.1	16
WP_153858693.1	16
WP_194431257.1	16
WP_195314428.1	16
WP_026822651.1	16
WP_205539680.1	16
WP_197050927.1	16
WP_072931285.1	16
WP_193851617.1	16
WP_130640548.1	16
WP_080330366.1	16
WP_002437976.1	16
WP_137764670.1	16
WP_064530535.1	16
MBH2920973.1	16
WP_205552043.1	16
WP_090136049.1	16
WP_039305243.1	16
WP_069317285.1	16
WP_139883141.1	16
WP_129109369.1	16
WP_026313250.1	16
WP_005969152.1	16
EFN6914147.1	16
WP_224718030.1	16
MBJ3560635.1	16
WP_196082355.1	16
WP_085115773.1	16
WP_154747370.1	16
WP_176252081.1	16
WP_068439750.1	16
WP_226312891.1	16
WP_049600781.1	16
WP_225086116.1	16
WP_223691675.1	16
WP_154599723.1	16
EFQ0059195.1	16
WP_188475122.1	16
KAE9536243.1	16
WP_205953783.1	16
WP_094107823.1	16
WP_130017536.1	16
KDB47380.1	16
WP_129708833.1	16
AFG42740.1	16
WP_047709225.1	16
WP_180787077.1	16
WP_019452553.1	16
WP_137714898.1	16
WP_187653196.1	16
WP_200001701.1	16
WP_180817206.1	16
WP_160442055.1	16
WP_039363226.1	16
WP_189759395.1	16
WP_051434129.1	16
WP_164954738.1	16
WP_021114771.1	16
WP_180761479.1	16
WP_007704340.1	16
WP_199636446.1	16
WP_049209218.1	16
WP_073533195.1	16
EEW1291468.1	16
WP_042526468.1	16
WP_193401971.1	16
WP_026743718.1	16
WP_175572846.1	16
WP_012907930.1	16
WP_135408342.1	16
WP_194565075.1	16
QDI45742.1	16
WP_050288714.1	16
WP_095835336.1	16
WP_050569511.1	16
WP_127959510.1	16
KDB44663.1	16
MBD2800632.1	16
MWQ07953.1	16
WP_137361405.1	16
WP_126180519.1	16
WP_039055064.1	16
WP_157403593.1	16
WP_042547218.1	16
CDS56727.1	16
WP_032815346.1	16
WP_020824759.1	16
MBJ3593798.1	16
OAQ13713.1	16
WP_141177656.1	16
WP_015939601.1	16
WP_101826649.1	16
WP_115601243.1	16
WP_218523031.1	16
WP_160436964.1	16
WP_212585890.1	16
WP_038015439.1	16
WP_197653127.1	16
WP_113866050.1	16
WP_125260974.1	16
WP_021013515.1	16
WP_188724471.1	16
WP_181637383.1	16
WP_166184776.1	16
EGT3575702.1	16
WP_198089401.1	16
WP_019213149.1	16
WP_181503097.1	16
WP_101817249.1	16
WP_012846991.1	16
WP_042861457.1	16
WP_094101268.1	16
WP_006658200.1	16
WP_074022745.1	16
WP_176443857.1	16
EGB64662.1	16
WP_115187974.1	16
WP_050143424.1	16
WP_185181426.1	16
WP_077245381.1	16
WP_015431779.1	16
WP_000055117.1	16
WP_032911355.1	16
WP_026739290.1	16
WP_103780518.1	16
WP_200013142.1	16
WP_070715658.1	16
WP_145510135.1	16
WP_001705569.1	16
WP_145493474.1	16
EFK3197884.1	16
AMO51170.1	16
WP_085652168.1	16
WP_083161886.1	16
WP_226052056.1	16
WP_044327611.1	16
EIH7423465.1	16
MBP6083001.1	16
WP_012767949.1	16
WP_027710643.1	16
WP_061075776.1	16
WP_079935198.1	16
WP_084982258.1	16
CAB3270026.1	16
WP_200093339.1	16
WP_039854996.1	16
WP_150437115.1	16
WP_145511597.1	16
WP_046450404.1	16
QYM98131.1	16
EEG0132386.1	16
WP_087818911.1	16
WP_135344757.1	16
EFJ3256238.1	16
WP_032908779.1	16
WP_079773598.1	16
MBA3112788.1	16
WP_132456480.1	16
WP_210193527.1	16
WP_200025808.1	16
WP_036115444.1	16
WP_061553066.1	16
WP_210175200.1	16
WP_023185205.1	16
WP_226068092.1	16
TNG91876.1	16
WP_013319850.1	16
WP_171804277.1	16
WP_024551628.1	16
WP_045049788.1	16
WP_017345728.1	16
WP_130987539.1	16
EBA9359467.1	16
WP_078237534.1	16
WP_216284162.1	16
KDS03574.1	16
EAR9310774.1	16
WP_194212828.1	16
EEC0833043.1	16
WP_024110292.1	16
WP_145055601.1	16
WP_132923818.1	16
WP_012763851.1	16
WP_221865766.1	16
ECG8512660.1	16
EAZ2932103.1	16
WP_198447881.1	16
WP_226092826.1	16
WP_110371798.1	16
WP_012886492.1	16
VXC45129.1	16
WP_168361241.1	16
EFA48078.1	16
MBG6242700.1	16
EAA7244786.1	16
WP_071432571.1	16
WP_039692797.1	16
WP_225820877.1	16
WP_064596876.1	16
WP_066597501.1	16
WP_169405391.1	16
WP_016942869.1	16
WP_208790016.1	16
CNU17804.1	16
WP_227953886.1	16
WP_037400977.1	16
WP_064082387.1	16
WP_205438975.1	16
WP_107760658.1	16
WP_212409480.1	16
WP_166733845.1	16
WP_025119012.1	16
AAP96583.1	16
CCJ95040.1	16
WP_222158881.1	16
WP_024484177.1	16
WP_111749808.1	16
WP_135056216.1	16
QIM63804.1	16
WP_099823054.1	16
EHC43611.1	16
WP_005608909.1	16
WP_005613094.1	16
WP_009874557.1	16
CRK85745.1	16
WP_229583610.1	16
WP_138317707.1	16
WP_176671795.1	16
WP_025218134.1	16
WP_178219271.1	16
WP_188157335.1	16
WP_226318093.1	16
WP_042801688.1	16
CAI32823.1	17
CAI32843.1	17
CAI33700.1	17
CAI33631.1	17
AAL82786.1	17
AGV15562.1	17
WP_050231747.1	17
VJK41440.1	17
WP_050259364.1	17
WP_118552738.1	17
WP_217813338.1	17
WP_110074496.1	17
WP_015392664.1	17
PWM98997.1	17
GFI59156.1	17
WP_152704185.1	17
MCD8237980.1	17
HIS89155.1	17
WP_142410957.1	17
WP_153704326.1	17
WP_074871561.1	17
WP_229304178.1	17
MBR5317391.1	17
WP_137663709.1	17
WP_224289170.1	17
WP_077325704.1	17
WP_010779746.1	17
WP_161169319.1	17
WP_061384080.1	17
WP_016441275.1	17
MBS5763303.1	17
WP_216458872.1	17
VNC99741.1	17
EHE61561.1	17
VOS41126.1	17
WP_113860531.1	17
VSB76654.1	17
WP_129739268.1	17
CMX58981.1	17
WP_199574959.1	17
WP_172980634.1	17
WP_044693603.1	17
MBS8088733.1	17
MBP3198577.1	17
EHD48111.1	17
WP_208965390.1	17
NQK45294.1	17
NQI73492.1	17
WP_144356771.1	17
WP_013851745.1	17
CAI34080.1	18
CAI34348.1	18
CAI34286.1	18
CAI34310.1	18
CAI34328.1	18
CAI34519.1	18
CAI34657.1	18
WP_058621698.1	18
MBE6924328.1	18
ENZ13517.1	18
NQN92292.1	18
WP_018369774.1	18
WP_125389915.1	18
MCD7750519.1	18
MBO6164910.1	18
MCD7835382.1	18
WP_050230461.1	18
WP_102189987.1	18
WP_031553352.1	18
WP_195567330.1	18
WP_084953394.1	18
WP_059086088.1	18
MBQ7344990.1	18
WP_050147838.1	18
WP_050218691.1	18
WP_002998013.1	18
WP_019788260.1	18
WP_096408311.1	18
MBR3244094.1	18
WP_179923799.1	18
WP_000780144.1	18
KXB58382.1	18
WP_165329393.1	18
MBD8966718.1	18
WP_195956714.1	18
WP_006152879.1	18
MBO4878554.1	18
ETJ08071.1	18
WP_000023099.1	18
WP_131200368.1	18
WP_154575993.1	18
WP_049536766.1	18
WP_084947228.1	18
MBR4163497.1	18
NQG19797.1	18
WP_138022376.1	18
WP_125430622.1	18
WP_068811526.1	18
WP_069152840.1	18
CAC82946.1	18
WP_154458372.1	18
WP_018374869.1	18
HBB60573.1	18
TGY59694.1	18
WP_158454372.1	18
WP_139459897.1	19
WP_182322953.1	19
WP_130909445.1	19
EFP96987.1	19
WP_042728068.1	19
WP_150742539.1	19
WP_207281354.1	19
WP_095471692.1	19
WP_059182378.1	19
WP_198823161.1	19
AHB32563.2	20
WP_032023143.1	20
WP_151790100.1	20
WP_136700095.1	20
WP_171548623.1	20
WP_171339084.1	20
WP_104158433.1	20
AXQ23909.1	20
WP_087737208.1	20
BAN89283.1	20
WP_145980621.1	20
WP_168541942.1	20
AGM38753.1	20
WP_180047145.1	20
WP_042868666.1	21
WP_223929978.1	21
WP_095994077.1	21
CAI34369.1	22
WP_142559398.1	22
WP_214262767.1	22
WP_221160437.1	22
WP_000724385.1	22
WP_045613605.1	22
WP_223340012.1	22
WP_057490930.1	22
WP_225750041.1	22
WP_067062316.1	22
WP_007555917.1	22
MBS4897966.1	22
WP_201087984.1	22
WP_117744806.1	22
WP_118096132.1	22
MBS5357612.1	22
WP_195214229.1	22
WP_118227752.1	22
WP_201037431.1	22
MBS5220555.1	22
WP_078352566.1	22
RHE63007.1	22
WP_060976477.1	22
WP_125356415.1	22
WP_023027368.1	22
EFQ55901.1	22
WP_179925580.1	22
WP_125457431.1	22
WP_080612042.1	22
WP_023946619.1	22
WP_049551051.1	22
WP_070535890.1	22
WP_049476456.1	22
WP_180833768.1	22
AAN64568.1	22
WP_125373053.1	22
WP_061852905.1	22
WP_084917697.1	22
WP_084939330.1	22
WP_000912322.1	22
WP_008809945.1	22
WP_049489803.1	22
WP_084849937.1	22
WP_049484907.1	22
WP_000915514.1	22
WP_070888923.1	22
WP_002905539.1	22
WP_003092555.1	22
MBS5425265.1	22
WP_045504608.1	22
MBS5754277.1	22
WP_037600576.1	22
WP_049506873.1	22
WP_021151916.1	22
WP_195917966.1	22
WP_195969014.1	22
MBS5354564.1	22
AHB32215.1	23
AHB32861.1	23
AHB32799.1	23
WP_106440176.1	23
HAV5950902.1	23
WP_200461111.1	23
WP_049081426.1	23
WP_067551204.1	23
WP_171536897.1	23
WP_208753426.1	23
WP_171541174.1	23
WP_199935042.1	23
WP_114182671.1	23
WP_125523459.1	23
WP_209767113.1	23
WP_004723499.1	23
WP_180134905.1	23
WP_150378230.1	23
WP_110091477.1	23
WP_187652516.1	23
WP_203084547.1	23
WP_120368242.1	23
WP_105977053.1	23
WP_180047757.1	23
WP_039194764.1	23
WP_017044350.1	23
WP_171269884.1	23
WP_199355634.1	23
WP_124743340.1	23
WP_109880524.1	23
WP_197050931.1	23
WP_196727569.1	23
EIJ0935517.1	23
WP_169334418.1	23
WP_106511899.1	23
WP_148532585.1	23
WP_129384724.1	23
WP_067725738.1	23
EGR2427770.1	23
MBA3895737.1	23
WP_142626892.1	23
WP_085217757.1	23
WP_199354907.1	23
WP_132598473.1	23
MBA3511518.1	23
WP_099798041.1	23
WP_166094094.1	23
OGS68171.1	23
WP_169116372.1	23
WP_114227905.1	23
WP_168069718.1	23
WP_056056224.1	23
WP_213983256.1	23
MBV9528573.1	23
WP_222990728.1	23
HEL33731.1	23
WP_084201516.1	23
WP_222576243.1	23
WP_228735898.1	23
WP_080768584.1	23
KQN22945.1	23
HIP01433.1	23
WP_123658760.1	23
WP_133735510.1	23
WP_133481130.1	23
MBC7619230.1	23
WP_078461942.1	23
WP_161351960.1	23
OYZ24138.1	23
MAL96507.1	23
QLQ25647.1	23
HIP21003.1	23
MBN9220966.1	23
KPP97782.1	23
NML86954.1	23
TQV62357.1	23
PZQ18726.1	23
WP_078456283.1	23
WP_183382077.1	23
WP_031212253.1	23
KQN07402.1	23
WP_098423599.1	23
WP_128455948.1	23
WP_159726016.1	23
KIM05112.1	23
WP_159077557.1	23
MBT6671684.1	23
MBM7333642.1	23
WP_216059302.1	23
WP_082468241.1	23
WP_193678545.1	23
WP_010185649.1	23
WP_022987666.1	23
WP_027715123.1	23
WP_079553336.1	23
MCD9097670.1	23
WP_220226900.1	23
NCC32271.1	23
SDP62483.1	23
KIM05111.1	23
WP_090193267.1	23
RZL04476.1	23
WP_089031743.1	23
WP_159431089.1	23
WP_163044643.1	23
WP_211252259.1	23
WP_092407806.1	23
WP_198030641.1	23
WP_199391511.1	23
WP_198095099.1	23
WP_048016887.1	23
WP_154296859.1	23
HIK23550.1	23
NQW40276.1	23
WP_047136586.1	23
MAS39832.1	23
WP_215326382.1	23
MBM22938.1	23
WP_162349284.1	23
WP_118857369.1	23
MAT67810.1	23
WP_186524375.1	23
NWF39485.1	23
WP_208631474.1	23
PWB95608.1	23
MBT7557041.1	23
HCK04268.1	23
WP_192976317.1	23
WP_187503084.1	23
WP_147122214.1	23
MCC6274529.1	23
RZJ19600.1	23
WP_037501122.1	23
MBW3617031.1	23
AFN02899.1	24
MBO7127389.1	24
WP_193534552.1	24
WP_193470477.1	24
WP_225986167.1	24
WP_082460706.1	24
EFX8633719.1	24
MCB9256182.1	24
MCB9227363.1	24
MBO4699207.1	24
WP_183184109.1	24
WP_166243293.1	24
WP_101549325.1	24
WP_108437870.1	24
MBS5413081.1	24
WP_027409263.1	24
MCD6566083.1	24
TXH71870.1	24
SHG15803.1	24
WP_179991433.1	24
WP_165877102.1	24
WP_163863364.1	24
MCD8423126.1	24
WP_130275587.1	24
WP_217741753.1	24
WP_147349917.1	24
WP_141616459.1	24
OTT99886.1	24
WP_153301260.1	24
WP_193442916.1	24
WP_096226138.1	24
GAC10541.1	24
WP_020753692.1	24
WP_033026343.1	24
WP_033014909.1	24
WP_055358240.1	24
WP_013524677.1	24
WP_100659360.1	24
WP_106064755.1	24
WP_047758301.1	24
WP_033022530.1	24
WP_185772024.1	24
WP_205179236.1	24
MCA2962002.1	24
VTQ92728.1	24
SIN78826.1	24
NIG52086.1	24
WP_197264338.1	24
ABI98976.1	25
WP_046788607.1	25
WP_000456161.1	25
WP_045338351.1	25
WP_181666584.1	25
WP_149540368.1	25
EFI3676002.1	25
WP_210599843.1	25
AHB32666.1	26
AHB32888.2	26
WP_191016112.1	26
WP_032067856.1	26
WP_221255378.1	26
WP_151741735.1	26
WP_205667377.1	26
WP_151795245.1	26
WP_104504119.1	26
WP_138155551.1	26
WP_042009273.1	26
WP_212899018.1	26
WP_098714362.1	26
WP_015781963.1	26
WP_212259750.1	26
PAR82598.1	26
WP_202733462.1	26
WP_202040477.1	26
WP_095909418.1	26
WP_065709043.1	26
WP_002674248.1	26
WP_086267389.1	26
ALU43240.1	26
WP_018122467.1	26
ABF01010.1	27
ACK44379.1	27
WP_126324382.1	27
HAH3340906.1	27
WP_155053602.1	27
WP_214222661.1	27
SAK39322.1	27
WP_175895766.1	27
CAI34498.1	28
CAI34475.1	28
WP_219589636.1	28
ACH97132.1	29
ACH97143.1	29
ABE98413.1	29
WP_032208172.1	29
MBV8502044.1	30
WP_169880069.1	30
OCJ75870.1	30
WP_169389635.1	30
WP_200107393.1	30
KXJ53070.1	30
WP_075163506.1	30
WP_147347886.1	30
WP_195375469.1	30
CAI33983.1	31
CAI33966.2	31
CAI34407.1	31
WP_050220594.1	31
VRV52792.1	31
MBS6818805.1	31
WP_118359558.1	31
AGS58343.1	31
WP_105118341.1	31
WP_169361581.1	31
AAM27560.1	32
AAM27711.1	32
UFH48250.1	32
RPP47857.1	32
WP_186009766.1	32
WP_192828723.1	32
WP_154745360.1	32
WP_055136846.1	32
WP_198864114.1	32
WP_174142560.1	32
WP_169199804.1	32
WP_208134250.1	32
WP_131592657.1	32
WP_104670081.1	32
WP_008022995.1	32
WP_152117937.1	32
WP_046041222.1	32
TXH59276.1	32
WP_122543226.1	32
WP_092414598.1	32
WP_090143106.1	32
WP_148169455.1	32
WP_224788146.1	32
NCQ11007.1	32
MBX3705066.1	32
MBB4988112.1	32
WP_082446592.1	32
WP_130027507.1	32
WP_124345257.1	32
OLB91251.1	32
WP_214496379.1	32
WP_187516328.1	32
WP_137923182.1	32
WP_098495516.1	32
WP_096611936.1	32
WP_040474561.1	33
WP_114477655.1	33
WP_084227654.1	33
WP_057665170.1	33
HCT41976.1	33
AFC91472.1	34
AFC91514.1	34
AAO39700.1	34
AFC91570.1	34
AAR97964.1	34
TYA02932.1	34
WP_148516510.1	34
WP_075174702.1	34
WP_111885524.1	34
WP_133295826.1	34
WP_182927545.1	34
WP_180181024.1	34
MBR9870835.1	34
WP_180501315.1	34
QZD32928.1	34
WP_139204982.1	34
WP_054895408.1	34
QNF23742.1	34
WP_114212770.1	34
AAC45844.1	35
HBK0715647.1	35
WP_032184514.1	35
HBC6617981.1	35
WP_174576022.1	35
WP_053882184.1	35
EII1532205.1	35
MBS4399950.1	35
WP_117343289.1	35
WP_172807020.1	35
WP_202951928.1	35
MBE3514346.1	35
WP_204161416.1	35
MBK4237259.1	35
HAV1786723.1	35
WP_203463510.1	35
WP_159403326.1	35
WP_203464920.1	35
WP_115625701.1	35
CAI33817.1	36
WP_230341227.1	36
WP_115255088.1	36
WP_001222819.1	36
MBR7000834.1	36
WP_174178474.1	36
WP_142039453.1	36
WP_146072924.1	36
WP_132008325.1	36
MCD5341119.1	36
WP_223253045.1	36
WP_071303441.1	36
WP_123955526.1	36
WP_156162334.1	36
MBN9216259.1	36
MBI2566708.1	36
BAQ01675.1	37
WP_097332060.1	37
WP_112032556.1	37
WP_021555519.1	37
WP_221716884.1	37
WP_121528001.1	37
WP_126815147.1	37
WP_103677068.1	37
OXU41230.1	37
WP_159082270.1	37
WP_176140441.1	37
WP_038420104.1	37
WP_103674172.1	37
WP_086528087.1	37
OHY38570.1	38
WP_111406757.1	38
WP_039088696.1	38
WP_196247729.1	38
WP_033569310.1	39
WP_022632779.1	39
WP_226054114.1	39
WP_038660615.1	39
WP_100849180.1	39
WP_143839001.1	39
SWW34776.1	39
WP_153245114.1	39
WP_148675691.1	39
WP_227469884.1	39
WP_168364095.1	39
WP_228671254.1	39
EHS95555.1	39
WP_203559539.1	39
WP_116953703.1	39
VGG26398.1	39
SSI60540.1	39
BAQ01024.1	40
BAQ00622.1	40
AQU71752.1	40
AFW04883.1	40
WP_063927837.1	40
WP_089723541.1	40
WP_194846265.1	40
WP_180556034.1	40
WP_104920314.1	40
CAD6048725.1	40
WP_033870522.1	40
WP_160523648.1	40
EGQ5166340.1	40
EAA8875199.1	40
WP_220758286.1	40
WP_182293311.1	40
WP_112164390.1	40
WP_061355856.1	40
WP_105282781.1	40
WP_217149407.1	40
PKB90879.1	40
WP_033740460.1	40
WP_138211467.1	40
WP_112022321.1	40
WP_001702373.1	40
WP_105278937.1	40
AHB32411.1	41
WP_110974445.1	41
WP_151813787.1	41
WP_201686691.1	41
WP_016722087.1	41
WP_138928581.1	41
WP_144035963.1	41
WP_214228854.1	41
WP_211903587.1	41
AXW62273.1	41
WP_197330552.1	41
WP_144614985.1	41
WP_085411221.1	41
WP_039568335.1	41
WP_098251621.1	41
CCH02966.1	41
WP_003261233.1	41
WP_100991484.1	41
ABK14751.1	41
RTR36406.1	41
MBS1543770.1	41
WP_130001416.1	41
WP_066315189.1	41
WP_147515663.1	41
WP_194603525.1	41
MBD1364359.1	41
WP_129747938.1	41
BAZ10903.1	41
WP_119906732.1	41
WP_137262131.1	41
WP_219076819.1	41
WP_121328863.1	41
WP_227092401.1	41
WP_073121390.1	41
WP_133576014.1	41
WP_092650100.1	41
WP_200067659.1	41
WP_157455803.1	41
WP_044339933.1	41
WP_217000147.1	41
VXA96077.1	41
WP_144916889.1	41
NLN30456.1	41
WP_157564983.1	41
WP_160674330.1	41
NMW22219.1	41
WP_144803716.1	41
MCC4312986.1	41
WP_224626522.1	41
CAI34008.1	42
NFG65041.1	42
WP_086355853.1	42
WP_191685109.1	42
WP_005823552.1	42
WP_041691659.1	42
WP_055265026.1	42
WP_089746442.1	42
NHL95152.1	42
OKZ63218.1	42
WP_061830633.1	42
WP_118741802.1	42
SCJ71229.1	42
OUN47551.1	42
WP_117530072.1	42
BAQ01386.1	43
EHN7415104.1	43
WP_205923602.1	43
WP_223398951.1	43
CAD19991.1	44
WP_000864940.1	44
ADT75640.1	44
AFW04706.1	44
WP_139386603.1	44
EHQ5249121.1	44
AER84924.1	44
EGN4056519.1	44
MBJ5955714.1	44
ECD9549392.1	44
WP_174330798.1	44
WP_137347025.1	44
WP_210904601.1	44
EGT0678982.1	44
MBJ3591050.1	44
WP_213734892.1	44
WP_000905563.1	45
AAO68867.1	45
AAV77445.1	45
ACF69726.1	45
CAR59582.1	45
ACH74809.1	45
CAR37642.1	45
AAL20257.1	45
EBX0276353.1	45
EHC6920882.1	45
EEY3114156.1	45
WP_186694933.1	45
EAN4376372.1	45
EBV3278232.1	45
WP_070146539.1	45
EHC5321314.1	45
WP_079797414.1	45
MBA3175508.1	45
EAA4448982.1	45
EDH5630367.1	45
WP_180862528.1	45
EHD7611672.1	45
WP_100662758.1	45
WP_200085389.1	45
MBJ9340695.1	45
EGT0499252.1	45
MBX9813261.1	45
WP_036233883.1	45
PYX48738.1	45
WP_051623239.1	45
WP_200010230.1	45
HCM56898.1	45
EBZ6047933.1	45
WP_156368601.1	45
WP_012680456.1	45
WP_141396571.1	45
WP_094790505.1	45
MBS1204988.1	45
WP_139176340.1	45
PYX76274.1	45
MBZ5685914.1	45
WP_147647580.1	45
WP_103933438.1	45
WP_147083299.1	45
WP_157013824.1	46
ERT10627.1	46
MBS9432257.1	46
WP_134984316.1	46
AHB32490.1	47
MBK5975630.1	47
WP_154321199.1	47
WP_212279849.1	47
WP_020442907.1	47
OSY54940.1	47
WP_004843709.1	47
WP_171545848.1	47
WP_005277833.1	47
WP_124794099.1	47
WP_210852756.1	48
WP_036942525.1	48
WP_198305536.1	48
WP_000262677.1	48
WP_171373101.1	48
WP_201956850.1	48
WP_201997415.1	48
WP_196719869.1	48
NHB92021.1	48
WP_162814004.1	48
ACD37138.1	49
ACD37146.1	49
ACD37105.1	49
HAV8101419.1	49
EHN6141462.1	49
WP_096972367.1	49
WP_023308088.1	49
WP_059228967.1	49
WP_225586566.1	49
WP_213314192.1	49
WP_226311469.1	49
ACA24764.1	50
ACA24754.1	50
WP_144213716.1	50
RZY20022.1	50
PHU85953.1	50
EFW6953355.1	50
WP_172767510.1	50
WP_138555850.1	50
WP_157052984.1	50
PQQ42963.1	50
OYQ72531.1	50
WP_220068480.1	50
MBE4101482.1	50
ADC54974.1	51
HBA4961563.1	51
EHB3785347.1	51
EBR2489397.1	51
EAA9290322.1	51
EAA9318623.1	51
CAI34099.1	52
WP_050208692.1	52
WP_208562073.1	52
CAI32705.1	53
WP_000672721.1	53
MBP3917179.1	53
WP_202321439.1	53
WP_206214675.1	53
WP_222704893.1	53
RKI99687.1	53
WP_083787581.1	53
MBD8958323.1	53
BAQ01361.1	54
CAS09721.1	54
AAR90892.1	54
WP_000983273.1	54
HAW7455953.1	54
EHG6208956.1	54
WP_111465387.1	54
WP_121540208.1	54
WP_001206792.1	54
WP_218265335.1	54
EIM7627316.1	54
ECG8592086.1	54
EAX6843836.1	54
HAU6789150.1	54
EEO4508470.1	54
VEB45882.1	54
WP_001583055.1	54
WP_160882407.1	54
CAI33105.1	55
CAI33048.1	55
CAI34733.1	55
CAI33084.1	55
CAI34436.1	55
WP_050119686.1	55
WP_061388839.1	55
CIV98579.1	55
WP_125839089.1	55
WP_061415461.1	55
EJG84104.1	55
WP_080981092.1	55
WP_195227595.1	55
WP_102210927.1	55
WP_215770075.1	55
NQJ72111.1	55
WP_179941313.1	55
WP_027131060.1	55
WP_223329919.1	55
WP_084928823.1	55
WP_203180356.1	55
WP_225204125.1	55
WP_216842914.1	55
WP_049523283.1	55
CAI34587.1	56
WP_050243748.1	56
WP_000622250.1	56
WP_061088405.1	56
RKV63492.1	56
WP_000622251.1	56
WP_105139274.1	56
WP_125071267.1	56
AAA97573.1	57
AAC45857.1	57
AAM27728.1	57
AAM27801.1	57
AAM27662.1	57
AAM27693.1	57
AAM27748.1	57
WP_144244127.1	57
WP_166674225.1	57
WP_177328444.1	57
WP_003124381.1	57
WP_023125575.1	57
WP_073649884.1	57
WP_193378653.1	57
WP_139146841.1	57
MBG5544267.1	57
QRI84586.1	57
WP_155950766.1	57
WP_220632393.1	57
WP_188036525.1	57
WP_155417157.1	57
WP_109751405.1	57
WP_177431709.1	57
WP_192259538.1	57
WP_092167542.1	57
WP_153387843.1	57
WP_141218031.1	57
AHB32334.1	58
WP_180138626.1	58
WP_038350319.1	58
WP_151816168.1	58
WP_180139496.1	58
WP_180116289.1	58
WP_021584741.1	59
WP_115889831.1	59
WP_004291093.1	59
MBQ7634607.1	59
WP_018910243.1	59
OQB64814.1	59
WP_090980766.1	59
WP_115404904.1	59
WP_157183544.1	59
WP_111410990.1	59
WP_053398626.1	59
MBQ3209332.1	59
WP_230702607.1	59
MBR5893391.1	59
WP_004360633.1	59
MBF1451183.1	59
WP_094402199.1	59
WP_211806167.1	59
WP_218457428.1	59
MBR5531459.1	59
WP_226064002.1	59
MBA7488188.1	59
WP_227587816.1	59
WP_101571397.1	59
MQM47052.1	59
MBD9261733.1	59
MBW0050665.1	59
MBR6691320.1	59
MBS7409194.1	59
MBW0025168.1	59
WP_119249103.1	59
MBR3389840.1	59
MBP3726653.1	59
CAB63298.1	60
AKA20948.1	60
ACV52983.1	60
ACV53000.1	60
WP_011906375.1	60
WP_050103368.1	60
WP_145916318.1	60
QES97472.1	60
MBD2824371.1	60
ACA24901.1	61
WP_160522244.1	61
WP_227660009.1	61
EFJ9423925.1	61
ADR74237.1	62
HAW4209831.1	62
WP_161706207.1	62
EFO4710097.1	62
WP_135424165.1	62
WP_139552717.1	62
HBC1806426.1	62
WP_086467195.1	62
WP_167570229.1	62
MBF1122405.1	63
WP_157274575.1	63
CBN82200.1	64
WP_001752773.1	64
WP_106421597.1	64
WP_156265155.1	64
WP_182271963.1	64
WP_063408423.1	64
WP_086529370.1	64
WP_200054484.1	64
WP_218737106.1	64
WP_220491378.1	64
WP_099296807.1	64
WP_144244972.1	64
NMM06712.1	64
WP_012435032.1	64
ACA24821.1	65
ADN43894.1	65
ACA24811.1	65
WP_094762235.1	65
WP_166713992.1	65
WP_108569543.1	65
WP_218427038.1	65
WP_034169332.1	65
WP_095389312.1	65
HAT8026753.1	65
EHX11459.1	66
AFC91458.1	66
AFC91419.1	66
AAX07747.1	66
WP_032678516.1	66
WP_097177223.1	66
WP_059358481.1	66
HAX6689526.1	66
WP_116338833.1	66
WP_029739234.1	66
CAI33278.1	67
CAI33226.1	67
CAI33252.1	67
CAI34753.1	67
CAI34613.1	67
VPT20589.1	67
WP_050255588.1	67
WP_125844770.1	67
WP_099778220.1	67
CAI34057.2	68
CAI34032.1	68
WP_138005626.1	68
WP_060956154.1	68
WP_149556404.1	68
ACD37117.1	69
ACD37111.1	69
WP_218338333.1	69
HAW1994079.1	69
EFV8085154.1	69
HAU6416125.1	69
WP_201889389.1	69
ABK27355.1	70
ABK27354.1	70
ABK27351.1	70
BAI31288.1	70
ABK27350.1	70
ABK27321.1	70
ABK27352.1	70
WP_205541739.1	70
WP_125317471.1	70
WP_130954016.1	70
WP_097577928.1	70
WP_114314523.1	70
WP_121351504.1	70
WP_032197001.1	70
WP_089575585.1	70
QGR65453.1	70
EHE1481246.1	70
WP_096948745.1	70
WP_080225232.1	70
WP_049604535.1	70
BAQ00653.1	71
WP_000639866.1	71
WP_202761074.1	71
HAT7486851.1	71
AAD45264.1	72
AAM27574.1	72
WP_023093912.1	72
WP_202413966.1	72
WP_193377759.1	72
MCE2629405.1	72
WP_192929285.1	72
MBG7460628.1	72
MBN0444584.1	72
WP_200869145.1	72
WP_207927132.1	72
WP_170987081.1	72
AFW04757.1	73
WP_145354056.1	73
WP_150738126.1	73
WP_005350292.1	73
WP_205895854.1	73
OGB38775.1	73
WP_206369925.1	73
WP_194703382.1	73
TCS35093.1	73
ABY48117.1	73
WP_154113022.1	73
WP_153734102.1	73
WP_142606155.1	73
EIA4708806.1	73
WP_129382394.1	73
ABX51880.1	74
WP_105540084.1	74
WP_085662049.1	74
WP_097630366.1	74
WP_200436517.1	74
WP_175568833.1	74
WP_125913293.1	74
EJL89599.1	74
KZP55798.1	74
WP_128601560.1	74
CAA43077.1	75
AAB48190.1	75
WP_000231472.1	75
AGS07316.1	75
AGS07327.1	75
AGS07363.1	75
WP_200005124.1	75
WP_223174847.1	75
WP_076726825.1	75
ECH7947813.1	75
WP_227242032.1	75
WP_228411883.1	75
HAK8510513.1	75
HAU3141777.1	75
ECC1743287.1	75
WP_045444631.1	75
WP_166734601.1	75
QBL48669.1	75
WP_213811244.1	75
HAT1682863.1	75
WP_130983489.1	75
RRG02550.1	76
WP_010009853.1	76
WP_035457591.1	76
WP_146990628.1	76
WP_219481079.1	76
BAQ00830.1	77
EGG1128596.1	77
WP_171021444.1	77
WP_000234807.1	77
ADN43838.1	78
EFK4032291.1	78
EFL5808813.1	78
WP_072277377.1	78
WP_110108540.1	79
WP_126542809.1	79
WP_032671727.1	79
WP_223538058.1	79
AKA20935.1	80
AKA20966.1	80
AKL88154.1	80
AAY23739.1	80
AAY23733.1	80
AAY23745.1	80
BAQ01935.1	80
BAQ02177.1	80
BAQ02105.1	80
BAQ00945.1	80
WP_050116911.1	80
WP_057647482.1	80
MIR30034.1	80
EDE2632241.1	80
EDQ3381127.1	80
WP_080074299.1	80
WP_125362640.1	80
EFN0719173.1	80
MXG78602.1	80
EGO5220629.1	80
HBE4428035.1	80
VDZ65126.1	80
WP_054261977.1	80
WP_137377208.1	80
ECG6090071.1	80
EAU0671645.1	80
EDW5186900.1	80
WP_230374903.1	80
WP_096179408.1	80
WP_021567303.1	80
EIP8405724.1	80
EBD0800919.1	80
WP_023306560.1	80
MBF4184702.1	80
BCL43580.1	80
WP_219260536.1	80
GBE69150.1	80
ETC59777.1	80
AHB32687.1	81
BAQ01743.1	81
WP_086266782.1	81
WP_074189167.1	81
WP_074188135.1	81
WP_074186610.1	81
WP_019454398.1	81
WP_075808362.1	81
WP_080479055.1	81
MBP1128771.1	81
WP_161505311.1	81
EGM8550299.1	81
WP_087893335.1	81
WP_135704740.1	81
MBC4617017.1	81
WP_168186805.1	81
WP_131073326.1	81
MBN5318929.1	81
WP_117136936.1	81
QDI17963.1	81
WP_158524166.1	81
WP_077270733.1	81
MBN5313443.1	81
WP_164171092.1	81
MBH2771487.1	81
QDI32442.1	81
WP_049241299.1	81
WP_158524115.1	81
AYZ32262.1	81
AYU89687.1	81
WP_207975708.1	81
WP_104011334.1	81
MBH3028143.1	81
VGO93738.1	81
WP_075253066.1	81
WP_195807055.1	81
WP_088883777.1	81
WP_142467464.1	81
ACD75796.1	82
WP_105464347.1	82
HAS6066705.1	82
EMW96721.1	82
WP_049014471.1	82
MBP6467762.1	82
WP_048399097.1	82
WP_203302738.1	82
WP_102328495.1	82
EKT63117.1	82
WP_095530516.1	82
EGR2552338.1	82
KOE00630.1	82
WP_155738228.1	82
WP_102084158.1	82
WP_156351981.1	82
WP_066178553.1	82
WP_103438199.1	82
WP_010224121.1	82
WP_173407189.1	82
WP_115064998.1	82
AXY99492.1	82
WP_053153311.1	82
WP_096184779.1	82
WP_032863126.1	82
TXH59666.1	82
WP_096997721.1	82
WP_188011381.1	82
WP_085542503.1	82
WP_176071019.1	82
WP_187726714.1	82
MQJ99391.1	82
WP_219695792.1	82
NUD00635.1	82
BAQ01419.1	83
HAX3427212.1	83
EFG5907368.1	83
WP_024223683.1	83
CAI32973.1	84
CAI32993.1	84
CAI33011.1	84
CAI33029.1	84
WP_032495937.1	84
QCO92056.1	84
KXT82432.1	84
WP_125398588.1	84
CZE39046.1	84
NQM30475.1	84
APZ79098.1	84
WP_024414175.1	84
WP_018372881.1	84
WP_066125534.1	84
CAI33862.1	85
CAI33840.1	85
WP_115256329.1	85
VOC17485.1	85
WP_001826717.1	85
EHE06795.1	85
VMO60215.1	85
WP_012961878.1	85
WP_214254291.1	85
WP_000172819.1	85
WP_011922117.1	85
WP_105126534.1	85
WP_167588632.1	85
WP_048345613.1	85
WP_081539118.1	85
WP_103241600.1	85
WP_227749927.1	85
MCD8003154.1	85
GFI00208.1	85
WP_010581023.1	85
RHC55200.1	85
RHT81424.1	85
WP_105161851.1	86
WP_065910421.1	86
ACD75809.1	87
BAQ01012.1	87
WP_105270233.1	87
WP_085460847.1	87
WP_135522194.1	87
WP_134865955.1	87
WP_217071531.1	87
MBL7889152.1	88
MCB9335174.1	88
MCB9173424.1	88
MBI4931504.1	88
WP_054486155.1	89
WP_223666905.1	89
WP_097453514.1	89
WP_200090803.1	89
CAI34150.1	90
CAI34124.1	90
WP_050218449.1	90
MBQ9029074.1	90
MCD8221086.1	90
MBQ8987322.1	90
MBQ9027335.1	90
WP_104764330.1	90
WP_213178343.1	90
WP_073226029.1	90
WP_137637837.1	90
AAZ85713.1	91
AAM27615.1	91
HBE6206594.1	91
WP_176478687.1	91
WP_023108549.1	91
WP_143606027.1	91
WP_128667415.1	91
WP_157896939.1	91
WP_161774127.1	91
WP_209872022.1	91
WP_039615093.1	91
OII57818.1	91
WP_069942140.1	91
MBG5825211.1	91
MCB4205435.1	91
WP_102563394.1	91
MBD3843238.1	91
WP_098386379.1	91
HHV75500.1	91
WP_133309706.1	91
WP_098180104.1	91
WP_146132021.1	91
WP_091538784.1	91
MBD3343557.1	91
WP_151185054.1	91
WP_143308042.1	91
WP_154684216.1	91
WP_092265032.1	91
WP_099616856.1	91
BAQ00569.1	92
WP_062896594.1	92
WP_213133975.1	92
NIG76477.1	92
WP_138154056.1	92
EEI7683115.1	92
WP_048980186.1	92
AAT28922.1	93
AAR24270.1	93
WP_214271335.1	93
EES6290913.1	93
WP_137525764.1	93
WP_161709924.1	93
BAQ01533.1	94
WP_049203096.1	94
WP_146152133.1	94
OBU38227.1	94
WP_087852095.1	94
WP_036795719.1	94
WP_045062635.1	94
WP_146154816.1	94
WP_158642110.1	94
WP_211829151.1	94
WP_079402046.1	94
WP_208852792.1	94
HIE00585.1	95
WP_157936090.1	95
WP_014871790.1	95
HAT8486706.1	95
NMT95774.1	95
WP_168827264.1	95
BAQ01793.1	96
EIE2975626.1	96
HAI8688269.1	96
WP_157830561.1	96
CAI34269.1	97
HBZ53068.1	97
WP_017210832.1	97
WP_004230030.1	97
WP_173761171.1	97
WP_012263249.1	97
WP_138276515.1	97
WP_117516703.1	97
MCC2155351.1	97
WP_003088592.1	97
WP_037586833.1	97
WP_049500314.1	97
WP_019769333.1	97
WP_226396572.1	97
WP_074732315.1	97
WP_215633174.1	97
VMG48693.1	97
WP_111428080.1	97
WP_186600830.1	97
WP_018167255.1	97
NQJ69172.1	97
WP_074482109.1	97
WP_146496265.1	97
WP_044470582.1	97
WP_005761605.1	97
SFB70234.1	98
WP_103789702.1	98
WP_178952543.1	98
MAZ36466.1	98
WP_156125415.1	98
GGI56287.1	98
RNC92270.1	98
RRQ50019.1	98
WP_209401176.1	98
WP_038236818.1	98
HAS36656.1	98
WP_149273760.1	98
TDQ32780.1	98
RIV72562.1	98
WP_138656883.1	98
HFG83597.1	98
MBO4875837.1	98
MBQ1719314.1	98
MBR6068596.1	98
MBO4232481.1	98
AFW04860.1	99
EFJ8673301.1	99
EHJ4093881.1	99
WP_079793774.1	99
HAU3265253.1	99
WP_153860016.1	100
WP_209635373.1	100
WP_176979454.1	100
WP_112364444.1	100
WP_174353521.1	100
WP_085117245.1	100
WP_182821901.1	100
WP_046373293.1	100
BAQ02048.1	101
EHO2937437.1	101
WP_186185342.1	101
WP_210850495.1	101
CAI33798.1	102
CAI33774.1	102
WP_025174023.1	102
WP_103697837.1	102
WP_205395997.1	102
WP_170816446.1	102
WP_214379817.1	102
WP_135517332.1	102
WP_010747882.1	102
WP_114002921.1	102
WP_204465687.1	102
KSU15282.1	102
NQP36275.1	102
WP_222636956.1	102
WP_144171247.1	102
AXA82896.1	102
HAS92070.1	102
WP_081172321.1	102
WP_148126571.1	102
WP_174720878.1	102
WP_142511397.1	102
WP_223351134.1	102
WP_111712749.1	102
MBO5870648.1	103
MBR5583058.1	103
WP_118377932.1	103
MBQ9859806.1	103
WP_205155590.1	103
CRL41158.1	103
WP_118411665.1	103
EGG80934.1	103
MBQ3547841.1	103
WP_098260408.1	103
MBS4884441.1	103
MBE6622771.1	103
ABG81806.1	104
BAQ02068.1	104
AJR19430.1	104
BAQ02224.1	104
WP_216977325.1	104
EEL3819512.1	104
MRG19025.1	104
ECI4074262.1	104
EBP3809362.1	104
OUL10274.1	105
PWE87585.1	105
MBS6706194.1	105
WP_118019782.1	105
HJB19391.1	105
MBS6706277.1	105
WP_195627686.1	105
MBS4967661.1	105
AKA20981.1	106
AKA20999.1	106
CAX18360.1	106
WP_033849664.1	106
WP_141239803.1	106
BAQ02031.1	107
AFW04696.1	107
WP_097727540.1	107
WP_059277566.1	107
ECJ5920515.1	107
WP_031605499.1	107
WP_166862897.1	107
WP_135321404.1	107
WP_149616341.1	107
CDF66396.1	108
MBX3588579.1	108
MBX3657245.1	108
MBA3056440.1	108
WP_150127708.1	108
WP_112139266.1	108
WP_025250132.1	108
WP_150584134.1	108
WP_146188513.1	108
WP_229049145.1	108
RDI12183.1	108
MCD9616540.1	108
MBQ4022431.1	108
NCB83488.1	108
WP_002561573.1	108
EIY46705.1	108
WP_074762130.1	108
WP_217740271.1	108
WP_055295008.1	108
WP_204900349.1	109
HJB46591.1	109
WP_195951856.1	109
MBS6007242.1	109
NOW24201.1	110
WP_080021630.1	110
HAT4072079.1	110
WP_004455531.1	110
WP_049517278.1	111
ENZ13516.1	111
ADI43271.1	112
WP_117120953.1	112
WP_149451547.1	112
WP_212714213.1	112
WP_200561351.1	112
WP_061350267.1	112
WP_023307298.1	112
WP_163920861.1	112
WP_213222145.1	112
WP_125337275.1	112
WP_214220209.1	112
WP_064374844.1	112
BAI43724.1	112
WP_227953571.1	112
CZQ24278.1	112
WP_177343046.1	112
WP_071846598.1	112
WP_099001754.1	112
WP_208724631.1	112
PXB55250.1	112
ORM92212.1	112
WP_201356719.1	112
WP_064188116.1	112
HAV2402098.1	112
WP_114272083.1	112
WP_171877873.1	112
WP_077264733.1	112
WP_131010630.1	112
NJR03125.1	112
WP_103814538.1	112
ADJ19203.1	113
EAC1391332.1	113
BAQ01266.1	114
WP_219330516.1	114
WP_097569465.1	114
WP_191228508.1	114
WP_004089593.1	114
WP_131020948.1	114
ACA24852.1	115
ACA24840.1	115
HBC0587495.1	115
WP_106509388.1	115
NCH61700.1	115
WP_103009952.1	115
WP_061554685.1	115
WP_104085182.1	115
WP_050290320.1	115
AEH27473.1	115
WP_063654930.1	115
WP_161749707.1	115
WP_066282843.1	115
WP_185665883.1	115
CAI33610.1	116
CAI33537.1	116
CAI33561.1	116
CAI33585.1	116
VOG14504.1	116
WP_054446405.1	116
WP_050260163.1	116
VQM63531.1	116
QCO91949.1	116
WP_075231287.1	116
WP_033680701.1	116
AAM27595.1	117
WP_123809532.1	117
WP_138492611.1	117
WP_157831763.1	117
WP_147266113.1	117
MBN0058234.1	117
WP_042926927.1	117
WP_221605901.1	117
WP_133247576.1	117
MCD5987016.1	117
WP_198754621.1	117
WP_078834531.1	117
MBN0979056.1	117
WP_141697266.1	117
PUB44374.1	117
WP_092144884.1	117
AKS05645.1	117
MBT9493227.1	117
KPF68697.1	117
MBC3936346.1	117
OYO31193.1	117
WP_117001877.1	117
WP_106757181.1	117
AAC38177.1	118
AAL91079.1	118
AAL91080.1	118
AAL91081.1	118
AAL91082.1	118
WP_237703389.1	118
ACF92750.1	118
AGS07346.1	118
HAB5169999.1	118
EBV4911467.1	118
EDW1749581.1	118
WP_048221118.1	118
EGT5610491.1	118
ADC54967.1	119
AFW04820.1	119
WP_107316999.1	119
HAI4523892.1	119
ECZ7900187.1	119
WP_179226027.1	119
EBO9556473.1	119
EBL4292099.1	119
EBA8957897.1	119
HAF2604735.1	119
WP_166824133.1	119
WP_161670737.1	119
MBA3143697.1	119
ECG8041865.1	119
EGX6618175.1	119
MBA3113756.1	119
CAI32889.1	120
CAI32910.1	120
CAI34454.1	120
WP_050227795.1	120
WP_196967045.1	120
ACD37157.1	121
BAQ01494.1	121
AFS33314.1	121
WP_077249319.1	121
WP_180562595.1	121
HAJ8885072.1	121
WP_211005564.1	121
WP_149012917.1	121
WP_177711736.1	121
AXZ00060.1	121
WP_068908271.1	121
WP_181317943.1	121
SPW30950.1	121
ADC54950.1	122
BAQ00669.1	122
BAQ01732.1	122
BAQ00687.1	122
WP_222112393.1	122
WP_077227879.1	122
ORS46201.1	122
ARD51912.1	122
ECC1659034.1	122
MBB9430278.1	122
EHI1103351.1	122
WP_199884657.1	122
WP_214095740.1	122
HBB8469940.1	122
HAW0456399.1	122
WP_125274477.1	122
WP_195728452.1	122
WP_163169866.1	122
WP_180040407.1	122
CAI33652.1	123
CAI33675.1	123
WP_044813608.1	123
WP_223140549.1	123
WP_000828637.1	123
WP_045501331.1	123
WP_037605573.1	123
WP_014714045.1	123
WP_155199096.1	123
AAO37717.1	124
AFW04802.1	124
WP_158642084.1	124
EGO7078686.1	124
BAO04106.1	124
EGU6736122.1	124
SUF21761.1	124
MBY8061211.1	124
WP_192034465.1	124
WP_137435049.1	124
AAY28249.1	125
WP_080394425.1	125
WP_109948669.1	125
WP_001385866.1	125
HAW7812706.1	125
HAI2099378.1	125
WP_123220785.1	125
BAQ01716.1	126
EFB7561420.1	126
WP_089647313.1	126
WP_042093341.1	126
WP_131492549.1	126
WP_023314457.1	126
WP_148384075.1	126
WP_155019343.1	126
WP_105662979.1	126
WP_105654866.1	126
WP_105665137.1	126
WP_105634683.1	126
WP_106877393.1	126
WP_130099844.1	126
WP_096387970.1	126
MBY7766022.1	126
ABX51892.1	127
WP_152298626.1	127
HEW45958.1	127
NLZ75496.1	127
WP_115080324.1	127
KAB0859124.1	127
NDK08604.1	127
MBW3808975.1	127
WP_139143260.1	127
WP_080753254.1	127
PTB99332.1	127
WP_230350754.1	127
WP_081344432.1	127
EHN8713309.1	127
WP_152914416.1	127
WP_059222103.1	127
WP_138098265.1	127
WP_113857216.1	127
WP_089526641.1	127
ABB29906.1	128
ABB29916.1	128
EFJ5530702.1	128
WP_112021345.1	128
WP_045499807.1	128
WP_047480362.1	128
AXL96526.1	128
MBR9936570.1	129
WP_118695103.1	129
WP_009202932.1	129
SCH91763.1	129
WP_118471169.1	129
WP_130182075.1	129
MBS5141809.1	129
CDD62754.1	129
MBR0411941.1	129
HIZ11459.1	129
MBR2133967.1	129
BAQ01114.1	130
HBB8498476.1	130
ADC54929.1	131
EHF8089147.1	131
WP_042054573.1	131
WP_162648787.1	131
WP_000482333.1	132
BAG11898.1	132
AAV34523.1	132
WP_187258758.1	132
EAS0583903.1	132
EBQ4855951.1	132
EFP0777165.1	132
EAN8469837.1	132
WP_079894445.1	132
EFO4565670.1	132
WP_001592235.1	132
WP_071698212.1	132
WP_121301468.1	132
WP_118572645.1	133
WP_227189687.1	133
MBS6517363.1	133
WP_173737061.1	133
MBD9336357.1	133
NLK65088.1	133
AHB32774.1	134
AHB32438.2	134
WP_098721664.1	134
WP_109123338.1	134
WP_032037098.1	134
WP_202746102.1	134
WP_064792751.1	134
WP_228704202.1	134
MWQ21883.1	134
ATW46629.1	134
ACL31748.1	134
BAQ00975.1	135
EHO2010276.1	135
EGW82555.1	135
EFN5993533.1	135
EHS5616031.1	135
HAT7659164.1	135
WP_155271364.1	135
EEV8111732.1	135
WP_063665672.1	135
WP_069533354.1	135
MBY7946259.1	135
MBY8121143.1	135
WP_119564788.1	136
WP_113620537.1	136
AAD44158.1	137
BAH24292.1	137
EFH4041479.1	137
HBL0161356.1	137
WP_061279311.1	137
WP_222662853.1	137
WP_219142352.1	137
EEJ71590.1	138
WP_198566108.1	138
CAI32772.1	139
EHD83116.1	139
WP_163052351.1	139
WP_060418174.1	139
APZ79158.1	139
WP_125382933.1	139
WP_045500264.1	139
WP_165993240.1	139
WP_203265798.1	139
WP_172601669.1	139
WP_162036252.1	139
WP_230107225.1	139
WP_016766502.1	139
MBS5133618.1	139
WP_110063817.1	139
PKM55156.1	139
WP_064299278.1	139
AHB32267.1	140
WP_182004423.1	140
WP_054580615.1	140
WP_125509370.1	141
QBM04763.1	141
WP_214095596.1	141
WP_130075387.1	141
WP_159363741.1	141
WP_079393286.1	141
WP_019958306.1	141
WP_125272136.1	141
WP_023273596.1	141
BAQ01137.1	142
HAW0662410.1	142
WP_059273982.1	142
AAO37701.1	143
WP_024244058.1	143
WP_059276126.1	143
EHY2898346.1	143
WP_053885466.1	143
EIG6690569.1	143
EEQ3361549.1	143
HBA6329355.1	143
WP_200923010.1	143
EGT0664115.1	143
WP_128612299.1	143
ABE98419.1	144
ADN43845.1	144
HAV9176318.1	144
WP_000275561.1	144
BAQ01238.1	145
WP_033803470.1	145
EFC5160463.1	145
OEF43733.1	145
WP_107236766.1	145
NVO98935.1	145
WP_158135141.1	145
WP_138261381.1	145
WP_161470509.1	145
WP_193001662.1	145
EKI39969.1	146
BAK68980.1	146
EKK44895.1	146
BAK69191.1	146
BAK69033.1	146
AAC32340.1	146
EKI95922.1	146
AAV34494.1	146
WP_024165680.1	146
WP_136720797.1	146
MBB9001093.1	146
WP_087675576.1	146
ESF77981.1	146
AJE24464.1	147
AFW04790.1	147
WP_001214007.1	147
HAT7498691.1	147
WP_191235130.1	147
WP_181665260.1	147
WP_187655186.1	147
BAQ01960.1	148
WP_137586850.1	148
WP_021535079.1	148
EGM8107999.1	148
WP_214605624.1	148
WP_095427547.1	148
WP_148418225.1	148
BAQ00780.1	149
WP_059332957.1	149
MBG3012022.1	149
EII3283386.1	149
WP_155662553.1	149
WP_000651325.1	150
WP_053142601.1	150
WP_218195323.1	150
ADI77033.1	151
WP_225375155.1	151
EHJ8612145.1	151
AXL04919.1	151
EAZ5150397.1	151
ADB02825.1	152
WP_021569439.1	152
RJX72377.1	152
WP_214759418.1	152
MBO9518972.1	152
WP_122355050.1	152
AQU71717.1	153
AQU71739.1	153
AFW04812.1	153
WP_196350619.1	153
EHN5991182.1	153
EAU0255189.1	153
WP_075370738.1	153
WP_105268643.1	153
HBA7193507.1	153
EAU0023031.1	153
EDQ7406279.1	153
HAE7082557.1	153
EDT6776112.1	153
CAI32935.1	154
CAI32867.1	154
WP_225208402.1	154
WP_105113439.1	154
MCE2233908.1	154
WP_217374036.1	154
WP_205016881.1	154
MBR2550729.1	154
SDX69991.1	154
ABB04486.1	155
WP_024242993.1	155
WP_089536959.1	155
EFE9705453.1	155
WP_194189025.1	155
WP_200111793.1	155
WP_213238837.1	155
BCO13070.1	155
WP_007681735.1	155
EGT5733709.1	155
WP_080320359.1	155
KAA6051568.1	155
MRS92328.1	155
WP_023624152.1	155
WP_053301956.1	155
AAY28257.1	156
TNL09459.1	156
EHW5626838.1	156
ACV67297.1	157
AFW04684.1	157
MBJ8674661.1	157
WP_187252201.1	157
EGY1756633.1	157
WP_134692146.1	157
WP_163435987.1	157
WP_222551728.1	157
WP_103155085.1	157
EHA1124951.1	157
ACD37165.1	158
ACD37173.1	158
ACD37181.1	158
BAQ02259.1	158
WP_004016722.1	158
EFY5912725.1	158
WP_128568408.1	158
WP_119169437.1	158
EGK22062.1	158
WP_094169909.1	158
SQU10570.1	158
WP_130221809.1	158
WP_176251481.1	158
WP_075180897.1	158
WP_203358138.1	158
WP_052246191.1	158
WP_064559454.1	158
EIQ0040716.1	158
QLK60821.1	158
AHB32311.1	159
WP_079547944.1	159
WP_009584320.1	159
WP_106466208.1	159
QNX08747.1	159
WP_180064661.1	159
BAQ00994.1	160
AFW04837.1	160
WP_072693157.1	160
WP_149012607.1	160
WP_105375272.1	160
WP_064512184.1	160
EIP1107604.1	160
EAN0852561.1	160
AAZ85718.1	161
EEV9868844.1	161
WP_222839913.1	161
EGB44387.1	161
WP_014204040.1	162
WP_146509796.1	162
WP_213972609.1	162
WP_155586697.1	162
NRB14949.1	162
WP_007394447.1	162
BAQ01860.1	163
BAL03056.1	163
AAL27339.1	163
KGM82069.1	163
WP_052920558.1	163
AIG62720.1	163
WP_156062972.1	164
WP_123209462.1	164
AHB32832.1	165
WP_081408856.1	165
WP_017400312.1	165
WP_119064478.1	165
RSO81665.1	165
AAT77177.1	166
WP_201707009.1	166
WP_004801797.1	166
WP_053007635.1	166
WP_162774178.1	166
WP_217534216.1	167
OCH61298.1	167
WP_199867674.1	167
EHR0246941.1	167
HBC3918621.1	167
AAZ20761.1	168
WP_136196084.1	168
WP_136343527.1	168
WP_193140306.1	168
TNI12731.1	168
NVP03317.1	168
BAQ00957.1	169
BAQ01687.1	169
WP_158642109.1	169
WP_000700646.1	169
EGN3749515.1	169
WP_212477822.1	169
BAQ00858.1	170
ACA24776.1	170
EHB0077756.1	170
WP_047623710.1	170
EFF0768368.1	170
WP_080470520.1	170
WP_045346738.1	170
WP_182295798.1	170
EGT0666651.1	170
WP_195761723.1	170
RWR01198.1	170
WP_197438669.1	171
WP_087422439.1	171
ADC54957.1	172
SKC32433.1	172
MCD9464198.1	172
WP_170073309.1	172
PST96423.1	172
WP_107191832.1	172
MCD9508247.1	172
WP_109862426.1	172
WP_097336108.1	172
WP_191238328.1	172
CAI34680.1	173
RGU12600.1	173
WP_135469703.1	173
WP_214263175.1	173
WP_050237661.1	173
BAQ01659.1	174
HAV8330588.1	174
EHZ5976391.1	174
ADI59429.1	175
ADI59445.1	175
WP_057533503.1	175
WP_049598626.1	175
AHG15281.1	176
AFD18613.1	176
AAX58762.1	176
AFW04668.1	176
WP_025380453.1	176
GEF03964.1	176
WP_079771874.1	176
WP_171923276.1	176
WP_020844666.1	176
EHL3469409.1	176
ECF5995172.1	176
EAB9443803.1	176
WP_079829148.1	176
AKH63228.1	176
BAQ01999.1	177
EHW5329997.1	177
WP_036933329.1	177
WP_114079035.1	177
EIL2643715.1	177
CAI33412.1	178
CAI33343.1	178
RGT09300.1	178
WP_207737042.1	178
MBE6760335.1	178
HJG68077.1	178
WP_163052333.1	178
VQD68897.1	178
VSN79485.1	178
CAI33309.1	179
WP_070482381.1	179
WP_049484058.1	179
WP_070679020.1	179
WP_018365373.1	179
WP_094753625.1	179
KYF37497.1	179
WP_222328793.1	179
NQM38615.1	179
WP_050202925.1	179
WP_049510374.1	179
PMC48004.1	179
NQJ71275.1	179
AFV46136.1	180
HBC9557793.1	180
WP_207967755.1	180
WP_038197792.1	180
WP_071842993.1	180
ACD37026.1	181
MIA78463.1	181
WP_218074406.1	181
EGD8570544.1	181
WP_110870355.1	181
WP_181669008.1	181
WP_096933632.1	181
WP_205066171.1	181
WP_123334932.1	181
WP_050871167.1	181
WP_119938544.1	181
MBD2800385.1	181
WP_105059667.1	181
ABI55342.1	182
EGT3571951.1	182
WP_107782612.1	182
WP_106098831.1	182
WP_182038342.1	182
WP_157957603.1	182
WP_200015731.1	182
WP_230080149.1	182
WP_230078669.1	182
WP_196982687.1	182
WP_089188523.1	182
WP_142727916.1	182
AAM27879.1	183
NIM30849.1	183
WP_119537153.1	183
WP_221921379.1	183
CAI33466.1	184
WP_050213231.1	184
MBQ2980623.1	184
NLJ17122.1	184
MBR7122748.1	184
CAI33515.1	185
CAI33491.1	185
WP_101025560.1	185
WP_094661747.1	185
WP_195376113.1	185
WP_118168890.1	185
MBQ8541043.1	185
WP_171019084.1	185
WP_194250493.1	185
OYL07744.1	185
VIQ20135.1	185
WP_161234366.1	185
MCE2282231.1	185
WP_009854069.1	185
QCO71451.1	185
WP_074559849.1	185
WP_143248660.1	185
WP_144064363.1	186
WP_223708257.1	186
WP_153661506.1	186
MBD5267196.1	186
WP_205096398.1	186
TDE13139.1	186
WP_008769894.1	186
AAM27546.1	187
WP_205870119.1	187
ETU87656.1	187
VTP95254.1	187
WP_227337655.1	187
VCW38159.1	187
MBP0152992.1	187
WP_053816951.1	187
WP_193377353.1	187
WP_228292600.1	187
WP_180217386.1	187
ACA24803.1	188
ACA24792.1	188
HAW7149579.1	188
MQK37483.1	188
WP_157921850.1	188
MCE1439271.1	188
EGQ4820835.1	188
WP_072203073.1	188
EFI4006016.1	188
WP_129995412.1	188
WP_214623736.1	188
ACD37126.1	189
WP_102961581.1	189
WP_001564252.1	189
WP_226342182.1	189
EFJ4442667.1	189
BAQ01317.1	190
WP_001002891.1	190
EGM8745944.1	190
EGZ6657556.1	190
WP_213327966.1	190
WP_126331305.1	190
WP_023312380.1	190
WP_045887856.1	190
WP_221702108.1	190
WP_064326661.1	190
MBB1201479.1	190
WP_041689695.1	190
WP_039295133.1	190
BAQ00846.1	191
AFW04741.1	191
ECJ6125023.1	191
EAU6968783.1	191
WP_086550147.1	191
EHX2146157.1	191
EAT3490823.1	191
EGO7643417.1	191
CAI33207.1	192
CAI33128.1	192
CAI33149.1	192
CAI33169.1	192
CAI33188.1	192
WP_044812585.1	192
WP_054382955.1	192
WP_050076590.1	192
ACD37058.1	193
BAQ01277.1	193
ACD37051.1	193
WP_112918588.1	193
WP_047615139.1	193
HAW2197999.1	193
GCT65035.1	193
AHB32357.1	194
WP_001244596.1	194
WP_069370612.1	194
WP_159885601.1	194
NMR26814.1	194
WP_147822850.1	194
WP_026972285.1	195
EID7696663.1	195
WP_161749690.1	195
WP_199453633.1	195
ACV67289.1	196
AFW04785.1	196
WP_191152438.1	196
WP_137529147.1	196
WP_180395140.1	196
WP_079798999.1	196
WP_038395439.1	196
WP_014605463.1	196
WP_063880154.1	196
WP_054687551.1	196
SUC18730.1	197
EGS5431607.1	197
ACA24739.1	198
AAL27327.1	198
EEW1816497.1	198
WP_107135449.1	198
WP_047027453.1	198
WP_063412373.1	198
AXU94489.1	198
WP_099031863.1	198
WP_128578354.1	199
MBK7771320.1	199
MCD9544490.1	199
MBK9473069.1	199
NLZ53017.1	199
WP_107174165.1	199
WP_105026768.1	199
MBK8166436.1	199
BAQ02088.1	200
HAM0214512.1	200
WP_130985655.1	200
AAM27782.1	201
WP_209217999.1	201
OTJ32456.1	201
WP_185844238.1	201
WP_185830950.1	201
POP58674.1	201
WP_176484350.1	201
WP_219788308.1	201
MBN0969750.1	201
WP_079385043.1	201
BAQ02116.1	202
WP_097169155.1	202
EFH7018751.1	202
WP_142668271.1	202
EMZ45625.1	202
WP_169722499.1	202
WP_080271874.1	202
BAQ01917.1	203
WP_224050662.1	203
WP_033555298.1	203
WP_164530251.1	203
WP_157713386.1	203
WP_042096529.1	203
BAQ01563.1	204
HAZ4812282.1	204
WP_155031454.1	204
MCE2009748.1	204
EFI6978175.1	204
MBE4990227.1	204
WP_191932879.1	204
WP_181879881.1	204
BAQ00812.1	205
WP_053888916.1	205
CAI33941.1	206
CAI33890.1	206
CAI33915.1	206
WP_050263147.1	206
WP_169447179.1	206
AHB32462.1	207
KEQ28943.1	207
WP_106479609.1	207
WP_002065255.1	207
WP_151760660.1	207
WP_097133847.1	207
WP_073405434.1	207
ACD37086.1	208
ACD37078.1	208
EFO3524659.1	208
MQJ27365.1	208
EEY9296501.1	208
HAH2637296.1	208
WP_102313370.1	209
KLI67978.1	209
AHG22949.1	210
EGR4247695.1	210
QEQ70874.1	210
WP_213965499.1	210
BAQ00736.1	211
EFO3933972.1	211
WP_097727926.1	211
WP_107533350.1	211
WP_045906548.1	211
WP_046359762.1	211
AFE83402.1	212
WP_001300154.1	212
WP_197385726.1	212
EDV0369716.1	212
EFU2457526.1	212
ECJ5870799.1	212
MHX33700.1	212
CAN87666.1	213
HAS8352223.1	213
WP_158116127.1	213
TRY04558.1	213
CAI33718.1	214
WP_195753379.1	214
WP_105766194.1	214
MBP5842394.1	214
PIO80417.1	214
PEG75341.1	214
RXI21056.1	214
WP_150534498.1	214
VLD07009.1	214
WP_076632559.1	214
ACA24882.1	215
ACA24868.1	215
WP_032214189.1	215
SAZ41822.1	215
WP_172616455.1	215
EUL60917.1	215
RTX96013.1	215
BBV65275.1	215
WP_148361789.1	215
WP_200142040.1	215
WP_225758459.1	215
HAW3394744.1	215
WP_225480721.1	215
ACD37046.1	216
ACD37037.1	216
WP_171921318.1	216
WP_119164190.1	216
WP_094529266.1	217
WP_094562696.1	217
WP_189660095.1	218
WP_165501915.1	218
OGB69107.1	218
ACA24912.1	219
HBE6102621.1	219
WP_096841651.1	219
WP_125357753.1	219
WP_216357555.1	219
AAK60458.1	220
WP_086483276.1	220
EEU0647063.1	220
WP_227658377.1	220
EGW69750.1	220
EEQ1609719.1	220
EFG6470853.1	220
VVY79035.1	220
WP_220394820.1	220
WP_106423585.1	220
ACD37072.1	221
EFB7588770.1	221
EEY3861112.1	221
BBM62630.1	221
BAQ01641.1	222
TNH77921.1	222
WP_065168980.1	222
HAH9654961.1	222
WP_065193419.1	222
WP_230607872.1	223
WP_074165021.1	223
WP_072255639.1	223
WP_072057113.1	223
WP_225284810.1	223
ABI98966.1	224
AAV41072.1	224
HBD3828814.1	224
HAS3626539.1	224
WP_047355739.1	224
WP_196348568.1	224
WP_095467637.1	224
WP_196083558.1	224
MCE0800529.1	224
ADV17650.1	225
WP_000610526.1	225
EAO7566821.1	225
WP_058107093.1	225
EAZ9292921.1	225
EAY0104899.1	225
EBK3136946.1	225
AVP93669.1	225
BBS86511.1	225
CAI32727.1	226
CKI58892.1	226
WP_084975915.1	226
WP_010976418.1	226
WP_205397345.1	226
AFW04716.1	227
EDV9741632.1	227
WP_042307490.1	227
EAW5735634.1	227
HAM8904139.1	227
WP_061140150.1	227
EFH6986334.1	227
WP_098917295.1	228
WP_152121691.1	228
AAD50486.1	229
MCA7381528.1	229
EFI3321327.1	229
WP_106918455.1	229
WP_080320291.1	229
WP_072059006.1	229
AAZ91245.1	230
WP_119182593.1	230
AAG17411.1	230
EJL19788.1	230
CAI33324.1	231
CAI33366.1	231
CAI33389.1	231
WP_061748111.1	231
WP_069289376.1	231
WP_054391329.1	231
WP_155442727.1	231
WP_128739709.1	232
WP_021742706.1	232
WP_072557861.1	232
BAQ01293.1	233
HBD4964601.1	233
WP_130060494.1	233
WP_105228541.1	233
QHR93353.1	233
WP_100779629.1	233
AFW04847.1	234
WP_107302913.1	234
WP_116238113.1	234
EGR3858038.1	235
WP_175422791.1	235
WP_000499529.1	236
WP_060561577.1	236
WP_172893723.1	236
WP_195298801.1	237
WP_008771742.1	237
RKU49847.1	237
WP_016238111.1	238
WP_186413210.1	238
WP_114077835.1	238
EFH3089146.1	238
AHB32538.1	239
WP_044423368.1	239
CDM70549.1	239
WP_202724746.1	239
RSP53952.1	239
WP_180644555.1	239
WP_000610985.1	239
WP_223082411.1	240
WP_130625790.1	240
BAQ01894.1	241
WP_112027026.1	241
EHT4047731.1	241
WP_137646360.1	241
WP_070715588.1	241
ANF30189.1	241
AHB32510.1	242
WP_000367709.1	242
WP_227555595.1	242
QKU20273.1	242
AIG62684.1	243
WP_097498677.1	243
WP_208483579.1	243
WP_115739493.1	243
HBL6077713.1	243
WP_218400811.1	243
WP_146197665.1	243
WP_047034256.1	244
QDZ61352.1	244
HCM85212.1	245
MBQ5320864.1	245
MBD5134490.1	245
BAQ02015.1	246
EHO3058610.1	246
HBE5020990.1	246
WP_149010799.1	246
WP_124965817.1	246
WP_152996897.1	246
AAV74543.1	247
WP_001468901.1	247
EFH8318071.1	247
WP_042093618.1	247
WP_102306153.1	247
WP_097743917.1	247
HAT2256308.1	247
EAN1750365.1	247
AGM38627.1	247
BAQ00634.1	248
WP_100157740.1	248
WP_089541576.1	248
HAT6271869.1	248
AXY99336.1	248
WP_072064667.1	248
ACA24829.1	249
AAS98031.1	249
WP_130996601.1	249
EFD0634239.1	249
EHV3135329.1	249
HAM3531248.1	250
WP_146003466.1	250
WP_157819435.1	250
WP_152438586.1	250
AAM27766.1	251
AAM27645.1	251
HHI93670.1	251
WP_014833930.1	251
MBG3931340.1	251
WP_227286133.1	251
WP_126859228.1	251
WP_121353285.1	251
WP_033945314.1	251
WP_058355143.1	251
WP_058179072.1	251
WP_206627472.1	251
WP_222829171.1	251
BAQ01218.1	252
WP_137549518.1	252
EEW9015671.1	252
WP_200034518.1	252
WP_126525114.1	252
WP_125339946.1	252
WP_167605960.1	252
MCD8400504.1	253
WP_101916788.1	253
WP_159447953.1	254
WP_060997361.1	254
MCD9521179.1	254
BAQ01702.1	255
WP_032219906.1	255
EHW0693039.1	255
BAQ00705.1	256
WP_048999128.1	256
WP_045629819.1	256
WP_049008294.1	256
WP_200442891.1	256
WP_094337554.1	256
WP_106902180.1	256
EFE7997203.1	256
WP_151532579.1	256
CAI33441.1	257
EJP22782.1	257
WP_148887602.1	257
WP_125449551.1	257
WP_033583824.1	257
AHB32386.1	258
WP_086391195.1	258
WP_223235463.1	258
WP_098408233.1	259
HIS27262.1	259
WP_048952746.1	260
WP_075875658.1	260
VEG71536.1	260
AHB32586.1	261
BAQ01516.1	261
EIL2489280.1	261
WP_128111378.1	261
ATF91965.1	261
WP_206276346.1	261
WP_048971144.1	261
MCE2594066.1	261
WP_224153995.1	262
WP_184284944.1	262
ADJ19217.1	263
WP_159135012.1	263
EES1794500.1	263
WP_196208739.1	263
WP_107250860.1	263
WP_136979491.1	263
ABZ79721.1	264
ABB65530.1	264
HAW7655927.1	264
HAX6680272.1	264
WP_218070497.1	264
MBT1803244.1	264
WP_187799348.1	264
BAQ01207.1	265
WP_135300949.1	265
EFK0007347.1	265
WP_050111601.1	265
MBS6057122.1	265
BAQ00746.1	266
AFW04888.1	266
WP_208462997.1	266
WP_076166215.1	266
WP_049281935.1	266
WP_167820090.1	266
WP_048232314.1	266
WP_089642637.1	266
WP_096963470.1	266
HAU3120060.1	266
WP_023404412.1	267
AXY99655.1	267
WP_169342315.1	267
ACD37014.1	268
ACD37006.1	268
WP_226149070.1	268
WP_226860973.1	268
WP_032171518.1	268
WP_032203195.1	268
WP_181199122.1	268
WP_162627179.1	268
ADX97403.1	269
WP_130830735.1	269
WP_020006222.1	270
WP_114371184.1	270
PIC83082.1	270
BAQ01584.1	271
WP_021544497.1	271
WP_137588581.1	271
WP_222701647.1	271
ACD36996.1	272
ACD36984.1	272
EFV6095475.1	272
EFG8839864.1	272
WP_143742216.1	273
WP_141100855.1	273
WP_074526664.1	274
ABD19779.1	274
WP_097435281.1	274
ADQ37335.1	275
ADQ37322.1	275
AFW04867.1	275
EEW3194231.1	275
WP_053878957.1	275
EBQ8563659.1	275
EAP0955437.1	275
EBF8309604.1	275
EAR2001077.1	275
OZU30810.1	275
APZ56502.1	275
WP_107182790.1	275
BAQ01169.1	276
EFC9838517.1	276
WP_199371631.1	276
BAQ00893.1	277
WP_072310772.1	277
KEN43158.1	277
PBO11778.1	277
BAQ01598.1	278
WP_038349068.1	278
WP_047282573.1	278
WP_074464799.1	278
WP_097331603.1	278
WP_083881261.1	278
HCS07025.1	278
WP_203305283.1	278
WP_175324524.1	279
ROT20295.1	279
MCD7924712.1	279
ROS81167.1	279
WP_195443791.1	279
ACA24890.1	280
WP_023486665.1	280
CAI33745.1	281
WP_065533017.1	281
EEU19215.1	281
WP_050250393.1	281
WP_172748485.1	281
WP_042747400.1	281
AHB32242.2	282
WP_228138528.1	282
BAQ00758.1	283
SPY78922.1	283
WP_144330269.1	283
BAQ00927.1	284
WP_115430540.1	284
WP_115430375.1	284
BAQ01155.1	285
WP_001607661.1	285
WP_064669448.1	285
ABI34565.1	286
WP_000700061.1	286
WP_050864006.1	286
MCE1517981.1	286
WP_046359765.1	286
WP_166713320.1	286
ABA42232.1	287
WP_000220864.1	287
EFB7606573.1	287
WP_187182267.1	287
WP_196358828.1	288
MCE1481506.1	288
WP_129318739.1	288
EFG3357330.1	288
WP_050323507.1	289
WP_005167735.1	289
PSV32328.1	289
WP_050162429.1	289
AAC60768.1	289
TNH45198.1	289
WP_011148880.1	289
ADN43858.1	290
WP_001613357.1	290
WP_061069883.1	290
ACH97152.1	291
WP_095086611.1	291
BAQ00879.1	292
WP_199052849.1	292
HAI4802810.1	292
WP_198120657.1	292
WP_011073066.1	292
SDH61519.1	292
WP_108156747.1	292
WP_028018525.1	292
WP_126327789.1	292
WP_132576810.1	292
ADN43871.1	293
HBD4940543.1	293
MBS9075002.1	293
CAI32797.1	294
WP_000445844.1	294
WP_171035968.1	294
AAL27351.1	295
WP_115438839.1	295
WP_061093158.1	296
WP_154610713.1	296
WP_204583976.1	297
HJG29920.1	297
WP_125998993.1	298
WP_180177237.1	298
WP_017724838.1	298
AAN60459.1	299
WP_032345209.1	299
WP_135559430.1	299
WP_218467719.1	299
WP_220710351.1	300
MBS6388219.1	300
CAI32957.1	301
WP_001146576.1	301
CAI34544.1	302
CAI34641.1	302
KXT90867.1	302
WP_223331310.1	302
BAQ01780.1	303
WP_162720964.1	303
WP_199473974.1	304
WP_160212035.1	304
WP_224163981.1	304
BAQ01456.1	305
EFH7882969.1	305
WP_046888363.1	305
WP_224955243.1	305
WP_223952967.1	305
WP_161506958.1	305
WP_080983030.1	306
WP_084925341.1	306
WP_125370847.1	306
WP_102467423.1	307
KTF15231.1	307
WP_137222139.1	307
WP_080760111.1	307
AEP25500.1	308
WP_025382884.1	308
WP_050088863.1	308
AHB32283.1	309
WP_114172788.1	309
WP_140964847.1	309
WP_131325943.1	309
WP_171255263.1	309
MBM4958079.1	310
TXN15033.1	310
WP_213915874.1	310
OQQ00376.1	310
EGR4693728.1	310
EGR0199566.1	310
ADN43883.1	311
EES4628707.1	311
WP_161836795.1	312
MBR5287082.1	312
WP_199978320.1	313
WP_180159094.1	313
WP_156190425.1	313
AHB32614.2	314
WP_168727044.1	314
WP_001233889.1	315
AAL57082.1	315
AAK64372.1	316
WP_124591027.1	316
EHR2939669.1	316
EGR73751.1	316
WP_130975594.1	316
WP_072253080.1	316
HAZ0555840.1	316
WP_148790641.1	316
RPA63838.1	317
WP_213969826.1	317
WP_072647813.1	318
WP_130933746.1	318
OYU06330.1	319
WP_159933549.1	319
MCC6098310.1	320
RRF98251.1	320
BAQ01812.1	321
WP_001347693.1	321
WP_074868893.1	322
WP_154609007.1	322
WP_009557613.1	322
WP_008461889.1	322
MBT9138911.1	323
WP_221006790.1	323
OLC69675.1	323
WP_214186628.1	324
ABB32404.1	324
WP_021088748.1	325
WP_021083782.1	325
AIG62747.1	326
WP_001054703.1	326
WP_149409814.1	327
WP_201546713.1	327
AFW04735.1	328
EAT8922683.1	328
BAQ01878.1	329
WP_102329591.1	329
WP_033560997.1	329
WP_008483784.1	330
WP_020911729.1	330
WP_138944299.1	331
WP_210447998.1	331
MBV5341697.1	332
WP_162788058.1	332
WP_116843469.1	333
WP_014215683.1	333
