WP_021515185.1	99.8	0.0
EHL6279041.1	99.8	0.0
WP_216348486.1	99.8	0.0
WP_226201647.1	99.8	0.0
EFN8275843.1	99.8	0.0
WP_021575773.1	99.8	0.0
EFJ8599808.1	99.8	0.0
WP_096843072.1	99.8	0.0
EHT4032757.1	99.8	0.0
HBL7700574.1	99.8	0.0
HAM6142824.1	99.8	0.0
MBB7149847.1	99.8	0.0
HAL2535699.1	99.8	0.0
EGF1804692.1	99.8	0.0
HBI0320513.1	99.8	0.0
HAV9405678.1	99.8	0.0
EFH5718318.1	99.8	0.0
HAI5814219.1	99.8	0.0
HBA9458423.1	99.6	0.0
WP_097450621.1	99.8	0.0
EFA4841749.1	99.8	0.0
HAJ3541987.1	99.8	0.0
HAM6748638.1	99.8	0.0
WP_021573960.1	99.8	0.0
WP_033548507.1	99.8	0.0
EHI6402677.1	99.8	0.0
WP_000055132.1	100.0	0.0
MBB8076406.1	99.8	0.0
HAL1411979.1	99.6	0.0
WP_024240174.1	99.8	0.0
WP_205858827.1	99.8	0.0
WP_194883398.1	99.8	0.0
EFA4522424.1	99.8	0.0
EHD0852304.1	99.8	0.0
HAN1991721.1	99.8	0.0
HAH1310842.1	99.8	0.0
EIH2929948.1	99.6	0.0
EHX8913761.1	99.8	0.0
EFJ3120490.1	99.8	0.0
HAX5274076.1	99.8	0.0
HAK9706412.1	99.8	0.0
WP_112076081.1	99.8	0.0
EFA6975179.1	99.8	0.0
WP_000055138.1	99.8	0.0
WP_223684853.1	99.8	0.0
MCD4044908.1	99.8	0.0
WP_032304150.1	99.8	0.0
WP_139464268.1	99.8	0.0
WP_001618635.1	99.8	0.0
EGO9735798.1	99.8	0.0
WP_024229784.1	99.8	0.0
HAJ6809539.1	99.6	0.0
EGP4275337.1	99.8	0.0
WP_137433776.1	99.8	0.0
WP_128456425.1	99.8	0.0
WP_088213408.1	99.8	0.0
EGO1328316.1	99.8	0.0
EGJ6596603.1	99.8	0.0
WP_044867241.1	99.8	0.0
WP_129930524.1	99.8	0.0
WP_219104405.1	99.8	0.0
WP_105288336.1	99.8	0.0
HAV7843206.1	99.8	0.0
HBH9107443.1	99.8	0.0
WP_137588091.1	99.8	0.0
WP_069917294.1	99.8	0.0
EFK2646982.1	99.8	0.0
WP_205858280.1	99.8	0.0
MCA7315390.1	99.8	0.0
HAZ3737976.1	99.8	0.0
STG25604.1	99.8	0.0
HAP1624665.1	99.8	0.0
EFH5761259.1	99.8	0.0
EGD7750626.1	99.8	0.0
EER1411264.1	99.8	0.0
WP_097404752.1	99.8	0.0
WP_032260571.1	99.8	0.0
EIG4520715.1	99.8	0.0
HAH3593048.1	99.8	0.0
WP_224695490.1	99.8	0.0
NAJ45461.1	99.8	0.0
EES5746521.1	99.8	0.0
EFO3465338.1	99.8	0.0
HAO0322690.1	99.8	0.0
WP_097480921.1	99.8	0.0
OWF28869.1	99.8	0.0
EFQ2930910.1	99.8	0.0
HBI7628175.1	99.8	0.0
EFM4017025.1	99.8	0.0
HBD3524744.1	99.8	0.0
EGJ7834464.1	99.8	0.0
HBI7769460.1	99.8	0.0
EIE5199703.1	99.8	0.0
MIC61383.1	99.8	0.0
EFB6062983.1	99.8	0.0
WP_114443716.1	99.8	0.0
EHP6407579.1	99.8	0.0
EFF0281694.1	99.8	0.0
WP_088568706.1	99.8	0.0
WP_097234256.1	99.8	0.0
WP_063122003.1	99.8	0.0
HBD2970146.1	99.6	0.0
HBE3608384.1	99.8	0.0
EGE2205595.1	99.8	0.0
MCA7749569.1	99.8	0.0
EFI7891798.1	99.8	0.0
HAI5255317.1	99.8	0.0
HBH9227639.1	99.8	0.0
EER1432395.1	99.8	0.0
EHK8953935.1	99.6	0.0
WP_134688540.1	99.8	0.0
WP_121863482.1	99.8	0.0
EET9184592.1	99.8	0.0
HBI2748333.1	99.8	0.0
EFE7796692.1	99.8	0.0
WP_147706834.1	99.3	0.0
EFD2031297.1	99.8	0.0
WP_000055141.1	99.8	0.0
WP_129498954.1	99.8	0.0
EEZ6549269.1	99.8	0.0
WP_123676874.1	99.8	0.0
WP_097338157.1	99.8	0.0
WP_149543472.1	99.8	0.0
WP_021541473.1	99.8	0.0
WP_119182069.1	99.8	0.0
WP_021539601.1	99.8	0.0
EIC6995427.1	99.8	0.0
WP_025270056.1	99.8	0.0
WP_077516860.1	99.8	0.0
AAA67593.1	99.8	0.0
MLY01565.1	99.8	0.0
WP_078207302.1	99.6	0.0
EFL4107959.1	99.8	0.0
EEY7165675.1	99.8	0.0
EHJ4092859.1	99.8	0.0
WP_158122648.1	99.8	0.0
EEC7273307.1	99.8	0.0
HAY5380219.1	99.8	0.0
EFH5657160.1	99.6	0.0
WP_124055618.1	99.8	0.0
HBB8976501.1	99.8	0.0
HBB0494784.1	99.8	0.0
WP_113403875.1	99.6	0.0
WP_113525329.1	99.6	0.0
EFB5893221.1	99.8	0.0
WP_089564529.1	99.8	0.0
WP_047627994.1	99.8	0.0
WP_032267533.1	99.8	0.0
HAV9899786.1	99.8	0.0
WP_089612789.1	99.8	0.0
WP_222690511.1	99.8	0.0
HBC9922405.1	99.8	0.0
WP_125399677.1	99.6	0.0
EFL5865771.1	99.8	0.0
WP_000055142.1	99.8	0.0
EFI1828643.1	99.8	0.0
EEC9764125.1	99.8	0.0
HAJ5390261.1	99.6	0.0
EIG4848129.1	99.8	0.0
WP_115724289.1	99.8	0.0
PZT68020.1	99.8	0.0
EEY3271058.1	99.8	0.0
EFM1543491.1	99.6	0.0
WP_000055146.1	99.8	0.0
WP_044860267.1	99.8	0.0
WP_135280015.1	99.8	0.0
HBE5262775.1	99.3	0.0
WP_000055126.1	99.8	0.0
MGI40822.1	99.8	0.0
EHW5948678.1	99.8	0.0
WP_115201392.1	99.8	0.0
WP_000055139.1	99.8	0.0
WP_047401219.1	99.8	0.0
WP_225261437.1	99.8	0.0
EFA5212517.1	99.6	0.0
EIF6369404.1	99.8	0.0
EFO4687296.1	99.8	0.0
WP_114200705.1	99.8	0.0
HBE5191069.1	99.8	0.0
EEU9679921.1	99.8	0.0
EGJ4587307.1	99.8	0.0
WP_042091974.1	99.8	0.0
HAO0598745.1	99.6	0.0
EEQ4673703.1	99.8	0.0
WP_196082355.1	99.3	0.0
HAM0057621.1	99.8	0.0
EFH1509556.1	99.8	0.0
WP_001688091.1	99.8	0.0
WP_139590958.1	99.8	0.0
HCG83918.1	99.6	0.0
WP_001669041.1	99.8	0.0
EFH5694044.1	99.8	0.0
HAX6451485.1	99.6	0.0
WP_097751641.1	99.8	0.0
WP_113287372.1	99.6	0.0
EFN5173555.1	99.6	0.0
EFD8210485.1	99.8	0.0
EEZ5622585.1	99.8	0.0
EFE9368793.1	99.8	0.0
WP_096249657.1	99.8	0.0
EHP6105959.1	99.8	0.0
WP_097730524.1	99.8	0.0
MCD3804280.1	99.8	0.0
WP_032221876.1	99.8	0.0
EGO4583518.1	99.8	0.0
HAN4961753.1	99.6	0.0
HAN8523533.1	99.6	0.0
EEC8555588.1	99.8	0.0
HBC9561203.1	99.8	0.0
HBC8915687.1	99.3	0.0
HAX5245584.1	99.8	0.0
WP_096317495.1	99.6	0.0
EHR0255668.1	99.6	0.0
WP_096272066.1	99.6	0.0
HBD6367465.1	99.6	0.0
WP_199883585.1	100.0	0.0
EEV0132168.1	99.8	0.0
EFC5162231.1	99.6	0.0
HAP2729872.1	99.8	0.0
WP_171877647.1	99.8	0.0
WP_045170169.1	99.6	0.0
EFQ3337236.1	99.8	0.0
EEV3820630.1	99.8	0.0
HBE3350284.1	99.3	0.0
EFO2119816.1	99.8	0.0
WP_063119895.1	99.8	0.0
EFI6468762.1	99.8	0.0
WP_000055114.1	99.8	0.0
MBB8203814.1	99.6	0.0
EFH3925129.1	99.6	0.0
WP_087934389.1	99.8	0.0
WP_053886374.1	99.8	0.0
WP_075331491.1	99.8	0.0
WP_141222609.1	99.8	0.0
EFB3626212.1	99.6	0.0
WP_001492566.1	99.6	0.0
EGH1133224.1	99.8	0.0
EFJ2755120.1	99.8	0.0
WP_032312437.1	99.6	0.0
WP_053286147.1	99.6	0.0
EEZ8975497.1	99.8	0.0
HAY4568862.1	99.6	0.0
EFH8940854.1	99.8	0.0
QIY46301.1	99.6	0.0
WP_034173996.1	99.8	0.0
WP_221078078.1	99.6	0.0
WP_071208498.1	99.6	0.0
EFE6301404.1	99.8	0.0
WP_124037400.1	99.8	0.0
WP_061359137.1	99.6	0.0
EES5851752.1	99.8	0.0
EET9148930.1	99.8	0.0
WP_097490040.1	99.6	0.0
EGI6922801.1	99.8	0.0
KFH99243.1	99.8	0.0
MCA7432269.1	99.6	0.0
HBG9517150.1	99.6	0.0
WP_201490034.1	99.6	0.0
WP_182125921.1	99.6	0.0
WP_150331403.1	99.3	0.0
EGI3956332.1	99.3	0.0
WP_097429457.1	99.6	0.0
WP_134358156.1	99.6	0.0
WP_069905021.1	99.6	0.0
WP_113449559.1	99.6	0.0
WP_136767170.1	99.6	0.0
EAB5455658.1	99.6	0.0
EEY7582437.1	99.6	0.0
EFW4287525.1	99.6	0.0
WP_077125777.1	99.3	0.0
HAJ3969162.1	99.6	0.0
WP_021558151.1	99.6	0.0
WP_114213250.1	99.6	0.0
EHM0667981.1	99.6	0.0
HAW3223933.1	99.6	0.0
WP_099098159.1	99.8	0.0
WP_021565476.1	99.8	0.0
HBB5057816.1	99.8	0.0
WP_061354847.1	99.6	0.0
EFK2474075.1	99.6	0.0
WP_096996880.1	99.6	0.0
EFG5903128.1	99.6	0.0
WP_000055143.1	99.3	0.0
WP_105273052.1	99.6	0.0
MBA7981512.1	99.6	0.0
EGO5215219.1	99.3	0.0
WP_023568168.1	99.6	0.0
EFO4208258.1	99.6	0.0
EHR8282842.1	99.6	0.0
EFC7363197.1	99.6	0.0
EHR8836435.1	99.3	0.0
WP_220410763.1	99.6	0.0
EER3435487.1	99.8	0.0
WP_220766603.1	99.6	0.0
EFC2773871.1	99.6	0.0
HAY5871566.1	99.6	0.0
EGI4261878.1	99.6	0.0
EIG3376840.1	99.6	0.0
EET3523766.1	99.6	0.0
WP_053882431.1	99.8	0.0
EEC8227731.1	99.6	0.0
EFM7711145.1	99.8	0.0
HBA6839092.1	99.6	0.0
WP_105966351.1	99.8	0.0
EGM5178107.1	99.6	0.0
WP_097477305.1	99.6	0.0
WP_096184474.1	99.6	0.0
WP_152931673.1	99.6	0.0
WP_001495572.1	99.6	0.0
WP_000055103.1	99.6	0.0
EFN6093449.1	99.6	0.0
WP_089582241.1	99.6	0.0
WP_198098683.1	99.6	0.0
EEU9386440.1	99.6	0.0
WP_225381971.1	99.6	0.0
WP_001551968.1	99.6	0.0
EIC2046574.1	99.6	0.0
WP_227456584.1	99.6	0.0
NPP58631.1	99.6	0.0
EFE6585289.1	99.6	0.0
EIR1699430.1	99.6	0.0
EEW7517289.1	99.6	0.0
EFA4286103.1	99.6	0.0
WP_137539644.1	99.6	0.0
WP_060616226.1	99.6	0.0
MBZ8512684.1	99.6	0.0
WP_097173413.1	99.6	0.0
WP_220415592.1	99.6	0.0
EIJ1047744.1	99.6	0.0
EFJ8998592.1	99.6	0.0
NYV45684.1	99.6	0.0
WP_000055106.1	99.6	0.0
HAL2525203.1	99.6	0.0
HAI5728719.1	99.3	0.0
EGZ2137152.1	99.6	0.0
WP_136148382.1	99.3	0.0
HAW2561417.1	99.6	0.0
EGL7948612.1	99.6	0.0
EFB1547623.1	99.6	0.0
WP_180761479.1	99.1	0.0
EIQ24530.1	99.6	0.0
EET8572951.1	99.6	0.0
HBB4980004.1	99.6	0.0
HAH7718942.1	99.3	0.0
HAK83206.1	99.6	0.0
HAW7431458.1	99.3	0.0
EFD8847921.1	99.6	0.0
WP_137537513.1	99.3	0.0
WP_218723793.1	99.6	0.0
EFB6638149.1	99.6	0.0
WP_097418410.1	99.6	0.0
EGM8927559.1	99.6	0.0
EHU9072449.1	99.6	0.0
MCD6917171.1	99.6	0.0
WP_220422073.1	99.6	0.0
NMW28517.1	99.3	0.0
WP_052995621.1	99.6	0.0
WP_166428413.1	99.6	0.0
HAH9935437.1	99.6	0.0
WP_089575806.1	99.6	0.0
EGF4331194.1	99.6	0.0
WP_097404183.1	99.8	0.0
HBE7672441.1	99.6	0.0
EFC1641443.1	99.6	0.0
WP_126722624.1	99.6	0.0
WP_096977113.1	99.6	0.0
WP_097297129.1	99.6	0.0
WP_124326441.1	99.3	0.0
EHK5772315.1	99.6	0.0
EFN5268954.1	99.6	0.0
WP_097428446.1	99.6	0.0
WP_077135749.1	99.3	0.0
WP_096098352.1	99.6	0.0
HAV8386685.1	99.6	0.0
WP_130549425.1	99.6	0.0
HAM7502156.1	99.1	0.0
HAV8527197.1	99.3	0.0
TZE90666.1	99.6	0.0
EHY4547569.1	99.6	0.0
WP_099558240.1	99.3	0.0
HBB3281907.1	99.3	0.0
EHH7849664.1	99.8	0.0
HAM5153657.1	99.3	0.0
WP_149518906.1	99.6	0.0
WP_136158457.1	99.3	0.0
EIN4531275.1	99.3	0.0
WP_021581199.1	99.3	0.0
EEV2306311.1	99.6	0.0
WP_097295293.1	99.6	0.0
HAW0651075.1	99.6	0.0
WP_094304247.1	99.3	0.0
WP_219891927.1	99.6	0.0
EFF7845381.1	99.6	0.0
EHP7902694.1	99.6	0.0
EFA4231965.1	99.6	0.0
EEW6877724.1	99.6	0.0
WP_230887222.1	99.3	0.0
HAH8891129.1	99.6	0.0
EHP9660150.1	99.6	0.0
HBI2655211.1	99.3	0.0
HBD4959727.1	99.3	0.0
WP_123906019.1	99.3	0.0
HAM5398885.1	99.1	0.0
EIH7423465.1	99.3	0.0
WP_222908622.1	99.6	0.0
WP_198108219.1	99.6	0.0
HAX7466502.1	99.3	0.0
EFJ2450757.1	99.6	0.0
EIC3814045.1	99.6	0.0
WP_169751954.1	99.3	0.0
EGE0029252.1	99.6	0.0
WP_136127343.1	99.3	0.0
WP_074512909.1	99.6	0.0
EHT0840022.1	99.6	0.0
WP_097472223.1	99.6	0.0
EFF2336028.1	99.6	0.0
WP_112917082.1	99.6	0.0
WP_225375623.1	99.6	0.0
WP_165474226.1	99.6	0.0
EHH4162507.1	99.6	0.0
WP_136655498.1	99.6	0.0
EEZ7542804.1	99.6	0.0
WP_032263501.1	99.3	0.0
EFK5225239.1	99.6	0.0
EIG7795090.1	99.6	0.0
WP_032270323.1	99.6	0.0
CSQ67397.1	99.3	0.0
QED66922.1	99.6	0.0
WP_109546285.1	99.6	0.0
TZD93292.1	99.3	0.0
WP_016158854.1	99.6	0.0
EFN8763919.1	99.3	0.0
WP_000055145.1	99.3	0.0
HAL9397491.1	99.3	0.0
WP_137447369.1	99.6	0.0
HAX2456235.1	99.3	0.0
HAV8708792.1	99.6	0.0
WP_136159065.1	99.3	0.0
WP_071666257.1	99.6	0.0
HBD8433416.1	99.6	0.0
EFQ1051430.1	99.6	0.0
HBA6534756.1	99.3	0.0
WP_224727932.1	99.6	0.0
EFI6395843.1	99.6	0.0
EFG1576319.1	99.6	0.0
HAI0070329.1	99.3	0.0
WP_001395086.1	99.3	0.0
EFY4973998.1	99.6	0.0
MQK35428.1	99.3	0.0
WP_136783926.1	99.3	0.0
EEW0015906.1	99.6	0.0
EIH8996488.1	99.6	0.0
WP_001699423.1	99.3	0.0
STK79138.1	99.6	0.0
WP_112036885.1	99.3	0.0
WP_105223443.1	99.3	0.0
HBE2405130.1	99.6	0.0
HAH9250566.1	99.3	0.0
WP_097404354.1	99.3	0.0
EHO9609086.1	99.3	0.0
WP_000055128.1	99.6	0.0
WP_099368814.1	99.6	0.0
WP_000055123.1	99.6	0.0
EFD8767495.1	99.3	0.0
HAI1496565.1	99.3	0.0
WP_127446900.1	99.3	0.0
WP_000055113.1	99.3	0.0
WP_001649502.1	99.3	0.0
WP_115187974.1	98.9	0.0
WP_033868661.1	99.1	0.0
EEU0312116.1	99.1	0.0
WP_000055115.1	99.6	0.0
EFK8914288.1	99.6	0.0
HAH6836645.1	99.3	0.0
EFJ4519882.1	99.6	0.0
HAH9910522.1	99.3	0.0
WP_196106201.1	99.6	0.0
WP_032193768.1	99.1	0.0
EFX6526273.1	99.3	0.0
WP_077464693.1	99.1	0.0
WP_097418874.1	99.6	0.0
WP_000055117.1	99.1	0.0
EHO1792266.1	99.3	0.0
WP_128475532.1	99.3	0.0
HAP1913437.1	99.3	0.0
WP_032233877.1	99.3	0.0
EGO6714161.1	99.3	0.0
MSK50875.1	99.1	0.0
EFW6778715.1	99.3	0.0
EFD1057340.1	98.9	0.0
HAO1015196.1	99.1	0.0
QED75043.1	99.3	0.0
EGQ7459159.1	99.3	0.0
HAW4181933.1	99.3	0.0
EEW5487696.1	99.3	0.0
EEW1291468.1	99.1	0.0
EFQ0059195.1	99.1	0.0
EIG3690995.1	99.8	0.0
WP_119176511.1	99.3	0.0
EIQ9740246.1	100.0	0.0
WP_176252081.1	98.9	0.0
WP_137326207.1	98.7	0.0
EFZ8635883.1	99.3	0.0
EFJ3256238.1	98.9	0.0
WP_000055104.1	98.7	0.0
EFN6914147.1	98.7	0.0
WP_001705569.1	98.9	0.0
WP_105285830.1	98.7	0.0
WP_064530535.1	98.4	0.0
QED65304.1	98.7	0.0
WP_135520254.1	98.2	0.0
WP_069985342.1	99.8	0.0
WP_138211527.1	98.2	0.0
WP_181478848.1	97.6	0.0
WP_107180065.1	97.6	0.0
WP_181503097.1	97.6	0.0
WP_135559149.1	97.8	0.0
WP_191776142.1	98.0	0.0
WP_135493180.1	97.8	0.0
WP_138183981.1	97.6	0.0
WP_125317745.1	98.7	0.0
AFG42740.1	98.4	0.0
WP_130261202.1	97.6	0.0
WP_135490591.1	97.8	0.0
WP_059229074.1	98.4	0.0
WP_059222038.1	98.2	0.0
WP_135408342.1	97.3	0.0
WP_105198472.1	98.0	0.0
WP_105233724.1	98.0	0.0
EGP3683880.1	98.4	0.0
EGM7523990.1	98.0	0.0
EFB2226282.1	98.0	0.0
EFK3197884.1	98.0	0.0
WP_174143986.1	99.8	0.0
NPH81662.1	99.5	0.0
EBA0866284.1	99.8	0.0
WP_097374700.1	100.0	0.0
CDK71475.1	99.5	0.0
EHB3541149.1	99.8	0.0
WP_042110420.1	99.8	0.0
EEZ3021886.1	100.0	0.0
ADN73162.1	100.0	0.0
EGB64662.1	100.0	0.0
EAX5864241.1	99.1	0.0
EIC8860898.1	99.8	0.0
EDM9572143.1	99.8	0.0
ECZ2575478.1	99.8	0.0
WP_211935026.1	94.9	0.0
WP_049009036.1	95.3	0.0
WP_079809359.1	99.3	0.0
WP_053528818.1	99.3	0.0
WP_200093339.1	95.1	0.0
EAT4485554.1	99.6	0.0
EHJ0297346.1	99.1	0.0
EAR9310774.1	99.1	0.0
WP_016155117.1	94.5	0.0
ECG8600688.1	99.3	0.0
WP_058668339.1	95.3	0.0
WP_060569244.1	94.7	0.0
EAO2687478.1	99.8	0.0
WP_038634539.1	94.7	0.0
WP_127175010.1	99.1	0.0
WP_063389949.1	99.1	0.0
WP_171922687.1	98.9	0.0
EAN8507989.1	98.9	0.0
EAA7088512.1	99.8	0.0
WP_023185205.1	98.9	0.0
EHG9037828.1	98.9	0.0
WP_012907930.1	94.0	0.0
EEJ5120568.1	99.1	0.0
WP_094761733.1	94.2	0.0
MBJ3593798.1	94.7	0.0
ECC1669631.1	99.1	0.0
EAV6033200.1	99.8	0.0
EAA3110375.1	99.8	0.0
EII9599950.1	99.8	0.0
WP_200080413.1	94.2	0.0
WP_137361405.1	94.2	0.0
WP_042326093.1	94.4	0.0
WP_181546598.1	94.2	0.0
WP_199951744.1	94.9	0.0
MBA3112788.1	98.9	0.0
WP_213892625.1	98.7	0.0
WP_079773598.1	98.7	0.0
ECQ7014092.1	99.6	0.0
WP_200041718.1	94.2	0.0
WP_194212828.1	94.2	0.0
EBA4611387.1	98.9	0.0
WP_191234410.1	94.0	0.0
ECJ2264653.1	98.9	0.0
EDX9716770.1	98.9	0.0
EBE7102265.1	99.8	0.0
WP_171804277.1	98.9	0.0
WP_103780518.1	94.9	0.0
WP_196014558.1	94.2	0.0
WP_023137100.1	99.8	0.0
WP_148362630.1	94.0	0.0
WP_061381053.1	94.2	0.0
ECG8512660.1	98.7	0.0
EAO5527341.1	99.8	0.0
EAW3987968.1	99.6	0.0
WP_130028657.1	95.3	0.0
EDS6427130.1	99.8	0.0
WP_079935198.1	94.2	0.0
WP_181632359.1	94.2	0.0
WP_101701052.1	94.0	0.0
EAP5061722.1	99.8	0.0
WP_088734623.1	98.9	0.0
WP_120053137.1	99.8	0.0
WP_047407613.1	93.3	0.0
WP_079811459.1	98.7	0.0
WP_080151550.1	99.8	0.0
WP_075829921.1	99.8	0.0
WP_079939632.1	94.2	0.0
WP_042314032.1	94.0	0.0
EGB7050171.1	99.8	0.0
WP_168979052.1	94.0	0.0
WP_020839747.1	99.8	0.0
WP_047358751.1	94.2	0.0
WP_152400933.1	94.7	0.0
ECY4959579.1	99.8	0.0
EDR6495298.1	98.7	0.0
WP_115199066.1	99.8	0.0
EBL3836583.1	100.0	0.0
WP_085393850.1	99.8	0.0
WP_079952029.1	99.8	0.0
EDU4961873.1	100.0	0.0
ECF6571897.1	99.8	0.0
WP_048237110.1	94.5	0.0
EBN1895742.1	99.8	0.0
EEA2664621.1	99.8	0.0
WP_001524958.1	99.8	0.0
EAT5892406.1	99.8	0.0
WP_096758937.1	94.4	0.0
ECG8777266.1	99.8	0.0
WP_063916870.1	99.8	0.0
EEJ8590713.1	99.8	0.0
HBC2906041.1	94.0	0.0
ECW4028881.1	99.8	0.0
EBR5057872.1	99.8	0.0
EHB9784273.1	99.6	0.0
EHT9118548.1	99.8	0.0
EEC3243442.1	99.8	0.0
EGZ3994622.1	98.9	0.0
EDN7233388.1	98.2	0.0
ECO1424153.1	99.8	0.0
WP_106086890.1	99.8	0.0
ECG4565852.1	99.6	0.0
WP_003828984.1	94.0	0.0
EAQ8669080.1	99.8	0.0
EBA1559749.1	99.8	0.0
CQC04474.1	99.6	0.0
HAK2209004.1	99.8	0.0
WP_079983746.1	99.8	0.0
HAE1409948.1	99.8	0.0
HAT2287548.1	94.2	0.0
EDE7412023.1	99.8	0.0
EBA6945607.1	99.8	0.0
EEJ2352019.1	99.8	0.0
EGA4154728.1	99.8	0.0
WP_208293303.1	99.8	0.0
ECB4266548.1	99.8	0.0
WP_181509863.1	94.0	0.0
EEP6116996.1	99.8	0.0
EEE2003703.1	99.8	0.0
EDT7402701.1	99.8	0.0
WP_079826362.1	99.8	0.0
ECD6794075.1	99.8	0.0
ECX3441343.1	99.8	0.0
EDH9168297.1	99.8	0.0
WP_111769645.1	99.8	0.0
EGP9600067.1	99.8	0.0
WP_076741843.1	99.8	0.0
EAO6911248.1	99.8	0.0
EFU6402565.1	99.8	0.0
WP_080234067.1	99.6	0.0
EBG2637635.1	99.8	0.0
WP_195619935.1	94.0	0.0
EDU9493025.1	99.8	0.0
EDT7224305.1	99.8	0.0
EBC5056412.1	99.8	0.0
EAR7151487.1	99.8	0.0
WP_000055606.1	99.8	0.0
HAG1806668.1	99.6	0.0
ECK4846929.1	99.8	0.0
ECA6438639.1	99.8	0.0
EEG5568950.1	99.6	0.0
EGP1157220.1	99.8	0.0
EDN6416109.1	99.8	0.0
EBC6510722.1	99.8	0.0
EAT6687852.1	99.8	0.0
EAO9045593.1	99.8	0.0
WP_079813094.1	99.8	0.0
EAQ9872844.1	99.8	0.0
EGL1037007.1	99.8	0.0
HAC6654495.1	99.8	0.0
HAK6357562.1	99.8	0.0
WP_023195000.1	99.8	0.0
WP_138013133.1	99.8	0.0
ECD2227222.1	99.8	0.0
EBX8733208.1	99.8	0.0
EBJ0809059.1	99.8	0.0
EBF4620191.1	99.8	0.0
EAY2231792.1	99.8	0.0
WP_000055610.1	100.0	0.0
WP_076933398.1	99.8	0.0
EDZ2537915.1	99.8	0.0
EEI2803320.1	99.8	0.0
EBT1548868.1	99.8	0.0
EEF4507073.1	99.8	0.0
EBJ4822145.1	99.8	0.0
WP_147186466.1	99.8	0.0
MIH34361.1	99.8	0.0
WP_058116607.1	99.8	0.0
EDI1396123.1	99.8	0.0
EDZ4550637.1	99.8	0.0
EAT7533198.1	99.6	0.0
EEI3844002.1	99.8	0.0
EBZ6190633.1	99.8	0.0
EHO4509545.1	99.8	0.0
EDT6763766.1	99.6	0.0
WP_023228058.1	99.8	0.0
EEC0833043.1	100.0	0.0
WP_038391978.1	99.8	0.0
EEW9830708.1	99.6	0.0
ECJ6674982.1	99.8	0.0
EDR2741302.1	99.8	0.0
EHS0939911.1	99.8	0.0
EIG8364249.1	99.8	0.0
EAS3398368.1	99.8	0.0
EFP5299959.1	99.8	0.0
ECC5145607.1	99.8	0.0
WP_137989872.1	99.8	0.0
EHK5065653.1	99.8	0.0
ECY1403217.1	99.8	0.0
EGF1630090.1	99.6	0.0
ECI6405767.1	99.6	0.0
HAF2427679.1	99.8	0.0
EDG5205188.1	99.8	0.0
EDS4736015.1	99.8	0.0
EAM7996662.1	99.8	0.0
WP_110398623.1	99.8	0.0
EAA0891905.1	99.8	0.0
EEI3953629.1	99.8	0.0
EBH6361389.1	99.6	0.0
WP_200001701.1	93.1	0.0
EDZ4569603.1	99.8	0.0
WP_191221993.1	94.0	0.0
WP_065660722.1	99.8	0.0
EDW1325072.1	99.8	0.0
EAS5078678.1	99.8	0.0
EDA9099165.1	99.6	0.0
EHH0586566.1	100.0	0.0
WP_031602115.1	99.8	0.0
EDQ6181330.1	99.8	0.0
WP_181218456.1	94.0	0.0
EGW7445635.1	99.6	0.0
EAR8654633.1	99.6	0.0
EFU6992549.1	99.8	0.0
EHE7445584.1	99.6	0.0
EAZ0217949.1	99.8	0.0
ECY1100674.1	99.8	0.0
EBG1676427.1	99.8	0.0
EEA9833153.1	99.8	0.0
EAB6497571.1	99.6	0.0
EAQ5502254.1	99.8	0.0
EGG7156353.1	99.6	0.0
WP_038397327.1	99.3	0.0
HAU3088951.1	98.9	0.0
EIQ2484307.1	99.6	0.0
ECF6495924.1	99.8	0.0
MBM8451955.1	99.6	0.0
EFA3261092.1	99.8	0.0
EGT3575702.1	93.8	0.0
WP_128612346.1	94.7	0.0
EBV8483705.1	99.6	0.0
EIO4361803.1	99.8	0.0
WP_079786411.1	99.8	0.0
EGW1827016.1	99.8	0.0
HAK8393424.1	99.8	0.0
EHI4156954.1	99.6	0.0
EAA7244786.1	98.5	0.0
EDZ9903836.1	99.6	0.0
EBB1920569.1	99.8	0.0
WP_213239676.1	94.0	0.0
EHI9049227.1	99.8	0.0
EHB9472351.1	99.6	0.0
EBX3160852.1	99.6	0.0
WP_064042919.1	99.8	0.0
EAX5273250.1	99.6	0.0
EAW4774715.1	99.8	0.0
WP_080194634.1	99.8	0.0
EDZ3451654.1	99.6	0.0
EBL9943256.1	99.6	0.0
HAE0387616.1	99.8	0.0
EDD6728879.1	99.8	0.0
HBM0736392.1	99.8	0.0
EDY0560164.1	99.6	0.0
EGK2108697.1	99.8	0.0
EAA8742296.1	99.6	0.0
WP_076737555.1	99.8	0.0
EBS0185798.1	99.8	0.0
EBB5913350.1	99.6	0.0
ECD2822823.1	99.8	0.0
EBW6766175.1	99.8	0.0
EBQ6211951.1	99.8	0.0
WP_058108368.1	99.8	0.0
WP_094862463.1	99.6	0.0
AZK52669.1	99.8	0.0
WP_058111135.1	99.8	0.0
WP_061075776.1	93.6	0.0
EHZ8932649.1	99.8	0.0
EAM4790415.1	99.8	0.0
EBZ1003435.1	99.8	0.0
EDN6661182.1	99.6	0.0
EGC8574973.1	99.8	0.0
CHM06131.1	99.3	0.0
EAC2144831.1	99.3	0.0
ECS1581059.1	99.6	0.0
EHJ3436385.1	99.8	0.0
ECK9472068.1	99.8	0.0
EBJ5588261.1	99.8	0.0
EBA7188070.1	99.3	0.0
WP_200114214.1	93.3	0.0
EAA6684735.1	99.8	0.0
ECJ0111220.1	99.8	0.0
EAP8135256.1	99.6	0.0
EBD7859538.1	99.8	0.0
WP_076736058.1	99.8	0.0
WP_098071704.1	99.6	0.0
ECC9602863.1	99.8	0.0
MBJ3560635.1	93.3	0.0
EAU0024413.1	99.6	0.0
ECH2944367.1	99.8	0.0
EHI4415629.1	99.6	0.0
EHI8890302.1	99.6	0.0
ECP1082188.1	99.6	0.0
EAP8715326.1	99.8	0.0
AGS64422.1	99.6	0.0
EDT7241054.1	99.8	0.0
EAM5620994.1	99.8	0.0
EBV0094593.1	99.6	0.0
EDQ1066890.1	99.6	0.0
EGZ6488391.1	99.6	0.0
WP_044327611.1	93.6	0.0
WP_058587321.1	93.6	0.0
WP_227240867.1	99.6	0.0
HAU7027928.1	99.8	0.0
EBO3295824.1	99.8	0.0
WP_032950629.1	93.8	0.0
EEI5845356.1	99.6	0.0
EDI7679803.1	99.6	0.0
ECD2966179.1	99.6	0.0
CGA88502.1	99.3	0.0
WP_079949039.1	99.8	0.0
EBG4990785.1	99.6	0.0
EIC2357763.1	99.6	0.0
WP_084543254.1	99.8	0.0
EDS6805773.1	99.8	0.0
ECA2934154.1	99.8	0.0
EGO9893082.1	99.8	0.0
ECD1482994.1	99.8	0.0
EBY1625634.1	99.8	0.0
ECG3341520.1	99.8	0.0
EDS9375146.1	99.8	0.0
EFS8882994.1	99.8	0.0
EAW6899399.1	99.8	0.0
EBQ8806543.1	99.8	0.0
EID8007262.1	99.1	0.0
EDT6461465.1	99.8	0.0
ECS6017366.1	99.6	0.0
EGS3332848.1	99.8	0.0
EDA8447926.1	99.8	0.0
EGB5707719.1	99.8	0.0
ECY6952038.1	99.8	0.0
WP_114053018.1	99.8	0.0
ECE4237779.1	99.1	0.0
ECY5309741.1	99.8	0.0
WP_181637383.1	94.2	0.0
EAN3696888.1	99.8	0.0
EAQ0410249.1	99.8	0.0
EAO9613147.1	99.8	0.0
WP_203437847.1	99.3	0.0
HAT5959083.1	99.6	0.0
EAU9654974.1	99.6	0.0
HAU5792951.1	93.6	0.0
WP_134949448.1	99.1	0.0
ECN2806110.1	99.8	0.0
EEI1841283.1	99.8	0.0
EBT3702524.1	99.6	0.0
WP_044267313.1	93.8	0.0
EDS8890067.1	99.8	0.0
EAA5732478.1	99.8	0.0
EAV0895692.1	99.6	0.0
WP_109273300.1	99.3	0.0
EDW0653969.1	99.6	0.0
WP_198447881.1	94.7	0.0
KDS03574.1	98.7	0.0
EDY2774606.1	99.3	0.0
EHB4000955.1	99.3	0.0
EBW7329858.1	99.6	0.0
WP_097369683.1	99.6	0.0
EBP0094136.1	99.6	0.0
WP_048214069.1	93.6	0.0
EGZ3830719.1	100.0	0.0
EBV1415478.1	99.6	0.0
EEA9787661.1	99.6	0.0
WP_115489963.1	93.8	0.0
ECK7264950.1	99.6	0.0
EHC7841013.1	99.6	0.0
EAA8474953.1	99.6	0.0
EGS2523567.1	99.1	0.0
WP_187254149.1	93.8	0.0
HAT3899580.1	93.3	0.0
APO29081.1	100.0	0.0
EAA7277502.1	99.6	0.0
WP_040230069.1	93.6	0.0
WP_016507370.1	99.3	0.0
EGF0065523.1	99.6	0.0
WP_213135352.1	94.0	0.0
EBV2199412.1	99.6	0.0
WP_100514548.1	99.6	0.0
WP_079957763.1	99.6	0.0
EGH9157004.1	99.6	0.0
EAA8371039.1	99.1	0.0
WP_134216446.1	93.3	0.0
EBW7278304.1	99.6	0.0
WP_090050791.1	93.6	0.0
EGY5301946.1	99.6	0.0
EBS6592591.1	99.6	0.0
EFV3628770.1	99.8	0.0
WP_109739677.1	94.0	0.0
WP_200013142.1	93.3	0.0
EAW8148518.1	99.3	0.0
WP_044702225.1	93.3	0.0
EFU8646123.1	99.3	0.0
MBS6486518.1	93.6	0.0
WP_211924781.1	93.3	0.0
WP_023219574.1	99.3	0.0
EAT9001446.1	99.6	0.0
EBK5657007.1	98.7	0.0
WP_149410639.1	99.3	0.0
WP_115601243.1	93.3	0.0
HAK7699999.1	99.3	0.0
ACN48109.1	99.8	0.0
ECV8684395.1	99.3	0.0
EIQ61252.1	93.6	0.0
EAO2755632.1	100.0	0.0
WP_229235887.1	93.3	0.0
WP_200025808.1	93.6	0.0
EBA9359467.1	99.8	0.0
EAO4669280.1	99.3	0.0
WP_200038040.1	93.3	0.0
WP_080206741.1	99.6	0.0
ECX4148167.1	99.3	0.0
HAU4284249.1	93.1	0.0
EFQ5290382.1	100.0	0.0
WP_048223275.1	93.1	0.0
WP_076010391.1	99.1	0.0
EAZ2932103.1	98.7	0.0
WP_065313585.1	99.8	0.0
WP_001730696.1	100.0	0.0
EEH8832966.1	98.7	0.0
WP_000055600.1	98.9	0.0
ECF6084992.1	98.6	0.0
EDT6888068.1	99.1	0.0
EEG5182214.1	98.6	0.0
EEG0132386.1	98.6	0.0
EHC43611.1	100.0	0.0
EEK5540784.1	98.6	0.0
WP_219827019.1	98.6	0.0
EDK0261383.1	98.9	0.0
EBF4217666.1	98.6	0.0
EBB6987627.1	98.4	0.0
CNU17804.1	98.9	0.0
EFR2058989.1	99.6	0.0
EAB3752664.1	99.8	0.0
HAA0910763.1	99.6	0.0
KPF16812.1	99.5	0.0
EBA2754495.1	99.6	0.0
HAL0372605.1	100.0	0.0
HAL6960629.1	100.0	0.0
WP_052435461.1	100.0	0.0
WP_135420936.1	100.0	0.0
PLM05596.1	86.8	0.0
WP_046878130.1	86.4	0.0
WP_014227459.1	86.6	0.0
WP_160743207.1	86.4	0.0
WP_221842309.1	86.4	0.0
WP_162122207.1	86.4	0.0
VUC68366.1	99.1	0.0
WP_120066165.1	84.2	0.0
EBT5849471.1	99.8	0.0
WP_194153845.1	100.0	0.0
WP_224394830.1	86.4	0.0
WP_014837072.1	86.4	0.0
WP_148851853.1	86.4	0.0
HAL7335515.1	100.0	0.0
HBM3159542.1	86.2	0.0
WP_064561603.1	84.0	0.0
EJU30551.1	86.5	0.0
WP_181621412.1	88.2	0.0
ECF0037734.1	99.8	0.0
MBM6608576.1	89.1	0.0
KGB07671.1	88.9	0.0
WP_047054416.1	87.3	0.0
WP_142487525.1	87.9	0.0
WP_045783648.1	84.4	0.0
VEB51949.1	99.8	0.0
WP_103825323.1	87.9	0.0
WP_114316413.1	87.9	0.0
WP_077227593.1	88.2	0.0
AAA92024.1	99.3	0.0
WP_090465544.1	88.7	0.0
WP_039289216.1	84.1	0.0
WP_130588091.1	88.2	0.0
WP_085542200.1	83.9	0.0
WP_166995859.1	84.4	0.0
WP_032615163.1	88.0	0.0
WP_038476914.1	83.9	0.0
CAB3270026.1	99.8	0.0
WP_163604390.1	88.2	0.0
HAK49393.1	99.0	0.0
EBS0023057.1	100.0	0.0
WP_172568628.1	83.1	0.0
WP_133523143.1	85.7	0.0
WP_106995941.1	87.4	0.0
WP_016538979.1	84.1	0.0
WP_039299259.1	83.7	0.0
ELO35957.1	100.0	0.0
WP_159466150.1	88.2	0.0
WP_034492214.1	83.5	0.0
WP_225759974.1	87.2	0.0
WP_222889099.1	88.8	0.0
WP_154105202.1	87.5	0.0
WP_015368875.1	87.5	0.0
WP_115631608.1	83.5	0.0
CSV10823.1	99.5	0.0
WP_202307627.1	84.2	0.0
WP_209420262.1	86.4	0.0
WP_049046052.1	87.3	0.0
ESF02176.1	99.0	0.0
WP_213292901.1	87.3	0.0
WP_017459722.1	87.4	0.0
WP_054180995.1	87.9	0.0
WP_049061396.1	87.3	0.0
WP_047077116.1	87.3	0.0
WP_049033577.1	87.3	0.0
WP_049839519.1	88.2	0.0
WP_061706571.1	88.3	0.0
WP_159776736.1	87.8	0.0
WP_080935397.1	87.3	0.0
WP_085803375.1	87.3	0.0
EFY46781.1	99.8	0.0
WP_139537364.1	87.1	0.0
WP_114506519.1	87.1	0.0
WP_123758120.1	86.6	0.0
WP_044521753.1	86.8	0.0
WP_117093906.1	87.3	0.0
WP_142465194.1	87.1	0.0
WP_123350492.1	86.8	0.0
WP_085006393.1	89.2	0.0
WP_086075722.1	87.1	0.0
WP_097164554.1	88.6	0.0
WP_004146500.1	87.1	0.0
WP_141416519.1	87.1	0.0
WP_201720372.1	87.1	0.0
AUU88634.1	89.0	0.0
WP_169038583.1	89.0	0.0
WP_086549936.1	87.1	0.0
WP_020456006.1	87.3	0.0
WP_174510355.1	86.4	0.0
WP_045512935.1	87.3	0.0
WP_048289791.1	87.1	0.0
WP_209754087.1	87.1	0.0
WP_107223992.1	88.8	0.0
QJK94045.1	87.1	0.0
WP_085409619.1	87.1	0.0
WP_040146072.1	87.1	0.0
WP_147734145.1	86.8	0.0
WP_176232382.1	87.2	0.0
WP_131081520.1	87.1	0.0
WP_226549034.1	87.1	0.0
WP_200791119.1	86.8	0.0
WP_004177940.1	87.1	0.0
WP_097407608.1	87.3	0.0
WP_192138664.1	86.8	0.0
WP_096810212.1	86.6	0.0
WP_198579752.1	86.8	0.0
WP_048993505.1	86.8	0.0
SFF24138.1	89.0	0.0
WP_094326833.1	87.1	0.0
WP_211777389.1	88.0	0.0
PWF52730.1	88.8	0.0
WP_136031892.1	87.1	0.0
WP_183468420.1	86.8	0.0
WP_147015749.1	87.1	0.0
WP_104467549.1	86.8	0.0
WP_100291635.1	87.1	0.0
WP_048255605.1	86.8	0.0
WP_048288000.1	86.8	0.0
WP_220989809.1	87.1	0.0
WP_102084652.1	86.8	0.0
WP_119936330.1	88.8	0.0
WP_124044895.1	86.8	0.0
WP_222672379.1	86.8	0.0
WP_117039344.1	87.1	0.0
WP_110221233.1	86.8	0.0
WP_150074524.1	86.8	0.0
WP_069334541.1	86.6	0.0
VAP51262.1	86.8	0.0
WP_069197105.1	86.8	0.0
WP_061156199.1	86.8	0.0
WP_110246247.1	86.8	0.0
WP_208928559.1	87.1	0.0
WP_094966181.1	86.8	0.0
WP_139883141.1	83.1	0.0
WP_064839812.1	86.8	0.0
WP_064143834.1	86.8	0.0
WP_201507495.1	86.8	0.0
WP_156731847.1	86.8	0.0
WP_110239514.1	86.6	0.0
AIE01159.1	86.6	0.0
WP_160704091.1	85.9	0.0
WP_108476918.1	87.8	0.0
WP_186980628.1	86.6	0.0
WP_108702222.1	88.8	0.0
WP_131073357.1	86.8	0.0
WP_006816621.1	87.1	0.0
WP_131000156.1	86.8	0.0
MCE0121038.1	86.8	0.0
WP_131412648.1	86.4	0.0
WP_152082681.1	89.0	0.0
WP_085393654.1	86.6	0.0
WP_049858392.1	87.3	0.0
MCD9456367.1	86.8	0.0
RRE55786.1	86.8	0.0
WP_117147967.1	86.8	0.0
WP_095153341.1	86.8	0.0
WP_202686148.1	86.8	0.0
WP_138921188.1	86.6	0.0
WP_223363049.1	86.8	0.0
WP_126358031.1	84.4	0.0
WP_112012634.1	89.2	0.0
WP_166718554.1	88.8	0.0
WP_217188706.1	88.6	0.0
WP_004869567.1	85.5	0.0
WP_024559846.1	88.1	0.0
EJK88943.1	87.2	0.0
WP_032736946.1	86.6	0.0
WP_131050028.1	85.5	0.0
WP_117137490.1	86.6	0.0
WP_064327914.1	88.8	0.0
WP_189624488.1	87.3	0.0
ESH69780.1	100.0	0.0
WP_048024888.1	85.5	0.0
WP_160522833.1	86.6	0.0
WP_012543242.1	86.6	0.0
QGV88055.1	86.8	0.0
WP_131025639.1	86.6	0.0
WP_148405477.1	86.6	0.0
WP_153680188.1	86.4	0.0
WP_224231233.1	86.6	0.0
QJM01711.1	86.6	0.0
WP_089598259.1	89.0	0.0
WP_188724471.1	88.1	0.0
WP_174340364.1	88.8	0.0
PLP43106.1	87.0	0.0
WP_014072287.1	88.6	0.0
WP_015585409.1	85.3	0.0
WP_097401967.1	86.2	0.0
WP_182946178.1	88.8	0.0
WP_049253339.1	99.7	0.0
HAT1611072.1	85.3	0.0
WP_211446315.1	88.8	0.0
WP_029590773.1	88.1	0.0
WP_120158933.1	88.6	0.0
WP_221552229.1	88.8	0.0
WP_060579457.1	86.6	0.0
WP_079517127.1	86.3	0.0
WP_124970857.1	87.5	0.0
HBI11229.1	88.1	0.0
EGR72200.1	99.5	0.0
WP_013368182.1	86.3	0.0
WP_059446096.1	89.7	0.0
AGB80229.1	86.9	0.0
QGW00250.1	86.6	0.0
WP_196351450.1	89.7	0.0
WP_023479569.1	87.5	0.0
WP_047743370.1	89.5	0.0
WP_059347442.1	89.5	0.0
WP_137273457.1	89.1	0.0
WP_042714906.1	87.7	0.0
WP_054803678.1	87.5	0.0
WP_165458969.1	85.1	0.0
WP_167614800.1	84.8	0.0
VEN35401.1	89.2	0.0
WP_165466376.1	90.1	0.0
PVW50617.1	87.1	0.0
MBU5621077.1	89.4	0.0
WP_028018201.1	88.8	0.0
WP_139563818.1	87.7	0.0
WP_088209476.1	89.1	0.0
WP_194401850.1	89.5	0.0
EHF5002880.1	89.2	0.0
WP_202762215.1	89.2	0.0
WP_045403875.1	89.2	0.0
WP_047059105.1	89.2	0.0
WP_032644806.1	89.0	0.0
WP_059311525.1	89.1	0.0
WP_223535282.1	89.0	0.0
WP_187800561.1	87.3	0.0
WP_006179227.1	88.8	0.0
WP_174259523.1	89.2	0.0
WP_126787367.1	89.0	0.0
WP_121423329.1	89.0	0.0
WP_161669838.1	89.5	0.0
WP_126331064.1	89.2	0.0
WP_126349117.1	87.9	0.0
WP_047624331.1	89.0	0.0
WP_045342693.1	89.4	0.0
WP_048241562.1	89.7	0.0
WP_230480131.1	89.4	0.0
WP_050871031.1	89.7	0.0
WP_023323983.1	89.7	0.0
WP_061808159.1	80.8	0.0
WP_182235553.1	87.5	0.0
WP_214623431.1	89.4	0.0
WP_159515117.1	89.0	0.0
WP_209637822.1	80.5	0.0
WP_207120031.1	88.8	0.0
EHN8866766.1	89.7	0.0
WP_214577580.1	89.0	0.0
WP_095283898.1	88.8	0.0
WP_023331580.1	89.0	0.0
WP_150325045.1	89.4	0.0
WP_058691756.1	89.4	0.0
WP_223580737.1	88.6	0.0
WP_104469559.1	89.4	0.0
WP_175572846.1	86.3	0.0
WP_148421642.1	89.0	0.0
HBI6863113.1	89.0	0.0
WP_112781690.1	88.6	0.0
WP_063923752.1	89.7	0.0
WP_017693948.1	89.7	0.0
WP_032672146.1	89.4	0.0
WP_045910942.1	89.4	0.0
WP_047737365.1	89.4	0.0
WP_006812384.1	89.7	0.0
WP_039055064.1	85.9	0.0
WP_149121123.1	89.2	0.0
WP_110276880.1	87.3	0.0
WP_037422789.1	80.5	0.0
WP_125357810.1	89.7	0.0
WP_045330299.1	88.3	0.0
AMX07670.1	89.2	0.0
WP_176609014.1	88.8	0.0
WP_038875378.1	87.1	0.0
HAV1648230.1	89.4	0.0
WP_159872539.1	85.9	0.0
WP_214539141.1	89.0	0.0
MBT1795760.1	89.2	0.0
WP_045142445.1	89.4	0.0
WP_123710414.1	86.2	0.0
MBT1876183.1	89.4	0.0
VTM23345.1	86.2	0.0
HBM2881550.1	86.8	0.0
WP_050556253.1	86.8	0.0
WP_047731275.1	89.4	0.0
WP_133295328.1	88.3	0.0
EGT5661817.1	86.8	0.0
HAV1601869.1	89.2	0.0
WP_058646808.1	89.9	0.0
HBL5379433.1	89.4	0.0
WP_126514698.1	89.7	0.0
WP_063136113.1	89.4	0.0
WP_063853766.1	89.4	0.0
WP_023315178.1	89.2	0.0
EFD4912674.1	100.0	0.0
WP_105637066.1	86.8	0.0
WP_061283903.1	85.3	0.0
MBT2011614.1	89.4	0.0
HAV1478235.1	89.4	0.0
EGT5713292.1	87.1	0.0
WP_220424404.1	89.4	0.0
WP_004127421.1	86.6	0.0
WP_154747370.1	81.6	0.0
MBN5207462.1	81.1	0.0
WP_115193820.1	85.9	0.0
KAB2517113.1	89.2	0.0
WP_105667430.1	86.8	0.0
WP_064355233.1	86.8	0.0
WP_161591569.1	86.8	0.0
WP_105739845.1	86.8	0.0
WP_182268683.1	88.3	0.0
WP_103101691.1	81.1	0.0
WP_045853614.1	85.9	0.0
WP_221925076.1	89.2	0.0
WP_019452553.1	81.4	0.0
WP_063918210.1	81.6	0.0
WP_063933751.1	89.2	0.0
WP_187321905.1	81.0	0.0
WP_180240772.1	89.4	0.0
WP_063943801.1	88.6	0.0
HAV1824494.1	89.2	0.0
WP_049108872.1	89.4	0.0
WP_193145466.1	81.1	0.0
WP_126490052.1	89.2	0.0
WP_049134586.1	89.2	0.0
WP_174137442.1	80.8	0.0
WP_108680036.1	81.1	0.0
WP_064568881.1	86.9	0.0
WP_074055643.1	81.1	0.0
WP_085115773.1	78.8	0.0
WP_163305778.1	88.8	0.0
WP_197822987.1	81.1	0.0
WP_194303579.1	89.0	0.0
WP_041143482.1	85.9	0.0
WP_049600781.1	79.9	0.0
WP_024551628.1	85.7	0.0
WP_133601430.1	86.2	0.0
WP_038885141.1	86.8	0.0
MBH2920973.1	80.9	0.0
WP_104949890.1	88.1	0.0
QDI11791.1	81.1	0.0
WP_044554402.1	79.7	0.0
WP_059372230.1	88.6	0.0
WP_107227496.1	80.9	0.0
WP_060558157.1	81.1	0.0
WP_043955868.1	87.6	0.0
WP_049195658.1	81.1	0.0
WP_126192515.1	80.8	0.0
WP_073533195.1	81.8	0.0
WP_130017536.1	80.9	0.0
WP_153858693.1	79.4	0.0
WP_063989084.1	80.9	0.0
WP_164057875.1	81.1	0.0
WP_004133275.1	86.6	0.0
WP_095105155.1	85.9	0.0
WP_049198176.1	80.5	0.0
WP_020824759.1	80.4	0.0
WP_046374747.1	79.6	0.0
WP_016929500.1	80.9	0.0
WP_049593745.1	86.6	0.0
WP_224247201.1	86.6	0.0
WP_193843196.1	80.7	0.0
WP_164049864.1	80.9	0.0
WP_045907014.1	89.2	0.0
WP_213785328.1	89.2	0.0
WP_033639016.1	80.9	0.0
WP_197824345.1	80.9	0.0
STJ21125.1	100.0	0.0
WP_048796347.1	80.7	0.0
WP_106929836.1	85.5	0.0
WP_074779934.1	86.7	0.0
WP_060448383.1	80.9	0.0
MBH3205025.1	80.5	0.0
MBH3200053.1	81.1	0.0
WP_043142238.1	80.9	0.0
WP_154911290.1	86.4	0.0
WP_064546419.1	85.7	0.0
MRS92234.1	89.3	0.0
WP_116691463.1	80.1	0.0
WP_126765765.1	89.0	0.0
WP_130042714.1	80.9	0.0
WP_094860107.1	80.9	0.0
WP_031523759.1	84.4	0.0
WP_164105541.1	80.9	0.0
WP_089195349.1	80.9	0.0
WP_105680548.1	86.0	0.0
WP_182822684.1	79.5	0.0
WP_194572442.1	80.9	0.0
WP_089186663.1	80.9	0.0
WP_062777376.1	84.0	0.0
SAQ06398.1	80.3	0.0
WP_105631928.1	86.6	0.0
WP_148866213.1	86.4	0.0
WP_079452292.1	80.9	0.0
WP_090136049.1	87.1	0.0
WP_049847170.1	86.7	0.0
WP_224359250.1	86.4	0.0
QDI45742.1	80.7	0.0
WP_164954738.1	88.1	0.0
WP_224253039.1	86.4	0.0
VUS40192.1	86.7	0.0
WP_049209218.1	80.7	0.0
MBI6124655.1	80.9	0.0
WP_126180519.1	80.3	0.0
WP_199636446.1	79.9	0.0
WP_149571817.1	80.5	0.0
WP_099782462.1	80.7	0.0
MBS1204781.1	87.0	0.0
WP_007704340.1	85.3	0.0
MCA1924351.1	84.5	0.0
WP_197653127.1	80.7	0.0
WP_135314667.1	79.2	0.0
WP_224257347.1	86.4	0.0
WP_065357483.1	85.5	0.0
MCE0814661.1	84.3	0.0
WP_024484177.1	80.1	0.0
MCE0847955.1	84.2	0.0
WP_169723656.1	89.0	0.0
MCE0802686.1	84.0	0.0
WP_129936267.1	79.2	0.0
AMO51170.1	86.8	0.0
WP_135344757.1	79.0	0.0
WP_084999280.1	85.6	0.0
WP_097585109.1	85.6	0.0
VXC45129.1	79.9	0.0
WP_063411893.1	90.1	0.0
WP_149464872.1	86.1	0.0
WP_088262969.1	85.1	0.0
WP_148737622.1	85.3	0.0
NWA45370.1	80.0	0.0
WP_153908354.1	90.1	0.0
RJK68086.1	81.1	0.0
WP_071921778.1	86.3	0.0
WP_134187785.1	84.3	0.0
WP_076727855.1	85.3	0.0
WP_032983054.1	85.3	0.0
WP_064515175.1	84.0	0.0
WP_144136355.1	86.3	0.0
WP_199160788.1	88.3	0.0
WP_105653976.1	85.1	0.0
WP_007798159.1	85.7	0.0
WP_105625963.1	85.3	0.0
WP_110811220.1	85.3	0.0
WP_090126612.1	87.3	0.0
WP_154148074.1	79.9	0.0
WP_088278162.1	85.3	0.0
WP_105398537.1	79.0	0.0
WP_025119012.1	79.5	0.0
WP_185688854.1	79.9	0.0
WP_023293570.1	88.3	0.0
WP_196372915.1	89.9	0.0
WP_105620948.1	85.1	0.0
WP_045336954.1	88.3	0.0
WP_214087076.1	78.7	0.0
WP_036809904.1	78.8	0.0
WP_034794765.1	79.9	0.0
WP_104674128.1	85.1	0.0
WP_220419366.1	87.9	0.0
WP_100167987.1	89.7	0.0
WP_112877300.1	78.3	0.0
WP_163341584.1	88.1	0.0
WP_119917175.1	88.8	0.0
WP_037400977.1	79.0	0.0
WP_040021381.1	89.7	0.0
HBH6934002.1	89.9	0.0
WP_188475122.1	80.1	0.0
WP_194565075.1	86.1	0.0
WP_044597484.1	88.1	0.0
WP_096928776.1	89.7	0.0
WP_132347385.1	78.6	0.0
WP_139936942.1	89.7	0.0
WP_032654035.1	88.1	0.0
WP_183172333.1	84.6	0.0
WP_166733845.1	79.2	0.0
WP_023345093.1	87.9	0.0
WP_219291304.1	87.9	0.0
WP_063155589.1	88.8	0.0
WP_021242840.1	87.9	0.0
WP_159126033.1	87.9	0.0
HAS0883145.1	88.1	0.0
WP_049121424.1	87.9	0.0
WP_013099270.1	90.0	0.0
WP_041911822.1	88.6	0.0
WP_063618596.1	87.9	0.0
WP_059364985.1	87.9	0.0
WP_192972113.1	88.8	0.0
WP_123923186.1	87.9	0.0
WP_042526468.1	78.5	0.0
WP_126522837.1	89.7	0.0
WP_080330366.1	88.6	0.0
WP_148052002.1	84.1	0.0
WP_227880484.1	87.9	0.0
WP_177317928.1	87.9	0.0
HAT7707594.1	87.9	0.0
WP_045844356.1	78.3	0.0
WP_002437976.1	84.1	0.0
WP_193532860.1	88.6	0.0
WP_047366701.1	88.6	0.0
WP_118984699.1	78.3	0.0
WP_214066914.1	78.3	0.0
WP_113024808.1	79.1	0.0
WP_110086226.1	78.3	0.0
WP_050152154.1	79.1	0.0
WP_131635700.1	89.0	0.0
WP_024907970.1	89.0	0.0
WP_011148722.1	79.1	0.0
WP_048989608.1	89.0	0.0
WP_214053949.1	78.1	0.0
WP_145578171.1	79.1	0.0
WP_109054845.1	78.5	0.0
WP_087818911.1	78.9	0.0
VTN07949.1	87.0	0.0
WP_145511597.1	78.6	0.0
WP_219654765.1	78.6	0.0
WP_136166744.1	79.0	0.0
WP_057533317.1	78.4	0.0
WP_038400664.1	78.4	0.0
WP_049635107.1	78.4	0.0
WP_047254900.1	78.3	0.0
WP_203463978.1	89.4	0.0
WP_032911355.1	77.9	0.0
WP_130640548.1	78.5	0.0
WP_032908779.1	78.3	0.0
WP_225086116.1	78.8	0.0
WP_025382139.1	78.2	0.0
WP_005969152.1	78.5	0.0
WP_049599156.1	78.2	0.0
WP_054877412.1	78.4	0.0
WP_137764670.1	79.0	0.0
WP_042547218.1	78.4	0.0
WP_103160921.1	78.5	0.0
WP_116362545.1	78.8	0.0
WP_050115237.1	78.4	0.0
WP_050323183.1	78.1	0.0
WP_033848687.1	78.4	0.0
WP_193401971.1	78.5	0.0
WP_015731404.1	78.1	0.0
WP_219657630.1	79.2	0.0
WP_076631794.1	78.2	0.0
WP_049688752.1	78.2	0.0
WP_039546738.1	78.5	0.0
WP_172291396.1	78.8	0.0
WP_014701795.1	78.1	0.0
WP_199378639.1	78.5	0.0
WP_226310543.1	78.5	0.0
WP_048030792.1	88.3	0.0
WP_226307961.1	78.1	0.0
WP_221872630.1	78.1	0.0
WP_113626913.1	78.1	0.0
WP_042840142.1	78.2	0.0
WP_009111035.1	78.8	0.0
WP_019213149.1	78.9	0.0
WP_103162339.1	78.3	0.0
WP_039508663.1	78.5	0.0
WP_011095672.1	78.0	0.0
WP_039363226.1	78.3	0.0
WP_180779372.1	78.5	0.0
WP_145510135.1	78.4	0.0
EGS2006449.1	88.1	0.0
WP_224718030.1	78.5	0.0
WP_049273085.1	80.3	0.0
WP_065388983.1	79.0	0.0
QJW58356.1	81.0	0.0
WP_193400681.1	78.3	0.0
WP_048254826.1	86.4	0.0
WP_225181812.1	78.3	0.0
VTR49964.1	80.5	0.0
WP_130637851.1	78.5	0.0
WP_181845225.1	78.3	0.0
WP_205552043.1	78.1	0.0
WP_019084350.1	77.9	0.0
WP_205539680.1	78.3	0.0
WP_057534405.1	77.9	0.0
WP_048226907.1	88.1	0.0
WP_015842096.1	78.3	0.0
WP_145493474.1	78.6	0.0
MBF0084887.1	100.0	0.0
WP_226312891.1	79.0	0.0
WP_205565090.1	77.9	0.0
WP_095442010.1	87.9	0.0
WP_129708833.1	78.1	0.0
EEP94504.1	78.4	0.0
WP_032898177.1	78.6	0.0
CCJ95040.1	85.0	0.0
WP_205552242.1	78.1	0.0
WP_045909235.1	88.1	0.0
WP_039498150.1	77.9	0.0
WP_095993101.1	77.6	0.0
WP_180787077.1	77.9	0.0
WP_225583953.1	77.9	0.0
WP_083161886.1	78.2	0.0
WP_101817249.1	77.6	0.0
WP_032815346.1	77.9	0.0
WP_101826649.1	78.0	0.0
WP_039305243.1	78.1	0.0
WP_104212892.1	78.1	0.0
WP_050143424.1	78.1	0.0
WP_203449662.1	77.9	0.0
WP_145569585.1	77.9	0.0
WP_120509241.1	78.5	0.0
WP_212589591.1	77.4	0.0
WP_120134459.1	78.5	0.0
WP_101835884.1	77.4	0.0
WP_095452465.1	87.7	0.0
WP_193399242.1	78.1	0.0
WP_103862716.1	78.1	0.0
WP_221865766.1	78.8	0.0
WP_050288714.1	78.0	0.0
QHQ19821.1	77.6	0.0
WP_072931285.1	77.6	0.0
WP_050136270.1	78.0	0.0
WP_194431257.1	78.1	0.0
WP_052903249.1	77.6	0.0
WP_122096511.1	79.0	0.0
WP_014916943.1	77.9	0.0
WP_200223338.1	79.0	0.0
WP_039311643.1	77.6	0.0
WP_212585890.1	78.4	0.0
WP_113866050.1	77.8	0.0
WP_112290312.1	79.2	0.0
WP_131488640.1	89.3	0.0
WP_056772299.1	78.8	0.0
WP_050538953.1	77.7	0.0
WP_132456480.1	77.2	0.0
WP_050086984.1	77.7	0.0
WP_113878099.1	79.2	0.0
WP_101079458.1	79.0	0.0
WP_174343832.1	89.5	0.0
WP_172908505.1	78.5	0.0
WP_092508507.1	77.9	0.0
WP_015960954.1	89.7	0.0
WP_187653196.1	77.4	0.0
WP_008914057.1	77.6	0.0
WP_092516713.1	77.4	0.0
WP_095835336.1	77.9	0.0
WP_013577527.1	78.8	0.0
WP_228985947.1	86.6	0.0
WP_048275891.1	85.7	0.0
WP_087588556.1	86.6	0.0
CDL18374.1	86.6	0.0
MBD2811743.1	77.6	0.0
WP_036839290.1	78.8	0.0
ESC21552.1	99.7	0.0
STV85190.1	86.8	0.0
WP_074022745.1	76.7	0.0
WP_228859110.1	77.2	0.0
WP_154624228.1	76.5	0.0
WP_112198178.1	78.5	0.0
WP_218704159.1	100.0	0.0
EEQ14166.1	78.5	0.0
WP_219073648.1	99.7	0.0
WP_126125264.1	78.3	0.0
PLN71171.1	89.2	0.0
MBK1755597.1	100.0	0.0
WP_015344130.1	80.6	0.0
SUG68855.1	99.7	0.0
WP_140182123.1	76.5	0.0
WP_129955214.1	78.8	0.0
WP_099109313.1	76.5	0.0
WP_099124150.1	77.2	0.0
WP_218523031.1	79.0	0.0
WP_025473466.1	78.8	0.0
WP_017800649.1	81.8	0.0
WP_217137705.1	78.5	0.0
WP_189759395.1	76.1	0.0
WP_197950250.1	81.1	0.0
MBP6083001.1	75.3	0.0
WP_219244963.1	75.6	0.0
CEE90143.1	76.0	0.0
WP_198620249.1	75.6	0.0
WP_105229331.1	81.1	0.0
WP_194174389.1	100.0	0.0
WP_210836693.1	76.0	0.0
WP_047766317.1	76.2	0.0
WP_166184776.1	75.8	0.0
WP_006658200.1	75.3	0.0
MBG2712419.1	75.3	0.0
EYI65667.1	99.7	0.0
WP_225820877.1	75.1	0.0
WP_125894335.1	75.8	0.0
WP_032662812.1	89.2	0.0
WP_115065029.1	75.0	0.0
MBQ0692395.1	75.7	0.0
WP_144140422.1	75.8	0.0
WP_099119944.1	76.3	0.0
WP_064718558.1	75.3	0.0
WP_198886964.1	89.0	0.0
WP_100159754.1	75.3	0.0
WP_154599723.1	75.5	0.0
WP_036948832.1	75.5	0.0
WP_112837585.1	75.5	0.0
WP_196576489.1	75.3	0.0
WP_109372734.1	75.1	0.0
HCH50970.1	75.3	0.0
WP_154628875.1	74.4	0.0
WP_165121876.1	75.1	0.0
WP_102949428.1	75.1	0.0
WP_068439750.1	75.3	0.0
WP_109395458.1	74.9	0.0
WP_109399696.1	75.0	0.0
WP_161706225.1	76.2	0.0
WP_196568519.1	74.9	0.0
WP_099076341.1	74.9	0.0
WP_115825347.1	75.6	0.0
WP_069317285.1	76.6	0.0
WP_219495695.1	75.1	0.0
WP_038268499.1	75.6	0.0
WP_038248500.1	75.7	0.0
WP_223673737.1	74.9	0.0
WP_038207798.1	76.3	0.0
WP_039854996.1	75.3	0.0
WP_038214029.1	76.5	0.0
WP_193016947.1	74.9	0.0
WP_129039055.1	75.1	0.0
WP_109220748.1	89.5	0.0
WP_193851617.1	76.4	0.0
MBG6029054.1	75.1	0.0
MBG3131469.1	74.9	0.0
WP_036939573.1	74.7	0.0
WP_194162719.1	99.7	0.0
WP_098941398.1	74.9	0.0
CCK04797.1	82.6	0.0
WP_198624514.1	74.7	0.0
WP_130590107.1	74.2	0.0
WP_123337806.1	80.6	0.0
MBD2800632.1	75.7	0.0
WP_166540252.1	74.9	0.0
WP_038253741.1	74.8	0.0
EBP2890476.1	100.0	0.0
MBD2814366.1	75.3	0.0
WP_038242262.1	75.7	0.0
WP_109410120.1	74.9	0.0
WP_185166483.1	76.0	0.0
WP_020946594.1	76.0	0.0
HCU17037.1	78.1	0.0
WP_008815839.1	78.1	0.0
WP_004246340.1	76.0	0.0
WP_004089272.1	78.1	0.0
WP_087740951.1	76.0	0.0
WP_211849665.1	75.8	0.0
WP_071425355.1	76.0	0.0
WP_070715658.1	77.9	0.0
WP_084912505.1	75.7	0.0
EEP89228.1	80.0	0.0
MBG3116703.1	75.8	0.0
WP_047782379.1	72.9	0.0
MBG2785908.1	75.8	0.0
EBX6544357.1	86.7	0.0
WP_225701249.1	75.8	0.0
WP_200547535.1	80.4	0.0
WP_045049788.1	76.8	0.0
NDJ55457.1	82.3	0.0
WP_079847371.1	99.7	0.0
WP_137714898.1	77.3	0.0
KQN51106.1	76.1	0.0
WP_187486611.1	75.8	0.0
CDS56727.1	78.5	0.0
WP_040264482.1	78.5	0.0
PLN86994.1	89.4	0.0
NIH11860.1	78.5	0.0
WP_084982258.1	76.1	0.0
WP_067422821.1	73.9	0.0
WP_004154923.1	79.0	0.0
WP_227953886.1	75.5	0.0
WP_061770275.1	78.3	0.0
WP_016257256.1	79.4	0.0
WP_168428296.1	78.6	0.0
WP_169405391.1	75.7	0.0
WP_168393269.1	78.6	0.0
CCP05273.1	78.4	0.0
WP_159338533.1	79.8	0.0
WP_154754477.1	79.4	0.0
MBS6058875.1	80.1	0.0
WP_156288102.1	79.1	0.0
NUU68743.1	78.6	0.0
WP_159567402.1	75.1	0.0
WP_145055601.1	79.9	0.0
WP_143971973.1	74.7	0.0
WP_214178043.1	74.7	0.0
VTT27779.1	78.7	0.0
WP_212409480.1	79.0	0.0
WP_072872220.1	74.4	0.0
WP_214211300.1	74.4	0.0
PIJ55442.1	78.9	0.0
WP_124537934.1	74.4	0.0
WP_004241324.1	74.4	0.0
HAT1514172.1	74.4	0.0
WP_065407331.1	99.7	0.0
WP_115460107.1	77.7	0.0
WP_036409469.1	74.2	0.0
WP_166708803.1	74.4	0.0
WP_187496921.1	78.7	0.0
KLO03543.1	74.7	0.0
EDY0751570.1	100.0	0.0
HBH7053016.1	74.2	0.0
WP_107680515.1	74.4	0.0
WP_214167236.1	74.2	0.0
WP_219113387.1	99.7	0.0
WP_141177656.1	79.7	0.0
WP_214095924.1	74.4	0.0
WP_127378491.1	74.0	0.0
WP_021183785.1	74.7	0.0
WP_208724539.1	74.4	0.0
WP_021013515.1	72.2	0.0
WP_222158881.1	74.4	0.0
MBG6242700.1	74.3	0.0
WP_200574231.1	74.5	0.0
WP_097118515.1	74.7	0.0
WP_034827852.1	74.5	0.0
WP_038643804.1	74.1	0.0
WP_166933225.1	74.7	0.0
WP_176973375.1	73.5	0.0
WP_182059215.1	74.3	0.0
WP_039329212.1	74.9	0.0
WP_200681144.1	73.9	0.0
WP_064738167.1	73.3	0.0
HAU5566106.1	73.5	0.0
WP_158784325.1	78.6	0.0
WP_224933781.1	74.4	0.0
WP_036115444.1	78.1	0.0
PLK96132.1	86.6	0.0
WP_179452829.1	73.3	0.0
WP_110027951.1	78.1	0.0
WP_101763765.1	73.3	0.0
WP_064596876.1	78.6	0.0
WP_156903764.1	86.6	0.0
WP_094101268.1	72.4	0.0
WP_026822651.1	74.3	0.0
WP_032114333.1	73.7	0.0
WP_154775903.1	76.8	0.0
WP_110867918.1	73.5	0.0
MBK4715001.1	80.4	0.0
WP_129109369.1	73.9	0.0
HBH69547.1	79.8	0.0
HBI08043.1	80.0	0.0
WP_061553066.1	77.9	0.0
WP_206404784.1	78.8	0.0
MBV4369192.1	78.6	0.0
WP_046459009.1	77.9	0.0
AXF77857.1	76.7	0.0
WP_130987539.1	76.9	0.0
WP_115349318.1	76.7	0.0
WP_130995158.1	76.7	0.0
WP_151038559.1	78.8	0.0
WP_172722792.1	77.8	0.0
WP_061586465.1	100.0	0.0
WP_016192337.1	76.5	0.0
WP_072550400.1	72.4	0.0
WP_180817206.1	73.2	0.0
WP_046450404.1	77.8	0.0
WP_150437115.1	75.5	0.0
EHC97851.1	99.7	0.0
EIS16868.1	79.9	0.0
WP_195314428.1	75.3	0.0
KNB29461.1	100.0	0.0
WP_198089401.1	75.3	0.0
WP_026739290.1	73.2	0.0
WP_085652168.1	72.1	0.0
WP_026743718.1	71.6	0.0
WP_220441696.1	100.0	0.0
STF34122.1	99.4	0.0
WP_050292310.1	80.5	0.0
WP_015869579.1	75.8	0.0
WP_049640082.1	75.8	0.0
pir|S27726|	99.1	0.0
WP_052969228.1	99.7	0.0
WP_058758106.1	74.7	0.0
WP_047709225.1	71.9	0.0
WP_213209595.1	100.0	0.0
WP_033793101.1	76.1	0.0
WP_084884589.1	76.7	0.0
MBK4784412.1	74.5	0.0
WP_033754568.1	76.9	0.0
WP_039045241.1	71.7	0.0
WP_127833525.1	74.5	0.0
WP_104094224.1	74.5	0.0
WP_208713572.1	73.7	0.0
CQH59115.1	81.2	0.0
MCE0491664.1	72.0	0.0
PVF39132.1	81.2	0.0
CDL19027.1	88.0	0.0
WP_215786811.1	74.0	0.0
RTY54835.1	74.8	0.0
WP_230432891.1	71.5	0.0
WP_130833146.1	73.9	0.0
HAX0093959.1	99.7	0.0
WP_012846991.1	77.0	0.0
WP_120457949.1	75.0	0.0
WP_034948584.1	77.7	0.0
WP_034918616.1	77.7	0.0
WP_187513416.1	75.4	0.0
WP_078805041.1	75.4	0.0
WP_094107823.1	72.6	0.0
WP_078004072.1	73.2	0.0
WP_132923818.1	72.2	0.0
HCW97598.1	74.5	0.0
WP_154929008.1	75.9	0.0
WP_031375049.1	76.0	0.0
WP_193406279.1	74.1	0.0
WP_058958101.1	75.6	0.0
WP_009088434.1	75.6	0.0
ELP24738.1	75.2	0.0
WP_039381732.1	73.5	0.0
WP_166714347.1	73.5	0.0
EHC30039.1	100.0	0.0
WP_135910461.1	75.4	0.0
WP_010257343.1	75.6	0.0
WP_110331153.1	75.6	0.0
WP_150013267.1	75.6	0.0
HBU95123.1	89.9	0.0
WP_228312340.1	75.6	0.0
WP_092878711.1	70.7	0.0
WP_205438975.1	76.3	0.0
WP_179899010.1	74.9	0.0
WP_167423728.1	75.4	0.0
WP_033734810.1	75.6	0.0
WP_187500704.1	75.4	0.0
WP_143991275.1	75.4	0.0
KWQ66535.1	100.0	0.0
BAN96833.1	72.9	0.0
WP_017345728.1	73.1	0.0
KEY41469.1	75.5	0.0
EHC65024.1	100.0	0.0
EHC49733.1	99.7	0.0
WP_066597501.1	70.7	0.0
EHC44500.1	99.7	0.0
WP_028725431.1	72.4	0.0
WP_116197978.1	71.9	0.0
MXP49844.1	74.9	0.0
EEU9295414.1	89.5	0.0
PLK89849.1	89.2	0.0
WP_063877892.1	71.5	0.0
EBT6911095.1	100.0	0.0
WP_109717898.1	71.5	0.0
WP_172898156.1	71.5	0.0
WP_014606994.1	71.7	0.0
WP_014595006.1	71.7	0.0
ADD75324.1	71.7	0.0
WP_105077692.1	71.7	0.0
WP_210507905.1	71.5	0.0
WP_064365752.1	72.6	0.0
WP_205957091.1	70.5	0.0
WP_006121440.1	70.5	0.0
MBU5652759.1	92.3	0.0
WP_205953783.1	70.5	0.0
HBC3295761.1	100.0	0.0
WP_110397796.1	100.0	0.0
WP_038015439.1	70.5	0.0
WP_172913514.1	70.8	0.0
WP_050569511.1	66.3	0.0
WP_102014766.1	89.1	0.0
WP_106474964.1	78.6	0.0
WP_029991723.1	70.9	0.0
STJ31961.1	99.7	0.0
WP_226510002.1	66.7	0.0
WP_025904156.1	71.1	0.0
QYM98131.1	66.4	0.0
WP_168641795.1	65.9	0.0
CSE31866.1	99.6	0.0
WP_012886492.1	66.5	0.0
WP_168361241.1	65.9	0.0
WP_023640969.1	66.3	0.0
WP_226068092.1	65.8	0.0
WP_219952066.1	65.5	0.0
WP_001673993.1	100.0	0.0
WP_210193527.1	65.8	0.0
WP_226101342.1	65.8	0.0
WP_226092826.1	66.4	0.0
WP_110371798.1	66.1	0.0
WP_210175200.1	66.1	0.0
WP_127959510.1	64.9	0.0
WP_071432571.1	65.5	0.0
EBY8436416.1	100.0	0.0
WP_016942869.1	65.0	0.0
WP_099823054.1	68.0	0.0
STP23199.1	91.6	0.0
STS79250.1	89.1	0.0
HAJ3625705.1	89.4	0.0
HAN8572929.1	99.6	0.0
WP_077245381.1	66.7	0.0
WP_042861457.1	66.8	0.0
EFA48078.1	76.0	0.0
CDL38348.1	94.7	0.0
WP_040084677.1	99.6	0.0
STQ46908.1	80.2	0.0
STV18168.1	88.9	0.0
WP_216284162.1	67.0	0.0
WP_013319850.1	67.0	0.0
HBC82860.1	92.0	0.0
WP_012767949.1	66.0	0.0
WP_107760658.1	67.0	0.0
WP_038920506.1	66.8	0.0
WP_121480710.1	67.0	0.0
WP_027710643.1	65.9	0.0
WP_171849987.1	66.7	0.0
WP_039692797.1	66.6	0.0
CRK85745.1	59.3	0.0
EFN7789505.1	100.0	0.0
MBA1841095.1	100.0	0.0
WP_226052056.1	66.1	0.0
EBQ5110713.1	100.0	0.0
CSP37821.1	99.2	0.0
WP_192989672.1	66.7	0.0
WP_024110292.1	66.7	0.0
SUH90597.1	98.5	0.0
WP_045227788.1	100.0	0.0
ECO0042658.1	100.0	0.0
MWT88670.1	100.0	0.0
WP_170838389.1	100.0	0.0
HAJ1047505.1	100.0	0.0
WP_105746453.1	85.9	0.0
VTP82664.1	87.4	0.0
EBW6088510.1	86.4	0.0
WP_196972710.1	100.0	0.0
VFS54737.1	75.8	0.0
WP_205713236.1	100.0	0.0
WP_079839377.1	100.0	0.0
EHD6526340.1	100.0	0.0
WP_186797124.1	100.0	0.0
RIC95499.1	100.0	0.0
VEA71193.1	81.1	0.0
KJT30985.1	93.2	0.0
HCG16021.1	99.6	0.0
SQI98916.1	86.8	0.0
STM36227.1	98.7	0.0
SUX76604.1	97.9	0.0
STJ83545.1	99.6	0.0
WP_223679647.1	100.0	0.0
WP_208324011.1	100.0	0.0
TNG91876.1	54.2	0.0
WP_125260974.1	59.5	0.0
TNH04542.1	53.8	0.0
SUG50503.1	99.2	0.0
HBC9121609.1	100.0	0.0
WP_012763851.1	57.4	0.0
SQI29363.1	76.9	0.0
WP_181412852.1	100.0	0.0
WP_182477996.1	100.0	0.0
MBS5380523.1	100.0	0.0
STM36226.1	96.8	0.0
EHC80066.1	99.6	0.0
WP_188294302.1	99.6	0.0
PLP40736.1	87.1	0.0
NAG37577.1	89.1	0.0
EIQ60072.1	100.0	0.0
WP_185181426.1	57.1	0.0
VEB91677.1	92.8	0.0
MSD89397.1	100.0	0.0
TXJ75039.1	88.8	0.0
WP_045227838.1	100.0	0.0
VTN13030.1	87.2	0.0
WP_179125015.1	99.5	0.0
WP_199559306.1	99.5	0.0
EAQ6918633.1	77.6	0.0
PPK21141.1	93.8	0.0
WP_206740123.1	100.0	0.0
WP_179126280.1	100.0	0.0
WP_186793395.1	100.0	0.0
HBK2388881.1	99.5	0.0
EBA4476746.1	99.5	0.0
WP_051434129.1	54.0	0.0
STT13937.1	87.3	0.0
STR42633.1	87.3	0.0
WP_223691675.1	55.5	0.0
RID18232.1	100.0	0.0
WP_179125048.1	100.0	0.0
TGE27824.1	98.2	0.0
TNA34736.1	99.5	0.0
WP_181893785.1	52.8	0.0
WP_201474763.1	100.0	0.0
MBU5566855.1	99.0	0.0
WP_015674280.1	52.2	0.0
WP_026313250.1	52.6	0.0
ECY4977413.1	100.0	0.0
VEE90924.1	51.1	0.0
WP_197050927.1	51.0	0.0
MBU5563669.1	100.0	0.0
ECO0043598.1	100.0	0.0
EBU7628753.1	99.6	0.0
RXC72686.1	99.5	0.0
WP_188294300.1	100.0	0.0
HAJ1048485.1	99.5	0.0
STU82179.1	86.1	0.0
STG51521.1	98.9	0.0
STW10136.1	84.8	0.0
HBB3078468.1	99.5	0.0
SUC33408.1	81.4	0.0
MBA1933916.1	99.4	0.0
PLK70240.1	91.9	0.0
WP_229768843.1	83.2	0.0
WP_188079759.1	100.0	0.0
HCG16022.1	99.4	0.0
WP_208790016.1	52.0	0.0
CRY34653.1	84.0	0.0
WP_186797079.1	100.0	0.0
STU82758.1	87.7	0.0
EFG7881242.1	100.0	0.0
VTP80491.1	79.8	0.0
SQC16001.1	87.5	0.0
WP_192840806.1	87.4	0.0
KAE9536243.1	49.9	0.0
WP_157403593.1	48.6	0.0
WP_202206023.1	87.3	0.0
WP_205733465.1	99.4	0.0
HBK2387311.1	100.0	0.0
WP_153985700.1	47.4	0.0
WP_229768842.1	73.7	0.0
WP_009874557.1	45.0	0.0
WP_039709312.1	45.3	0.0
SUG90894.1	100.0	0.0
WP_005608909.1	45.0	0.0
HAI48809.1	82.2	0.0
WP_160442055.1	48.9	0.0
WP_215578094.1	45.0	0.0
WP_044701747.1	100.0	0.0
WP_021113794.1	48.9	0.0
WP_160405541.1	48.9	0.0
WP_062924231.1	48.9	0.0
WP_160413175.1	48.7	0.0
WP_075606199.1	48.6	0.0
KDB47380.1	49.0	0.0
WP_035523649.1	49.1	0.0
WP_160440762.1	49.1	0.0
WP_005613094.1	44.8	0.0
WP_207326725.1	48.9	0.0
WP_021109799.1	48.9	0.0
KDD78543.1	48.9	0.0
MWQ07953.1	48.6	0.0
BBU79431.1	98.1	0.0
EQA01755.1	48.6	0.0
WP_021117394.1	49.3	0.0
WP_186793313.1	100.0	0.0
WP_075604758.1	49.6	0.0
WP_021114771.1	48.1	0.0
WP_160434270.1	48.6	0.0
WP_149351098.1	48.4	0.0
WP_015939601.1	48.1	0.0
WP_035492172.1	48.1	0.0
KDB44663.1	48.1	0.0
WP_078237534.1	48.3	0.0
WP_229583610.1	48.2	0.0
WP_160414980.1	47.8	0.0
WP_176443857.1	48.1	0.0
CXB14145.1	98.3	0.0
QIM63804.1	48.6	0.0
HAS1391672.1	86.5	0.0
WP_160436964.1	47.9	0.0
STG32262.1	100.0	0.0
SQD08059.1	100.0	0.0
HBO38732.1	55.6	0.0
WP_032844392.1	47.2	0.0
WP_064082387.1	46.5	0.0
WP_147010923.1	47.2	0.0
WP_025218134.1	47.2	0.0
WP_226318093.1	46.9	0.0
EGW85555.1	99.4	0.0
AAP96583.1	46.8	0.0
VEI47938.1	50.5	0.0
AKO45908.1	48.2	0.0
WP_041603565.1	48.5	0.0
WP_006248470.1	46.9	0.0
WP_188157335.1	46.4	0.0
WP_138317707.1	47.2	0.0
EIQ60073.1	98.8	0.0
WP_178219271.1	45.4	0.0
WP_207906504.1	45.8	0.0
WP_211754164.1	85.9	0.0
TCP15770.1	45.9	0.0
WP_176671795.1	46.6	0.0
WP_112110197.1	46.4	0.0
WP_219757461.1	91.3	0.0
WP_226084715.1	99.4	0.0
WP_169679808.1	83.1	0.0
MBD9067211.1	87.7	0.0
WP_213976813.1	85.7	0.0
EFL81675.1	47.5	0.0
EBW1670957.1	99.3	0.0
EEY10232.1	48.2	0.0
HBC3296974.1	100.0	0.0
WP_135056216.1	44.7	0.0
KJT30984.1	99.4	0.0
WP_042801688.1	49.6	0.0
RBZ94220.1	85.1	0.0
CRB17608.1	98.1	0.0
VTO16446.1	84.7	0.0
WP_111749808.1	42.6	0.0
MWL74220.1	87.7	0.0
RCJ91655.1	85.8	0.0
MBN0933795.1	93.3	0.0
WP_187643660.1	99.3	0.0
WP_174202447.1	90.2	0.0
WP_199910084.1	99.3	0.0
WP_202214952.1	73.3	0.0
MCD5310619.1	44.2	0.0
WP_176142725.1	98.9	0.0
AHG84887.1	45.8	0.0
STW66150.1	85.5	0.0
VDL20034.1	100.0	0.0
EBQ5112732.1	100.0	0.0
MBA1934584.1	99.3	0.0
MBI0250517.1	83.1	0.0
WP_194314390.1	100.0	0.0
WP_015431779.1	46.3	0.0
OAQ13713.1	46.3	0.0
NQF22783.1	85.2	0.0
WP_064318367.1	46.3	0.0
WP_025267373.1	46.3	0.0
SAE61750.1	84.6	0.0
STF34123.1	100.0	0.0
WP_025288900.1	46.5	0.0
PLP49314.1	84.9	0.0
KAE9797471.1	92.8	0.0
WP_190323587.1	99.3	0.0
KAF0668699.1	100.0	0.0
KAF0656726.1	100.0	0.0
PCQ19366.1	82.2	0.0
SQI28169.1	98.2	0.0
WP_207785152.1	91.3	0.0
VEA79779.1	97.9	0.0
EDY0751226.1	100.0	0.0
WP_182318870.1	100.0	0.0
WP_045718813.1	100.0	0.0
WP_186793607.1	100.0	0.0
WP_182464990.1	100.0	0.0
HAI48810.1	84.6	0.0
EBO3465872.1	100.0	0.0
SPZ02501.1	79.2	0.0
KJT85143.1	99.2	0.0
VEB27119.1	44.5	0.0
WP_000295689.1	100.0	0.0
MBN0734545.1	90.5	0.0
STG51520.1	100.0	0.0
TGB80666.1	99.2	0.0
MBN0668930.1	90.4	0.0
WP_172714883.1	89.0	0.0
STJ31960.1	91.7	0.0
WP_206738726.1	78.9	0.0
WP_221553416.1	85.7	0.0
WP_176264779.1	100.0	0.0
WP_226057616.1	100.0	0.0
WP_170838679.1	100.0	0.0
TBL45076.1	85.7	0.0
WP_174202361.1	84.1	0.0
MCD9175669.1	77.1	0.0
VDR30565.1	81.6	0.0
MBL1167176.1	82.2	0.0
SPY74188.1	66.3	0.0
MCE1986294.1	91.7	0.0
WP_171839834.1	93.7	0.0
CAA2929264.1	79.6	0.0
EHC44501.1	99.2	0.0
EHC30017.1	100.0	0.0
MBN0056105.1	90.2	0.0
SWC22168.1	99.1	0.0
STT83070.1	82.4	0.0
WP_171003139.1	99.1	0.0
EHC29873.1	100.0	0.0
WP_181962059.1	100.0	0.0
SWS23269.1	99.0	0.0
MBN0856717.1	88.1	0.0
SQI28168.1	99.1	0.0
EBV5602617.1	100.0	0.0
PLK85242.1	83.6	0.0
STP23198.1	100.0	0.0
MBU5652136.1	84.8	0.0
EHC57306.1	98.3	0.0
VEA89390.1	82.6	0.0
WP_171554841.1	100.0	0.0
WP_194161056.1	99.0	0.0
STJ14342.1	98.0	0.0
PAW13100.1	95.0	0.0
EBY8434221.1	100.0	0.0
EHC30143.1	99.1	0.0
MBN0817328.1	82.2	0.0
WP_206519026.1	87.3	0.0
SPX20409.1	96.0	0.0
EBT6911432.1	100.0	0.0
HBB1234638.1	100.0	0.0
MBN0301514.1	94.8	0.0
WP_186788384.1	100.0	0.0
STK11347.1	97.9	0.0
STV22306.1	92.0	0.0
VDL20033.1	100.0	0.0
MBN0662128.1	96.9	0.0
WP_228368290.1	100.0	0.0
MBX4389350.1	92.4	0.0
MXJ12844.1	100.0	0.0
MXJ12846.1	98.9	0.0
WP_220442191.1	98.1	0.0
WP_194174204.1	98.9	0.0
WP_186792077.1	82.1	0.0
STT13939.1	82.7	0.0
WP_188294326.1	100.0	0.0
WP_226833161.1	100.0	0.0
MBW6839007.1	100.0	0.0
WP_171291557.1	98.8	0.0
MBZ8700805.1	100.0	0.0
WP_193386021.1	82.0	0.0
WP_181941504.1	88.7	0.0
VFS88972.1	83.0	0.0
WP_181960564.1	100.0	0.0
WP_214597295.1	100.0	0.0
WP_204302301.1	89.8	0.0
MBN0574479.1	82.7	0.0
WP_204267868.1	90.8	0.0
HAO4705694.1	100.0	0.0
STR36734.1	81.8	0.0
WP_202205450.1	100.0	0.0
MBN0473848.1	80.0	0.0
WP_202187199.1	87.8	0.0
SUX76605.1	93.8	0.0
NAJ37992.1	98.8	0.0
WP_171292403.1	100.0	1.4013e-45
WP_181961588.1	97.6	0.0
KAA7310608.1	100.0	9.80909e-45
PLK73817.1	84.1	0.0
PAM41926.1	83.2	9.80909e-45
WP_226798210.1	100.0	2.00386e-43
MBN0437620.1	82.7	1.4013e-45
STS79251.1	81.9	2.00386e-43
WP_205414342.1	100.0	1.00053e-42
MBD4786567.1	100.0	4.99983e-42
WP_181326710.1	98.8	8.00001e-42
MBF3314170.1	89.4	1.99965e-42
MBX4308641.1	82.4	6.00036e-42
MBZ4364232.1	79.8	3.00004e-41
PLK97762.1	83.0	7.00005e-41
WP_198553112.1	84.6	8.00141e-43
WP_198645839.1	90.9	2e-40
NHX34212.1	83.7	7.00005e-41
KNB35879.1	100.0	0.0
WP_181944175.1	86.3	2e-39
RDT62744.1	89.7	1e-38
WP_187305073.1	84.5	1e-38
EFD4912276.1	100.0	2e-38
WP_201743409.1	68.4	3e-38
WP_186788875.1	100.0	0.0
WP_204334213.1	100.0	1e-36
MBN0904096.1	81.9	1e-36
WP_179125532.1	100.0	0.0
WP_001511638.1	95.9	4e-36
PWG67126.1	88.2	5e-36
MBX4322003.1	77.3	1e-36
WP_204277152.1	75.0	7e-36
PPK20113.1	100.0	1e-35
WP_181367051.1	83.5	6e-35
VTP80487.1	58.5	4e-34
KUU86142.1	100.0	2e-33
MBD4055688.1	100.0	2e-33
HBV91486.1	70.9	3e-34
EHC80065.1	97.9	0.0
WP_180230269.1	86.8	6e-33
WP_194820619.1	88.0	8e-35
EBM2020374.1	100.0	1.99993e-41
STI70044.1	100.0	3e-32
MBK1754347.1	100.0	2e-31
CQH59118.1	64.9	3e-31
EHC98234.1	100.0	0.0
VDZ97002.1	100.0	0.0
WP_193329171.1	98.4	1e-30
KEP73341.1	94.4	1e-30
MBN0926281.1	91.5	3e-32
MBN0210512.1	77.5	6e-31
MWT36745.1	91.4	2e-31
OUV72774.1	30.6	1e-28
MBA0927548.1	86.6	2e-28
WP_204289339.1	96.5	1.4013e-45
KAA9916824.1	100.0	0.0
ENF47358.1	100.0	1e-27
SUH18823.1	95.0	8e-30
CDL19026.1	91.1	2e-29
WP_206087007.1	87.5	6e-28
NGE23413.1	61.6	8e-27
EHC29906.1	100.0	1.4013e-45
WP_181961836.1	100.0	9e-26
SUH18822.1	100.0	6e-27
WP_180814318.1	86.8	9e-27
WP_197045965.1	73.7	5e-25
VFS14247.1	81.3	2e-23
WP_180812558.1	90.7	2e-26
EHC30156.1	98.8	1.99993e-41
WP_171554658.1	100.0	8e-24
EGQ9715602.1	29.3	2e-23
SQI29365.1	88.7	2e-23
WP_174237461.1	100.0	2e-22
WP_186800937.1	96.2	5e-38
MBI3310755.1	68.4	8e-22
WP_200283763.1	100.0	1e-29
CQH59121.1	65.4	7e-21
STT83072.1	77.8	2e-21
SUH90596.1	100.0	6e-28
HAP80035.1	85.2	1e-19
WP_205419139.1	94.7	6e-21
WP_204161416.1	29.6	4e-18
TGC93214.1	81.7	6e-20
MBN0773091.1	93.3	8e-20
WP_117249451.1	100.0	3e-17
STI78927.1	86.5	4e-17
WP_144160044.1	30.2	1e-16
VDY91556.1	100.0	1e-16
MBD4935878.1	54.4	3e-17
WP_095001932.1	36.1	6e-16
HBK0715647.1	28.8	8e-16
PLN53894.1	75.0	3e-16
WP_080205009.1	100.0	1e-17
WP_196358828.1	27.3	5e-15
WP_202951928.1	30.3	1e-15
WP_205942222.1	28.1	2e-15
MBB8775905.1	29.1	3e-15
EFD1721607.1	29.1	3e-15
MBE3514346.1	29.9	2e-15
EDN1612524.1	100.0	5e-23
EII1532205.1	28.5	3e-15
EGL1139741.1	29.1	4e-15
MBE8372205.1	87.5	4e-15
EEV3402087.1	29.1	4e-15
WP_113415283.1	28.1	4e-15
STW10135.1	74.5	3e-15
WP_060621151.1	28.5	4e-15
WP_164687676.1	28.5	4e-15
MBS4399950.1	28.8	5e-15
HBC6617981.1	28.5	5e-15
WP_222891700.1	28.5	5e-15
HAI6065639.1	28.5	5e-15
WP_208557445.1	28.5	5e-15
WP_164705892.1	28.5	6e-15
WP_097768867.1	28.1	7e-15
WP_174578708.1	28.8	7e-15
WP_032184514.1	28.1	7e-15
STT44990.1	74.5	3e-15
WP_174576022.1	28.8	7e-15
WP_188027916.1	28.8	7e-15
WP_040073556.1	28.1	8e-15
HAW3786852.1	28.1	8e-15
WP_117343289.1	28.8	8e-15
WP_053882184.1	28.1	9e-15
WP_205994135.1	34.4	2e-14
HAL2114572.1	28.3	1e-14
HAX2733762.1	28.3	1e-14
EFH9241092.1	28.3	1e-14
HBH8709597.1	28.3	1e-14
WP_129318739.1	27.5	1e-14
EEY8750176.1	28.3	1e-14
WP_003863578.1	30.3	1e-14
EFK2272565.1	28.3	1e-13
MBB7524315.1	29.8	2e-14
HAG8608904.1	29.1	2e-14
EFD1773318.1	27.9	2e-14
WP_152043984.1	31.2	2e-14
EEY9726233.1	28.4	8e-15
HAV1734379.1	30.6	1e-14
EHE8027103.1	28.4	8e-15
HBL8767128.1	28.8	2e-14
WP_161653237.1	28.4	9e-15
HBL9132137.1	29.5	2e-14
HAL6960851.1	100.0	2e-14
WP_164703494.1	28.4	1e-14
EFE8256240.1	28.0	1e-14
WP_163380534.1	30.6	3e-14
EFH0412103.1	28.4	1e-14
EHW5161394.1	28.0	1e-14
EHK3804751.1	30.2	3e-14
WP_172807020.1	29.8	9e-15
HBH9420747.1	28.0	1e-14
WP_126517460.1	29.9	6e-14
WP_112929695.1	29.7	6e-14
KAA0886922.1	29.9	7e-14
WP_130570395.1	29.2	8e-14
WP_222903290.1	29.9	9e-13
EFO2298263.1	29.9	1e-13
MCE1481506.1	27.0	1e-13
HBL5358440.1	29.9	1e-13
SQA98370.1	77.8	2e-13
WP_126818882.1	29.5	3e-13
WP_199611281.1	27.9	1e-14
WP_134191022.1	29.4	4e-13
HBB6526711.1	27.4	6e-13
WP_023981322.1	89.7	8e-13
ESF02177.1	93.0	1e-14
WP_164687519.1	29.2	3e-12
EIQ60071.1	97.3	4e-12
WP_170943708.1	31.6	5e-13
PAA17968.1	31.6	6e-13
VEB27118.1	46.1	7e-12
MSL95399.1	100.0	7e-12
WP_115625701.1	30.4	2e-10
ERP08247.1	29.4	8e-12
WP_198488462.1	29.8	2e-11
STT13941.1	94.9	5e-13
WP_138223038.1	25.9	1e-11
CDL35478.1	94.7	5e-12
HAW0292322.1	26.1	1e-11
EEX2152487.1	29.0	6e-11
WP_222912527.1	30.6	6e-11
WP_146153261.1	34.1	7e-11
KFX66736.1	34.1	8e-11
HAG9108534.1	30.7	8e-11
WP_117308980.1	30.7	8e-11
EFN3903179.1	30.7	9e-11
WP_153141264.1	34.6	1e-10
WP_165350974.1	29.5	1e-10
WP_203463510.1	29.3	1e-10
WP_165418505.1	27.7	3e-11
EFE1615698.1	25.7	2e-10
WP_171555918.1	100.0	2e-10
WP_203464920.1	28.9	2e-10
WP_226848100.1	28.9	3e-10
WP_136698834.1	26.1	3e-10
EHT7065639.1	26.1	3e-10
EFC2090960.1	26.5	4e-10
WP_174246323.1	26.5	3e-10
WP_224170101.1	26.1	4e-10
WP_164691424.1	25.7	4e-10
WP_096957097.1	26.1	4e-10
HAW1068684.1	26.1	5e-10
WP_159403326.1	28.5	2e-07
WP_209428899.1	25.7	5e-10
WP_112025783.1	26.1	5e-10
WP_060621170.1	25.7	5e-10
WP_032221193.1	25.7	5e-10
WP_222903286.1	26.1	1e-10
MBC0213547.1	26.1	4e-10
EEZ1863811.1	25.7	5e-10
WP_033813221.1	26.1	5e-10
WP_053882608.1	25.7	5e-10
HAO9395626.1	27.0	1e-10
WP_206423246.1	25.7	5e-10
MBB6788804.1	25.7	5e-10
WP_129318497.1	28.9	5e-10
HBA6507938.1	25.7	5e-10
EZJ95071.1	25.7	6e-10
WP_063278163.1	26.1	6e-10
EFM0340554.1	26.1	6e-10
EFQ5383816.1	26.7	2e-10
EHC4030973.1	26.9	6e-10
EGA4872476.1	26.7	1e-10
HAX8430395.1	26.7	2e-10
EFD1721222.1	26.7	2e-10
EFC4489459.1	27.0	2e-10
EGB9100479.1	27.0	2e-10
HBH9423403.1	26.5	6e-10
EHE4169186.1	26.7	2e-10
EHC4271553.1	26.7	7e-10
WP_171554602.1	100.0	8e-10
HBE5707594.1	26.7	8e-10
EHY3356573.1	27.4	9e-10
HBE5854193.1	27.0	1e-09
HAO9432104.1	26.7	1e-09
EET3117782.1	26.7	1e-09
WP_196768016.1	93.5	3e-11
EFO0763642.1	26.7	1e-09
WP_047365492.1	28.5	1e-09
WP_048244531.1	28.5	1e-09
BCZ53183.1	28.5	1e-09
MBK4237259.1	28.5	2e-09
EFH9239398.1	26.7	2e-09
EGI1187376.1	26.7	2e-09
MBK4552066.1	28.0	2e-09
WP_185792785.1	29.3	3e-09
HAV1786723.1	28.0	3e-09
WP_221765957.1	29.6	3e-09
WP_059328933.1	26.1	4e-09
DAM43452.1	26.1	4e-09
WP_224689249.1	100.0	5e-25
HBM2440114.1	27.6	4e-09
WP_040073224.1	26.1	4e-09
EFD1772867.1	26.1	4e-09
VEA79781.1	83.7	3e-11
EFG3357330.1	26.1	5e-09
WP_046142675.1	28.3	5e-08
EFZ95632.1	100.0	2e-10
ESC31648.1	98.1	8e-21
WP_171290442.1	95.0	2e-10
MCA4825655.1	69.3	3e-10
HAV1603539.1	33.8	7e-08
WP_201745281.1	35.1	8e-08
WP_193225388.1	32.9	1e-07
SUG50504.1	97.0	2e-09
WP_206524469.1	34.1	1e-07
EIL1647070.1	32.0	1e-07
WP_206522240.1	35.9	2e-07
WP_134736623.1	26.0	3e-06
EFY46780.1	97.4	3e-14
EEQ2300478.1	35.2	2e-05
EFD0642598.1	33.8	2e-06
STV19113.1	54.4	2e-06
WP_164690310.1	28.8	9e-05
WP_162884600.1	66.7	7e-06
WP_193227217.1	28.3	2e-05
TGB81686.1	100.0	1e-13
HBM2587048.1	29.5	0.004
WP_162004459.1	65.5	0.017
EFN02153.1	30.1	0.0001
EHW0641410.1	29.0	0.0003
WP_114323081.1	29.0	0.0003
EGQ8066642.1	29.0	0.0003
WP_031844204.1	28.3	0.001
RAY89174.1	30.7	0.065
EEZ6891719.1	27.9	0.023
WP_164698358.1	28.5	0.086
WP_171524327.1	70.0	0.042
WP_147458564.1	60.6	0.065
WP_224774977.1	100.0	0.006
TYR98995.1	35.0	0.49
WP_159269584.1	26.4	0.29
HAT53283.1	34.3	1.6
MBZ5668202.1	41.5	4.1
EFM4656595.1	26.7	3.9
NMC63413.1	30.0	0.94
MBC7898448.1	38.7	3.1
WP_067772607.1	33.3	4.5
VFT76622.1	95.5	0.12
MBL4836065.1	34.8	2.3
