acc	evalue	score
CAI34388.1	1.9e-116	401.6
AYV91737.1	1.3e-115	398.8
AYV91751.1	1.3e-115	398.8
AYV91765.1	1.3e-115	398.8
AYV91779.1	1.3e-115	398.8
AYV91793.1	1.3e-115	398.8
AYV91807.1	1.3e-115	398.8
AYV91821.1	1.3e-115	398.8
AYV91835.1	1.3e-115	398.8
AYV91849.1	1.3e-115	398.8
AYV91863.1	1.3e-115	398.8
APA19445.1	1.3e-115	398.8
APA19461.1	1.3e-115	398.8
APA19477.1	1.3e-115	398.8
APA19493.1	1.3e-115	398.8
AQW79394.1	1.3e-115	398.8
AQW79411.1	1.3e-115	398.8
AQW79428.1	1.3e-115	398.8
AQW79445.1	1.3e-115	398.8
ATY93161.1	1.3e-115	398.8
CAI34177.1	1.3e-115	398.8
CAI34254.1	1.3e-115	398.8
UJZ87816.1	6.8e-114	393.2
AEV95487.1	1.7e-111	385.3
ANZ69011.1	1.7e-111	385.3
ANZ70827.1	1.7e-111	385.3
AXN35350.1	1.8e-110	381.9
CAD0176492.1	1.8e-110	381.9
AXB83697.1	1.6e-109	378.8
UGQ08572.1	2.2e-109	378.4
QBZ14104.1	5.5e-109	377.0
AJA46758.1	8.2e-109	376.5
AJA50746.1	8.2e-109	376.5
AOZ74152.1	8.2e-109	376.5
AOZ77949.1	8.2e-109	376.5
QCO92017.1	1.2e-107	372.6
CCG14127.1	1.6e-107	372.3
CAI34217.1	8e-107	369.9
QIO86282.1	1.4e-106	369.1
QJW87827.1	1.4e-106	369.1
QYI95748.1	1.4e-106	369.1
CAI34198.1	8.5e-106	366.5
CAI34236.1	8.8e-106	366.5
VEI37861.1	7.9e-104	360.1
QXL46999.1	3.9e-103	357.8
QNQ80524.1	2.2e-102	355.3
CAX67034.1	6.2e-102	353.8
AAS08853.1	6.5e-102	353.8
ABW40756.1	1.2e-101	352.9
QGY96787.1	7e-101	350.4
QFY65083.1	7.3e-99	343.7
QIL57009.1	7.3e-99	343.7
ALV15327.1	8.4e-99	343.5
AOB20725.1	8.4e-99	343.5
AOB24380.1	8.4e-99	343.5
ASL36022.1	8.4e-99	343.5
ASZ33058.1	8.4e-99	343.5
ATL78341.1	8.4e-99	343.5
AYA97458.1	8.4e-99	343.5
AYG34217.1	8.4e-99	343.5
QDX83952.1	8.4e-99	343.5
QHM40956.1	8.4e-99	343.5
QSQ84857.1	8.4e-99	343.5
AMX09961.1	1.5e-98	342.7
VEG71536.1	1.6e-98	342.6
AGE38747.1	4.5e-98	341.1
ANI95370.1	4.5e-98	341.1
AYG26817.1	4.5e-98	341.1
QHM35967.1	4.5e-98	341.1
QIA89382.1	1.2e-96	336.3
QFR61158.1	1.8e-95	332.6
AYM02792.1	7.2e-95	330.5
QKH47021.1	9.4e-95	330.2
QSW68498.1	1.8e-94	329.3
AKP65344.1	6.1e-94	327.5
AJA80985.1	9.5e-93	323.6
QQP83826.1	8.5e-89	310.5
QCZ46435.1	4.1e-88	308.3
ASY47970.1	2.4e-87	305.8
QPB48222.1	2.4e-87	305.8
ASC08773.1	6.1e-84	294.6
AUC02160.1	2.3e-82	289.4
QLL70088.1	6.6e-81	284.5
QQV81607.1	9.1e-81	284.1
QES72333.1	4.1e-80	282.0
BBE25701.1	1.2e-77	273.8
UOX70709.1	1.6e-77	273.4
APG75316.1	4.9e-77	271.8
ASW11217.1	6.9e-77	271.3
ADY85772.1	9.1e-77	270.9
ALT48214.1	1.2e-76	270.5
QDH97566.1	1.3e-76	270.4
APV47918.1	3.7e-76	268.9
AYC66894.1	3.7e-76	268.9
UPT01424.1	3.7e-76	268.9
QGT61569.1	4.4e-76	268.7
AWP47675.1	2.8e-74	262.7
QBZ22916.1	2.2e-73	259.8
QAR39273.1	2.8e-73	259.4
QAR39287.1	2.8e-73	259.4
AII62568.1	3.4e-73	259.2
CBL39979.1	5.1e-73	258.6
ADX70913.1	1.6e-72	256.9
ABX27662.1	1.8e-72	256.8
QEW36667.1	6.6e-67	238.4
QJR63368.1	7.3e-66	235.0
QJR67629.1	7.3e-66	235.0
QJR71966.1	7.3e-66	235.0
SON71839.1	2e-57	207.2
AFI63553.1	1.6e-56	204.3
AYN24179.1	1.6e-56	204.3
UBZ01261.1	1.7e-56	204.2
AGW85557.1	1.7e-56	204.2
ACL28885.1	3.5e-56	203.1
ACS46732.1	3.5e-56	203.1
ACS48299.1	3.5e-56	203.1
ADC84771.1	3.5e-56	203.1
ADG33928.1	3.5e-56	203.1
AEK30850.1	3.5e-56	203.1
AEN77111.1	3.5e-56	203.1
AFJ17099.1	3.5e-56	203.1
AFJ18692.1	3.5e-56	203.1
AGO52817.1	3.5e-56	203.1
AIA33367.1	3.5e-56	203.1
AJC77050.1	3.5e-56	203.1
AJD89093.1	3.5e-56	203.1
ASL78178.1	3.5e-56	203.1
AXM92907.1	3.5e-56	203.1
AXQ17712.1	3.5e-56	203.1
AYD77847.1	3.5e-56	203.1
QBA09104.1	3.5e-56	203.1
QEG48841.1	3.5e-56	203.1
QIR81418.1	3.5e-56	203.1
QPB50526.1	3.5e-56	203.1
QRI03644.1	3.5e-56	203.1
QRI05186.1	3.5e-56	203.1
QYU55640.1	3.5e-56	203.1
UFQ03526.1	3.5e-56	203.1
UQR40887.1	3.5e-56	203.1
AJD34497.1	2.8e-54	196.8
QHS02343.1	2.7e-51	187.0
URZ08144.1	1.9e-49	180.9
URZ13175.1	1.9e-49	180.9
AUD66605.1	8.3e-45	165.6
AUD80495.1	8.3e-45	165.6
BAQ99414.1	8.3e-45	165.6
VEG21119.1	8.3e-45	165.6
AHJ15162.1	1.1e-44	165.2
AUD74143.1	1.1e-44	165.2
AUD76162.1	1.1e-44	165.2
AUE04716.1	1.1e-44	165.2
AUE20129.1	1.1e-44	165.2
AUD94751.1	1.1e-44	165.2
QAA34764.1	6.7e-44	162.7
AEF27532.1	9.9e-43	158.8
AZI16138.1	2.4e-40	150.9
AYZ88400.1	5e-40	149.9
UPS45264.1	9.4e-40	149.0
QMI81296.1	2.6e-30	117.9
ADU27853.1	6e-30	116.7
AVQ96876.1	6e-30	116.7
QCN93116.1	6e-30	116.7
AYF39538.1	8.1e-30	116.3
AYF42363.1	8.1e-30	116.3
QCQ31927.1	2.1e-29	114.9
UHZ84714.1	2.1e-29	114.9
QYH52203.1	3e-29	114.4
ADQ61802.1	2.8e-27	107.9
ARD43585.1	3.8e-27	107.5
ASM52810.1	8.9e-25	99.7
ANF95458.1	2e-24	98.5
SQG43880.1	7.9e-24	96.6
AWG25366.1	1e-22	92.9
AXB29610.1	3.5e-21	87.8
UQK54534.1	3.5e-21	87.8
QUA54042.1	3.5e-21	87.8
ACD20597.1	7.7e-21	86.7
AIQ25710.1	1.1e-20	86.3
QLB65625.1	2.6e-20	85.0
AMV44746.1	5.5e-20	83.9
ALP64912.1	9.3e-20	83.1
AUT53941.1	9.3e-20	83.1
UBF06343.1	1.2e-19	82.8
UOW67241.1	1.9e-19	82.1
AFT90102.1	2.8e-19	81.6
QUL37328.1	5.1e-19	80.7
AMK58317.1	7.9e-19	80.1
AZN75281.1	1e-18	79.7
AUV87423.1	1.1e-17	76.3
UBK38298.1	1.8e-16	72.3
UBK95131.1	1.8e-16	72.3
QRD49057.1	2.2e-16	72.1
QSH66150.1	2.2e-16	72.1
QSH70932.1	2.2e-16	72.1
UFE30918.1	2.2e-16	72.1
UFE35615.1	2.2e-16	72.1
UFE44521.1	2.2e-16	72.1
UFE53803.1	2.2e-16	72.1
UFE59032.1	2.2e-16	72.1
UFE64143.1	2.2e-16	72.1
UFE68205.1	2.2e-16	72.1
UFE73158.1	2.2e-16	72.1
UFE78312.1	2.2e-16	72.1
UFE82427.1	2.2e-16	72.1
UFE87528.1	2.2e-16	72.1
UFE92122.1	2.2e-16	72.1
UFE96650.1	2.2e-16	72.1
UFF05848.1	2.2e-16	72.1
UFF20290.1	2.2e-16	72.1
UFF29236.1	2.2e-16	72.1
UFF33909.1	2.2e-16	72.1
UFF47816.1	2.2e-16	72.1
UFF57516.1	2.2e-16	72.1
UFF62361.1	2.2e-16	72.1
UFF66794.1	2.2e-16	72.1
UFF71450.1	2.2e-16	72.1
UFF76567.1	2.2e-16	72.1
UFF89880.1	2.2e-16	72.1
UFF94652.1	2.2e-16	72.1
UFG00070.1	2.2e-16	72.1
UFG04653.1	2.2e-16	72.1
UFG09481.1	2.2e-16	72.1
UFG14041.1	2.2e-16	72.1
UFG18776.1	2.2e-16	72.1
UKS88714.1	2.2e-16	72.1
UFF85302.1	2.3e-16	71.9
UBD14941.1	2.9e-16	71.6
QJR63872.1	3e-16	71.6
QJR72470.1	3e-16	71.6
QUT29696.1	3.1e-16	71.6
QSW87459.1	4.8e-16	70.9
QJR68135.1	5.9e-16	70.6
UML95038.1	6e-16	70.6
SMD44065.1	6.4e-16	70.5
QUT76680.1	9.7e-16	69.9
AGP05200.1	1.9e-15	68.9
AGP05199.1	2.1e-15	68.8
ASO07974.1	2.5e-15	68.5
AGP05198.1	3.5e-15	68.1
AGP05202.1	3.5e-15	68.1
SDS72403.1	3.8e-15	67.9
AIA12073.1	6.5e-15	67.2
QSZ15444.1	6.7e-15	67.1
QMW73960.1	7.9e-15	66.9
QPS12774.1	7.9e-15	66.9
AOP00476.1	1.4e-14	66.1
ASB02006.1	1.7e-14	65.8
QEC78080.1	2e-14	65.6
AJT51313.1	2.2e-14	65.4
UDQ88165.1	2.7e-14	65.1
ALE08278.1	3.2e-14	64.9
QKY13952.1	3.2e-14	64.9
UPT02164.1	3.2e-14	64.9
UPT04641.1	3.2e-14	64.9
UPT06322.1	3.2e-14	64.9
UPT10684.1	3.2e-14	64.9
UPT13298.1	3.2e-14	64.9
UPT24829.1	3.2e-14	64.9
UPT26247.1	3.2e-14	64.9
UPT28446.1	3.2e-14	64.9
UPT30409.1	3.2e-14	64.9
UPT33507.1	3.2e-14	64.9
AJT51312.1	3.7e-14	64.7
QRO26038.1	4.9e-14	64.3
QKJ98991.1	5e-14	64.3
VEU79989.1	7.7e-14	63.6
QJQ32773.1	9.2e-14	63.4
AWI81667.1	9.9e-14	63.3
APA64674.1	1.2e-13	63.1
AMR34064.1	1.2e-13	63.0
QYH38985.1	1.4e-13	62.8
QHO63568.1	1.6e-13	62.6
AXY99612.1	2.3e-13	62.1
QEQ70767.1	2.4e-13	62.0
QOL59758.1	3e-13	61.7
UFS62267.1	4.5e-13	61.1
AOL09844.1	4.8e-13	61.0
QRI55892.1	4.8e-13	61.0
SDT19983.1	5.3e-13	60.9
AJI16259.1	6.2e-13	60.7
QDM07319.1	7.4e-13	60.4
QOS16295.1	1e-12	60.0
QOS18258.1	1e-12	60.0
QOS23891.1	1e-12	60.0
QOS27803.1	1e-12	60.0
QOS28099.1	1e-12	60.0
QOS28601.1	1e-12	60.0
QOS29131.1	1e-12	60.0
AHW62272.1	1e-12	60.0
QEC64360.1	3.1e-12	58.4
AIK37131.1	4.1e-12	58.0
ULQ54441.1	4.8e-12	57.7
CBW24205.1	1.5e-11	56.2
QUU04541.1	1.5e-11	56.2
QUU03356.1	2.1e-11	55.6
QCE41154.1	4.1e-11	54.7
QUT35925.1	4.6e-11	54.5
QUT46542.1	1.1e-10	53.3
UHZ86453.1	1.1e-10	53.3
QQA28740.1	1.4e-10	52.9
UKS64971.1	2.1e-10	52.3
AOH55850.1	3.5e-10	51.6
UAN01328.1	4e-10	51.4
ULQ57951.1	4.1e-10	51.4
AXN37646.1	4.2e-10	51.4
AIG62638.1	1.1e-09	49.9
AWJ49449.1	1.1e-09	49.9
BAQ00927.1	1.1e-09	49.9
APP06371.1	1.2e-09	49.9
CCB69129.1	1.2e-09	49.9
UDM70616.1	1.5e-09	49.5
UDM78036.1	1.5e-09	49.5
UDM82305.1	1.5e-09	49.5
ARI76305.1	1.8e-09	49.3
QSF40202.1	2.4e-09	48.8
QUT34191.1	3.3e-09	48.4
QUT56670.1	3.3e-09	48.4
QUT65724.1	3.3e-09	48.4
QUT85499.1	3.3e-09	48.4
AFH65304.1	3.9e-09	48.2
AEI45254.1	5.6e-09	47.6
AFC32989.1	5.6e-09	47.6
AND22065.1	6.1e-09	47.5
AJY73984.1	6.8e-09	47.4
UDG75662.1	6.9e-09	47.3
AEV67694.1	7.2e-09	47.3
QEC74791.1	7.3e-09	47.3
BAY33762.1	7.4e-09	47.2
UKK47601.1	9e-09	47.0
BCN17920.1	1.4e-08	46.3
AMM16466.1	1.5e-08	46.3
AVJ30669.1	1.6e-08	46.1
QYF84837.1	1.7e-08	46.1
ATX79658.1	2.2e-08	45.7
AKD57056.1	3.1e-08	45.2
BBW90332.1	3.3e-08	45.1
QNK87473.1	3.4e-08	45.0
QIU93991.1	3.7e-08	45.0
UIP59997.1	3.9e-08	44.8
AKM79296.1	6.2e-08	44.2
BCN22455.1	6.6e-08	44.1
QEO44553.1	7.1e-08	44.0
QUT80435.1	7.5e-08	43.9
QPP48065.1	9.2e-08	43.6
AII69968.1	1e-07	43.5
ALA75696.1	1e-07	43.5
QJR54648.1	1e-07	43.5
QJR60551.1	1e-07	43.5
UOA08552.1	1e-07	43.5
QSE58845.1	1.2e-07	43.3
QSE69833.1	1.2e-07	43.3
QSN62169.1	1.5e-07	43.0
AXA37244.1	1.7e-07	42.7
ANZ26211.1	1.7e-07	42.7
QPG45034.1	1.7e-07	42.7
UGQ39989.1	1.7e-07	42.7
USC16800.1	1.7e-07	42.7
AMC94052.1	2.3e-07	42.3
QKF60699.1	2.9e-07	42.0
QIU96351.1	3.3e-07	41.8
ASW52386.1	3.8e-07	41.6
AEH57573.1	3.9e-07	41.6
AGS58347.1	3.9e-07	41.6
AXY02111.1	4.9e-07	41.2
QUT47362.1	4.9e-07	41.2
QUT63351.1	4.9e-07	41.2
QWX83702.1	5.8e-07	41.0
QKF84731.1	6.1e-07	40.9
QQY35100.1	6.1e-07	40.9
ADG73805.1	7.7e-07	40.6
QWT54796.1	7.9e-07	40.6
BCB87353.1	9.6e-07	40.3
QFF90426.1	9.8e-07	40.2
QOS17616.1	9.8e-07	40.2
QOS19089.1	9.8e-07	40.2
QOS19502.1	9.8e-07	40.2
QOS20004.1	9.8e-07	40.2
QOS20773.1	9.8e-07	40.2
QOS20814.1	9.8e-07	40.2
QOS22136.1	9.8e-07	40.2
QOS22850.1	9.8e-07	40.2
AXY99570.1	9.8e-07	40.2
EAR02768.1	1.1e-06	40.0
BBZ34873.1	1.2e-06	40.0
QSF40185.1	1.2e-06	40.0
QTB90252.1	1.4e-06	39.7
AUO12998.1	1.5e-06	39.6
QEC79469.1	1.6e-06	39.5
QFJ55860.1	1.8e-06	39.4
AKP76083.1	2e-06	39.3
QFY72009.1	2e-06	39.3
UPZ16763.1	2e-06	39.2
QHA93698.1	2.8e-06	38.8
QHA93654.1	3e-06	38.7
AJI25284.1	3e-06	38.7
QCY24093.1	3e-06	38.7
QSF28980.1	3e-06	38.7
ATH06687.1	3.1e-06	38.6
AFY01359.1	3.4e-06	38.5
AKO93704.1	4.2e-06	38.2
QNO13383.1	4.4e-06	38.1
QXE19785.1	4.5e-06	38.1
AEW22136.1	4.7e-06	38.0
ABS51185.1	4.8e-06	38.0
UQX54071.1	5.5e-06	37.8
QHS23495.1	6.6e-06	37.5
QFC17926.1	6.7e-06	37.5
QNE56080.1	6.7e-06	37.5
QOS21502.1	6.7e-06	37.5
QOS24125.1	6.7e-06	37.5
VVD32660.1	6.8e-06	37.5
BCB81990.1	7.1e-06	37.4
ABR38403.1	7.1e-06	37.4
ABR39224.1	7.1e-06	37.4
QJR62422.1	7.1e-06	37.4
QJR66679.1	7.1e-06	37.4
QJR71021.1	7.1e-06	37.4
QLK84608.1	7.1e-06	37.4
QPH59501.1	7.1e-06	37.4
QQA29215.1	7.1e-06	37.4
QQY39316.1	7.1e-06	37.4
QUT59863.1	7.1e-06	37.4
QMU97400.1	7.5e-06	37.3
AOP03544.1	7.6e-06	37.3
ABS02051.1	7.8e-06	37.3
UBE41730.1	7.9e-06	37.3
ATF26158.1	7.9e-06	37.3
ATH85497.1	7.9e-06	37.3
AQS30491.1	8.8e-06	37.1
AQS31016.1	8.8e-06	37.1
QOK25482.1	8.8e-06	37.1
BCJ49721.1	9e-06	37.1
AZV69032.1	9.3e-06	37.0
QWG95396.1	9.8e-06	37.0
QWI08074.1	9.8e-06	37.0
AUD06891.1	9.9e-06	36.9
ANV69469.1	1.1e-05	36.9
QXW18323.1	1.1e-05	36.8
UQZ37561.1	1.1e-05	36.8
AEN91004.1	1.2e-05	36.7
ADP78714.1	1.2e-05	36.7
ACX76237.1	1.2e-05	36.6
AJI10080.1	1.3e-05	36.6
QKG99814.1	1.3e-05	36.6
ADE68142.1	1.3e-05	36.6
ANC78838.1	1.3e-05	36.5
BBD48795.1	1.4e-05	36.5
UOF01845.1	1.4e-05	36.5
QNG55067.1	1.4e-05	36.5
QUT19995.1	1.4e-05	36.4
ANF45109.1	1.5e-05	36.3
AMJ67855.1	1.5e-05	36.3
AYL95786.1	1.6e-05	36.2
UKJ81793.1	1.7e-05	36.2
QNU16310.1	1.7e-05	36.2
ASV28843.1	1.7e-05	36.2
ABD13285.1	1.7e-05	36.1
QQY80943.1	2.1e-05	35.9
QZY55338.1	2.1e-05	35.9
UII77598.1	2.2e-05	35.8
AHZ84212.1	2.2e-05	35.8
CDR30489.1	2.3e-05	35.7
UOF02260.1	2.4e-05	35.7
ASM40011.1	2.7e-05	35.5
QIZ10390.1	2.8e-05	35.5
UAT33020.1	2.8e-05	35.4
ADN74335.1	2.9e-05	35.4
BAR49509.1	2.9e-05	35.4
AKE92415.1	2.9e-05	35.4
QBC25689.1	3e-05	35.3
BCN50806.1	3.1e-05	35.3
QCX34378.1	3.2e-05	35.3
QTH42339.1	3.2e-05	35.3
UCV19175.1	3.3e-05	35.2
ULF73242.1	3.3e-05	35.2
ULF78222.1	3.3e-05	35.2
QWG06422.1	3.4e-05	35.2
AXR70395.1	3.4e-05	35.2
QFI16605.1	3.4e-05	35.2
AZV55546.1	3.5e-05	35.1
AHI06626.1	3.6e-05	35.1
AIY12713.1	3.6e-05	35.1
QQP69552.1	3.6e-05	35.1
ADU47702.1	3.8e-05	35.0
AXG12832.1	3.8e-05	35.0
AEB75392.1	3.8e-05	35.0
UKK72303.1	3.9e-05	35.0
AUS04107.1	4e-05	34.9
ALU36983.1	4e-05	34.9
UHJ50808.1	4.1e-05	34.9
AND10589.1	4.2e-05	34.9
ADK13626.1	4.4e-05	34.8
ASY09838.1	4.6e-05	34.8
CBW25253.1	4.7e-05	34.7
QSW17887.1	4.8e-05	34.7
QDO87419.1	5.2e-05	34.6
ABK70977.1	5.3e-05	34.5
UPW84246.1	5.6e-05	34.5
VTR34917.1	5.6e-05	34.5
ACL41857.1	5.9e-05	34.4
BAT24408.1	6.1e-05	34.3
VEB72021.1	6.1e-05	34.3
BBB49578.1	6.1e-05	34.3
QSX21706.1	6.3e-05	34.3
AFP42232.1	6.9e-05	34.2
AIU10960.1	6.9e-05	34.2
AIU17584.1	6.9e-05	34.2
AIU24208.1	6.9e-05	34.2
CKI41751.1	6.9e-05	34.2
QKU04724.1	6.9e-05	34.2
ULN28246.1	6.9e-05	34.2
ULN34674.1	6.9e-05	34.2
ULN69576.1	6.9e-05	34.2
QGP92681.1	8.1e-05	33.9
UQA49532.1	8.4e-05	33.9
SDT29422.1	8.5e-05	33.9
SDS36980.1	0.0001	33.6
AIQ50881.1	0.00011	33.5
ALS20719.1	0.00011	33.4
QBP93526.1	0.00012	33.4
SDS14660.1	0.00012	33.4
QCJ43900.1	0.00012	33.4
QWG79071.1	0.00012	33.3
CBK68284.1	0.00013	33.3
QGF23881.1	0.00013	33.3
ALV25155.1	0.00013	33.2
UOE52381.1	0.00014	33.1
SPN70803.1	0.00014	33.1
ASM35116.1	0.00016	32.9
QEL05306.1	0.00016	32.9
QNM85776.1	0.00016	32.9
AUC85509.1	0.00017	32.9
AHM57291.1	0.00017	32.9
QPH98175.1	0.00017	32.9
QPI05364.1	0.00017	32.9
UCV23144.1	0.00017	32.8
AGH95678.1	0.00018	32.8
UNK70153.1	0.00018	32.8
ASY27183.1	0.00019	32.7
QUT32967.1	0.00019	32.7
QRX64186.1	0.00019	32.7
CDZ23843.1	0.00021	32.5
CAJ73305.1	0.00023	32.4
QII12885.1	0.00023	32.4
CAJ64870.1	0.00023	32.4
QJY47049.1	0.00023	32.4
UFX82835.1	0.00024	32.4
ASY24357.1	0.00025	32.3
ACH38804.1	0.00025	32.3
AXZ00013.1	0.00026	32.3
AGC69404.1	0.00026	32.3
AGI40362.1	0.00026	32.3
ANW99654.1	0.00026	32.3
ANX02280.1	0.00026	32.3
QRO26321.1	0.00027	32.2
QJW49446.1	0.00027	32.2
AOM77432.1	0.00027	32.2
UBK50283.1	0.00029	32.1
QNF93460.1	0.00029	32.1
AXY99768.1	0.00029	32.1
USA39113.1	0.00029	32.1
AFL80701.1	0.00029	32.1
UJB72187.1	0.00029	32.1
AAP08567.1	0.0003	32.1
VDN46167.1	0.00032	32.0
ULN51042.1	0.00033	31.9
AIQ45257.1	0.00034	31.9
QXQ08101.1	0.00035	31.9
QWU44441.1	0.00035	31.8
QJD58676.1	0.00039	31.7
ATD54376.1	0.0004	31.6
ATD57940.1	0.0004	31.6
QBJ74659.1	0.0004	31.6
SLK14066.1	0.0004	31.6
QFT90338.1	0.00041	31.6
AQA02557.1	0.00041	31.6
QNL41186.1	0.00042	31.6
QOY94677.1	0.00043	31.5
QDO87443.1	0.00043	31.5
ART78995.1	0.00045	31.5
APH02098.1	0.00045	31.5
QAA34711.1	0.00048	31.4
ASA26025.1	0.0005	31.3
UIP51303.1	0.0005	31.3
QYG05612.1	0.0005	31.3
ADN43871.1	0.0005	31.3
QQP13702.1	0.00052	31.3
AXY02857.1	0.00053	31.3
QDV28027.1	0.00054	31.2
ALJ49055.1	0.00055	31.2
QRQ55861.1	0.00055	31.2
SCV08470.1	0.00055	31.2
ASM36782.1	0.00055	31.2
ASC94270.1	0.00056	31.2
QPH91410.1	0.00057	31.1
AEH89881.1	0.00057	31.1
QUG83412.1	0.00057	31.1
QLL85277.1	0.00058	31.1
QDU33969.1	0.00058	31.1
UBS53886.1	0.00058	31.1
AET70575.1	0.00058	31.1
UML64556.1	0.0006	31.1
ADQ15540.1	0.0006	31.1
QYL22282.1	0.00061	31.0
AHV95887.1	0.00061	31.0
BDA01586.1	0.00062	31.0
ACE62130.1	0.00064	31.0
UKH27158.1	0.00064	31.0
UKH39894.1	0.00064	31.0
UQZ25489.1	0.00064	31.0
AUC72466.1	0.00067	30.9
BCG57600.1	0.0007	30.8
VDZ65156.1	0.0007	30.8
BBD09254.1	0.00071	30.8
AYD39333.1	0.00076	30.7
AII68787.1	0.00079	30.7
AND20273.1	0.00079	30.7
QJR55946.1	0.00079	30.7
QJR59256.1	0.00079	30.7
BCJ57099.1	0.00083	30.6
AXN37658.1	0.00084	30.6
AKM84989.1	0.00084	30.6
QQP81120.1	0.00085	30.6
ADW18955.1	0.00087	30.5
QPH99923.1	0.00088	30.5
QPI01715.1	0.00088	30.5
APU10095.1	0.0009	30.5
AYF47616.1	0.00091	30.5
QTV18312.1	0.00091	30.5
UKA51854.1	0.00092	30.5
ACR76387.1	0.00095	30.4
ADY29186.1	0.001	30.3
ALR93074.1	0.001	30.3
ASO06680.1	0.001	30.3
AKM81666.1	0.0011	30.3
QJR64765.1	0.0011	30.2
QJR69030.1	0.0011	30.2
QJR73360.1	0.0011	30.2
AKM82176.1	0.0011	30.2
ABM02230.1	0.0011	30.2
QUT83130.1	0.0012	30.1
QKG78970.1	0.0012	30.1
QAY18874.1	0.0012	30.1
BBY51352.1	0.0012	30.1
UOB65509.1	0.0012	30.1
UKH16957.1	0.0012	30.0
ARX69104.1	0.0013	30.0
QWH40018.1	0.0013	30.0
AZN37372.1	0.0013	30.0
AXL05091.1	0.0013	30.0
ALF48164.1	0.0013	30.0
ALO67777.1	0.0013	29.9
ART81595.1	0.0013	29.9
UAA04905.1	0.0013	29.9
URR18283.1	0.0013	29.9
CDR30464.1	0.0013	29.9
QLY27032.1	0.0013	29.9
QPH88538.1	0.0013	29.9
QPI03487.1	0.0013	29.9
QEE36965.1	0.0013	29.9
QEL78547.1	0.0014	29.9
AWT56781.1	0.0014	29.9
QYE97371.1	0.0014	29.9
QOF52784.1	0.0014	29.9
QQX96362.1	0.0014	29.9
UAA14679.1	0.0014	29.9
QLD86845.1	0.0014	29.9
QHT59918.1	0.0014	29.8
UCB33642.1	0.0014	29.8
UCB37883.1	0.0014	29.8
UKK41837.1	0.0015	29.8
AFQ16012.1	0.0015	29.8
AJQ58351.1	0.0015	29.8
AMR84048.1	0.0015	29.8
AZV65560.1	0.0015	29.8
QWS46951.1	0.0015	29.8
UEK96421.1	0.0015	29.8
UHO44940.1	0.0015	29.8
UOC00555.1	0.0015	29.8
APS41610.1	0.0015	29.7
ADH06239.1	0.0015	29.7
AOM04763.1	0.0015	29.7
ASK13787.1	0.0015	29.7
ASZ65350.1	0.0015	29.7
AZR76514.1	0.0015	29.7
BAR85290.1	0.0015	29.7
QCC39844.1	0.0015	29.7
QEF16288.1	0.0015	29.7
QFQ25516.1	0.0015	29.7
UPW87303.1	0.0016	29.7
QGY34709.1	0.0016	29.6
QSA38843.1	0.0016	29.6
QSA54731.1	0.0016	29.6
QSA70207.1	0.0016	29.6
QTL44300.1	0.0016	29.6
UML60107.1	0.0017	29.6
UOQ45416.1	0.0017	29.6
ACK63466.1	0.0017	29.6
AQQ62341.1	0.0017	29.6
ARV91829.1	0.0017	29.6
ASI72104.1	0.0017	29.6
BCT41046.1	0.0017	29.6
QBZ24655.1	0.0017	29.6
QCT44080.1	0.0017	29.6
QJU35859.1	0.0017	29.6
QKO32612.1	0.0017	29.6
UJP62017.1	0.0017	29.6
APA96523.1	0.0017	29.6
QOW30883.1	0.0017	29.6
QUN15183.1	0.0017	29.6
AYJ79683.1	0.0017	29.5
QCZ23924.1	0.0017	29.5
AKE15996.1	0.0018	29.5
ALC53752.1	0.0018	29.5
ANC07077.1	0.0018	29.5
ANC12902.1	0.0018	29.5
ARO59535.1	0.0018	29.5
ARO64058.1	0.0018	29.5
AUB65107.1	0.0018	29.5
QDZ72996.1	0.0018	29.5
QIZ41692.1	0.0018	29.5
AKR08728.1	0.0019	29.4
QPV87265.1	0.0019	29.4
QRZ80481.1	0.0019	29.4
UAD18886.1	0.0019	29.4
QSF45814.1	0.0019	29.4
AGE77398.1	0.0019	29.4
AHX17773.1	0.0019	29.4
AHZ50546.1	0.0019	29.4
AIE32944.1	0.0019	29.4
AIM32855.1	0.0019	29.4
AJA19083.1	0.0019	29.4
AJK39065.1	0.0019	29.4
AKR34550.1	0.0019	29.4
ALL60373.1	0.0019	29.4
ALZ62652.1	0.0019	29.4
AMX76526.1	0.0019	29.4
ANN31774.1	0.0019	29.4
ARX65577.1	0.0019	29.4
ASI82628.1	0.0019	29.4
ASJ47964.1	0.0019	29.4
ATI58915.1	0.0019	29.4
BCA35992.1	0.0019	29.4
QCX93527.1	0.0019	29.4
QDD82862.1	0.0019	29.4
QFR28979.1	0.0019	29.4
QHV03462.1	0.0019	29.4
QHV41977.1	0.0019	29.4
QKH07155.1	0.0019	29.4
QKH14759.1	0.0019	29.4
QTM14650.1	0.0019	29.4
QUW38659.1	0.0019	29.4
UDV99957.1	0.0019	29.4
UDW07891.1	0.0019	29.4
UEK77302.1	0.0019	29.4
UEK83021.1	0.0019	29.4
UEK89628.1	0.0019	29.4
UEL12092.1	0.0019	29.4
UEL19037.1	0.0019	29.4
UJT48716.1	0.0019	29.4
ALP52171.1	0.002	29.4
BBK09731.1	0.002	29.4
BBR81110.1	0.002	29.4
UDV83860.1	0.002	29.4
UDV89406.1	0.002	29.4
AIQ11555.1	0.002	29.4
ASM38470.1	0.002	29.3
QXU51332.1	0.002	29.3
ALJ41802.1	0.002	29.3
QZU88499.1	0.002	29.3
AVR35532.1	0.002	29.3
AAO75769.1	0.002	29.3
QMW87704.1	0.002	29.3
QZU83071.1	0.002	29.3
AWG80008.1	0.0021	29.3
AWJ79636.1	0.0021	29.3
CBL04415.1	0.0021	29.3
QDO69461.1	0.0021	29.3
AEV76839.1	0.0021	29.2
QFV07564.1	0.0022	29.2
ACK96052.1	0.0022	29.2
AFQ25350.1	0.0022	29.2
AJH04108.1	0.0022	29.2
AND07176.1	0.0022	29.2
AND23551.1	0.0022	29.2
AQY38082.1	0.0022	29.2
AXR16120.1	0.0022	29.2
AXR21854.1	0.0022	29.2
QBC50937.1	0.0022	29.2
QBC56146.1	0.0022	29.2
QBC61402.1	0.0022	29.2
QBM61528.1	0.0022	29.2
QCJ50750.1	0.0022	29.2
QFP88199.1	0.0022	29.2
QGV09335.1	0.0022	29.2
QJU66704.1	0.0022	29.2
QKH20762.1	0.0022	29.2
QRY17857.1	0.0022	29.2
QTB33874.1	0.0022	29.2
UEL05776.1	0.0022	29.2
ATG74544.1	0.0022	29.2
AEV84006.1	0.0024	29.1
ATO82399.1	0.0024	29.1
SLL99806.1	0.0024	29.1
UQS63825.1	0.0024	29.1
QPH86819.1	0.0024	29.1
BAQ01238.1	0.0024	29.1
BBP25477.1	0.0024	29.1
QEI65655.1	0.0024	29.1
VEE29058.1	0.0024	29.1
AYA38442.1	0.0025	29.0
QFI40136.1	0.0025	29.0
UFW90098.1	0.0025	29.0
BBV58486.1	0.0025	29.0
CAH5543282.1	0.0025	29.0
QRZ71712.1	0.0025	29.0
UDC49376.1	0.0025	29.0
ULJ31084.1	0.0025	29.0
QMV92636.1	0.0026	29.0
QMX48709.1	0.0026	29.0
QOE36191.1	0.0026	29.0
QPC38443.1	0.0026	29.0
QTO59945.1	0.0026	29.0
QTQ78851.1	0.0026	29.0
QTQ86827.1	0.0026	29.0
ARP40951.1	0.0026	29.0
UFK90017.1	0.0026	29.0
AGY58697.1	0.0026	29.0
QWA97331.1	0.0026	29.0
QYO79325.1	0.0026	29.0
UDC66117.1	0.0026	29.0
UMD13255.1	0.0026	29.0
BBE36262.1	0.0026	29.0
BBE36320.1	0.0026	29.0
BCB22609.1	0.0026	29.0
SDR75506.1	0.0027	28.9
AIQ56450.1	0.0027	28.9
QDT06705.1	0.0027	28.9
UDC60667.1	0.0027	28.9
UDC97214.1	0.0027	28.9
AEE49919.1	0.0027	28.9
QGH36259.1	0.0028	28.9
CUU19639.1	0.0028	28.8
AMR13532.1	0.0029	28.8
BBQ65309.1	0.0029	28.8
BBR02873.1	0.0029	28.8
BBS80166.1	0.0029	28.8
QPP85176.1	0.0029	28.8
QPV82152.1	0.0029	28.8
QQD68858.1	0.0029	28.8
QQM82555.1	0.0029	28.8
QUN62761.1	0.0029	28.8
UAW29166.1	0.0029	28.8
UDC03327.1	0.0029	28.8
UDC13619.1	0.0029	28.8
UDC18281.1	0.0029	28.8
UDC44471.1	0.0029	28.8
UKB72056.1	0.0029	28.8
ULD76160.1	0.0029	28.8
UMU46976.1	0.0029	28.8
VTO31832.1	0.0029	28.8
ANC18695.1	0.0029	28.8
BCW80747.1	0.0029	28.8
QNL22935.1	0.0029	28.8
BAW04937.1	0.0031	28.7
AXI47273.1	0.0032	28.7
ANJ71455.1	0.0032	28.7
CAI33011.1	0.0032	28.7
UEM18692.1	0.0032	28.7
QQY15902.1	0.0033	28.7
QRP90992.1	0.0033	28.7
QBF45276.1	0.0033	28.6
BBO28964.1	0.0033	28.6
AIQ22228.1	0.0034	28.6
SEH91048.1	0.0034	28.6
UAB97951.1	0.0034	28.6
AKS32312.1	0.0034	28.6
QKM72332.1	0.0035	28.5
ABY93549.1	0.0036	28.5
AOM10295.1	0.0037	28.4
AIE61663.1	0.0038	28.4
QIB60885.1	0.0038	28.4
QDG61806.1	0.0038	28.4
URI24656.1	0.0038	28.4
VEB67821.1	0.0038	28.4
QWU18225.1	0.0039	28.4
BCW63235.1	0.004	28.4
QFY72025.1	0.0041	28.3
AEA15199.1	0.0042	28.3
AFV17321.1	0.0042	28.3
AGG00245.1	0.0042	28.3
AHA70992.1	0.0042	28.3
ANS47205.1	0.0042	28.3
ARP56960.1	0.0042	28.3
AVP44222.1	0.0042	28.3
QFX99213.1	0.0042	28.3
QOS24591.1	0.0043	28.3
URX61532.1	0.0043	28.2
UPS72500.1	0.0044	28.2
QFY02761.1	0.0045	28.2
AIQ39479.1	0.0046	28.2
UQD53683.1	0.0046	28.2
AKE19496.1	0.0046	28.2
ATI62346.1	0.0046	28.2
QGL46558.1	0.0046	28.2
ATB70342.1	0.0046	28.1
QOK22034.1	0.0047	28.1
AZJ19787.1	0.0048	28.1
QWH65729.1	0.0048	28.1
BBI36186.1	0.005	28.0
AGW14731.1	0.005	28.0
CAV27602.1	0.0051	28.0
BCI80412.1	0.0051	28.0
BCJ81926.1	0.0051	28.0
QEM02515.1	0.0051	28.0
QEM15135.1	0.0051	28.0
QTE42142.1	0.0051	28.0
QTE48743.1	0.0051	28.0
QTE53841.1	0.0051	28.0
QTE60404.1	0.0051	28.0
QTF65452.1	0.0051	28.0
BBZ58408.1	0.0052	28.0
QXP56497.1	0.0053	27.9
UDC55108.1	0.0054	27.9
QEL67978.1	0.0054	27.9
QEL73256.1	0.0054	27.9
AJD42168.1	0.0054	27.9
BBM62598.1	0.0054	27.9
ATU05475.1	0.0055	27.9
UCI21332.1	0.0055	27.9
ALQ67319.1	0.0057	27.8
AZA46629.1	0.0058	27.8
QDW64302.1	0.0058	27.8
UNK32277.1	0.0058	27.8
AZQ48342.1	0.0058	27.8
CAI32993.1	0.0058	27.8
QSE83053.1	0.0061	27.7
CAI32973.1	0.0062	27.7
QXP51174.1	0.0062	27.7
AFH02815.1	0.0062	27.7
CAI33029.1	0.0062	27.7
BCR05281.1	0.0063	27.7
QNF93468.1	0.0064	27.7
QHD94178.1	0.0064	27.7
UDC71188.1	0.0064	27.7
SNU93675.1	0.0064	27.7
QDL05685.1	0.0065	27.7
ABQ26517.1	0.0066	27.6
AJH21699.1	0.0067	27.6
QQA17503.1	0.0067	27.6
QWG89142.1	0.0067	27.6
QWH05759.1	0.0067	27.6
QWH96532.1	0.0067	27.6
QWI21343.1	0.0067	27.6
QWI37277.1	0.0067	27.6
QUL58014.1	0.0068	27.6
SDF37483.1	0.0068	27.6
BBA34839.1	0.0068	27.6
UAW37526.1	0.0068	27.6
QTE28900.1	0.0069	27.6
ACU06119.1	0.0072	27.5
AOT70141.1	0.0073	27.5
CQR53106.1	0.0075	27.5
ARU49464.1	0.0076	27.4
UNP83180.1	0.0076	27.4
SQE35066.1	0.0076	27.4
SQE79733.1	0.0076	27.4
SQE86754.1	0.0076	27.4
VDZ13541.1	0.0076	27.4
ULJ73981.1	0.0077	27.4
AKA36081.1	0.0077	27.4
AMR02032.1	0.0078	27.4
AYF80362.1	0.0078	27.4
QCY60771.1	0.0078	27.4
QEM68662.1	0.0079	27.4
QIR77284.1	0.0079	27.4
QIR79901.1	0.0079	27.4
AWL60100.1	0.0081	27.3
AWL66053.1	0.0081	27.3
AWL77351.1	0.0081	27.3
AIQ27753.1	0.0081	27.3
BAV34012.1	0.0081	27.3
BCW58933.1	0.0082	27.3
QHT66079.1	0.0083	27.3
QYC08979.1	0.0084	27.3
QYC15029.1	0.0084	27.3
AOS65902.1	0.0084	27.3
ARF99031.1	0.0084	27.3
ANP80730.1	0.0085	27.3
AIQ16166.1	0.0088	27.2
ASS89468.1	0.0088	27.2
AUC82951.1	0.009	27.2
VUX56372.1	0.009	27.2
UDC39281.1	0.009	27.2
AIW86019.1	0.009	27.2
QSZ48920.1	0.0091	27.2
ATU44262.1	0.0091	27.2
APO68604.1	0.0092	27.2
UOB94393.1	0.0093	27.2
AWV31978.1	0.0093	27.1
ACX51658.1	0.0095	27.1
AKH41355.1	0.0096	27.1
QDE39689.1	0.0096	27.1
ABG84432.1	0.0099	27.1
QWG38428.1	0.0099	27.1
QGT73585.1	0.0099	27.1
CDM67716.1	0.01	27.0
CBW25265.1	0.01	27.0
AIG62555.1	0.01	27.0
BAQ01793.1	0.01	27.0
ULF86873.1	0.011	26.9
ASV22820.1	0.011	26.9
QBL51816.1	0.011	26.9
UPL45875.1	0.011	26.9
UAJ78972.1	0.011	26.9
AWX90066.1	0.011	26.9
QEY81111.1	0.011	26.9
QSI15111.1	0.011	26.9
APW37986.1	0.012	26.8
QMV03848.1	0.012	26.8
UGB29474.1	0.012	26.8
QDV55202.1	0.012	26.8
UPS93082.1	0.012	26.8
QEU44804.1	0.012	26.8
QEZ45933.1	0.012	26.8
QRQ86656.1	0.012	26.8
QRQ95016.1	0.012	26.8
QNC86672.1	0.012	26.8
AIQ72613.1	0.012	26.8
BCN19657.1	0.012	26.7
AVF91033.1	0.012	26.7
AWB64850.1	0.012	26.7
AWO64433.1	0.012	26.7
AZR65516.1	0.012	26.7
AZZ21607.1	0.012	26.7
QNC81679.1	0.012	26.7
QJR77168.1	0.013	26.7
ACK87935.1	0.013	26.7
AHG91023.1	0.013	26.7
QGG26655.1	0.013	26.7
QPI83167.1	0.013	26.6
ALM06784.1	0.013	26.6
QZS64446.1	0.013	26.6
UGY13104.1	0.014	26.6
AFH82906.1	0.014	26.6
AHK37697.1	0.014	26.6
AIM05498.1	0.014	26.6
AIM10912.1	0.014	26.6
BBE36250.1	0.014	26.6
BBE36332.1	0.014	26.6
QCH03168.1	0.014	26.6
BCA79502.1	0.014	26.6
AVM46562.1	0.014	26.6
ABB24658.1	0.014	26.5
URL60057.1	0.014	26.5
QRF12756.1	0.014	26.5
UDD40517.1	0.014	26.5
USB41320.1	0.014	26.5
QIW21414.1	0.015	26.5
QZN86322.1	0.015	26.5
ADK04296.1	0.015	26.5
AJH61988.1	0.015	26.5
AJH83697.1	0.015	26.5
AJK33616.1	0.015	26.5
AXO92363.1	0.015	26.5
QBJ67415.1	0.015	26.5
QKH65187.1	0.015	26.5
QKH73315.1	0.015	26.5
QKI19494.1	0.015	26.5
QUW33167.1	0.015	26.5
UBR32997.1	0.015	26.5
CEJ74664.1	0.015	26.4
AZJ07370.1	0.015	26.4
AZJ30349.1	0.015	26.4
QER56718.1	0.015	26.4
ABX41586.1	0.016	26.4
QKC78310.1	0.016	26.4
QEE18826.1	0.016	26.4
BDA10835.1	0.016	26.3
ARB27015.1	0.016	26.3
AKR57950.1	0.017	26.3
AUW59840.1	0.017	26.3
QFZ71663.1	0.017	26.3
ABL02621.1	0.017	26.3
AOR26754.1	0.017	26.3
BCG72011.1	0.017	26.3
AFI85257.1	0.017	26.3
APG05433.1	0.017	26.3
QDO86978.1	0.017	26.3
AAP25548.1	0.017	26.2
AAT30712.1	0.017	26.2
AAT53816.1	0.017	26.2
AAT59480.1	0.017	26.2
ACP12943.1	0.017	26.2
ACQ48955.1	0.017	26.2
AHE83014.1	0.017	26.2
AHE88916.1	0.017	26.2
AIF55929.1	0.017	26.2
AIK33135.1	0.017	26.2
AIK51948.1	0.017	26.2
AIK55934.1	0.017	26.2
AIK65384.1	0.017	26.2
AJG28431.1	0.017	26.2
AJG49188.1	0.017	26.2
AJG65714.1	0.017	26.2
AJG73009.1	0.017	26.2
AJG80887.1	0.017	26.2
AJH26857.1	0.017	26.2
AJH36296.1	0.017	26.2
AJH39382.1	0.017	26.2
AJH47418.1	0.017	26.2
AJH53586.1	0.017	26.2
AJH58927.1	0.017	26.2
AJH90541.1	0.017	26.2
AJH94557.1	0.017	26.2
AJI00949.1	0.017	26.2
AJI36148.1	0.017	26.2
AJI40616.1	0.017	26.2
AJM80238.1	0.017	26.2
ALC33834.1	0.017	26.2
AMC03702.1	0.017	26.2
ANH85896.1	0.017	26.2
ANR04186.1	0.017	26.2
ANR09482.1	0.017	26.2
ANR14783.1	0.017	26.2
ANR20084.1	0.017	26.2
ANR25384.1	0.017	26.2
ANR30685.1	0.017	26.2
ANR35987.1	0.017	26.2
ANR41283.1	0.017	26.2
ANR46577.1	0.017	26.2
ANR51873.1	0.017	26.2
ANR57168.1	0.017	26.2
APT25162.1	0.017	26.2
AQM45616.1	0.017	26.2
ASE31852.1	0.017	26.2
AWU52513.1	0.017	26.2
BAR77660.1	0.017	26.2
BBB71805.1	0.017	26.2
BBK94448.1	0.017	26.2
QCX56003.1	0.017	26.2
QHA39402.1	0.017	26.2
QHA44540.1	0.017	26.2
QHA50537.1	0.017	26.2
QHA58041.1	0.017	26.2
QHA59041.1	0.017	26.2
QHA65073.1	0.017	26.2
QHD21511.1	0.017	26.2
QIY14444.1	0.017	26.2
QIY19853.1	0.017	26.2
QIY24564.1	0.017	26.2
QIY27790.1	0.017	26.2
QKI24184.1	0.017	26.2
QKU11169.1	0.017	26.2
QKU13177.1	0.017	26.2
QKU27332.1	0.017	26.2
QQD46618.1	0.017	26.2
QPG67894.1	0.018	26.2
QXQ20378.1	0.018	26.2
QBF49800.1	0.018	26.2
QAY63350.1	0.018	26.2
AZV63423.1	0.018	26.2
ULO10573.1	0.018	26.2
QKE06728.1	0.019	26.2
QSG30282.1	0.019	26.2
SQF65259.1	0.019	26.2
UKH41684.1	0.019	26.2
QOW51949.1	0.019	26.2
ACV80756.1	0.019	26.1
AIJ02288.1	0.019	26.1
UCQ44587.1	0.02	26.1
AEH09717.1	0.02	26.1
QOL39108.1	0.02	26.1
AOY15138.1	0.02	26.1
QFC17955.1	0.02	26.1
AUN54758.1	0.02	26.0
QCI87012.1	0.02	26.0
BAS19610.1	0.02	26.0
AWS40155.1	0.02	26.0
AKJ43549.1	0.02	26.0
AZA49458.1	0.021	26.0
AZA64351.1	0.021	26.0
UGB01005.1	0.021	26.0
AUS79031.1	0.021	26.0
BAY11974.1	0.021	26.0
QKQ70948.1	0.021	26.0
QDV11300.1	0.021	26.0
ATY09307.1	0.021	26.0
ADL13609.1	0.022	25.9
QIK79453.1	0.022	25.9
QWA38916.1	0.022	25.9
QDC23922.1	0.022	25.9
BCN16891.1	0.022	25.9
BCN17279.1	0.022	25.9
ABY95275.1	0.022	25.9
ADV80222.1	0.022	25.9
QCX01859.1	0.022	25.9
QRN01287.1	0.022	25.9
USA46485.1	0.023	25.9
USA49969.1	0.023	25.9
QSP96057.1	0.023	25.9
CDJ76162.1	0.023	25.9
VEE82781.1	0.023	25.9
ACU77314.1	0.023	25.9
UOO37044.1	0.023	25.9
QNK01624.1	0.023	25.8
UFH65502.1	0.023	25.8
AEV29373.1	0.024	25.8
BAV46737.1	0.024	25.8
QGS10585.1	0.024	25.8
CBK75354.1	0.024	25.8
AWI79541.1	0.024	25.8
ADY20964.1	0.024	25.8
QKJ64452.1	0.025	25.8
BBY95833.1	0.025	25.7
BAI65391.1	0.025	25.7
QXW98951.1	0.025	25.7
BAS67681.1	0.025	25.7
UPG96427.1	0.026	25.7
AXB79761.1	0.026	25.7
AIY75674.1	0.026	25.7
AJI06121.1	0.026	25.7
ARO17521.1	0.026	25.7
QDE39366.1	0.026	25.7
AKM83255.1	0.027	25.6
UHJ49068.1	0.027	25.6
AJG94751.1	0.027	25.6
AKU64530.1	0.027	25.6
QQC43257.1	0.027	25.6
ARD41549.1	0.028	25.6
QSX76882.1	0.028	25.6
QZZ37451.1	0.028	25.6
AVO80288.1	0.028	25.6
ADK86446.1	0.029	25.5
UOB80514.1	0.029	25.5
AXO80782.1	0.029	25.5
UBE46398.1	0.029	25.5
QGS37382.1	0.029	25.5
AAV60734.1	0.03	25.5
ANV87366.1	0.03	25.5
ALE95292.1	0.03	25.5
ASL96916.1	0.03	25.5
ASM06342.1	0.03	25.5
AVN32907.1	0.03	25.5
AVN52192.1	0.03	25.5
AWC69389.1	0.03	25.5
AWC76177.1	0.03	25.5
AWC91799.1	0.03	25.5
AWS60468.1	0.03	25.5
AWS67366.1	0.03	25.5
QHE56308.1	0.03	25.5
QLJ22061.1	0.03	25.5
QLJ26143.1	0.03	25.5
QLJ30891.1	0.03	25.5
QNM88613.1	0.03	25.5
ASI62356.1	0.03	25.5
QLY39823.1	0.03	25.4
QIA26643.1	0.031	25.4
UQR37369.1	0.031	25.4
AWA03914.1	0.032	25.4
QNF13109.1	0.032	25.4
AGM38844.1	0.032	25.4
UCQ13050.1	0.032	25.4
QAT29641.1	0.032	25.4
QAT33617.1	0.032	25.4
AJO73719.1	0.032	25.4
AQX93078.1	0.032	25.4
ARO00300.1	0.032	25.4
ARO03241.1	0.032	25.4
AWL15306.1	0.032	25.4
AYA79363.1	0.032	25.4
AYC68705.1	0.032	25.4
AYC75121.1	0.032	25.4
QJS45422.1	0.032	25.4
QKG60978.1	0.032	25.4
QQM60117.1	0.032	25.4
QSE55313.1	0.032	25.4
AKG33491.1	0.032	25.4
AFR29214.1	0.032	25.4
QSS98173.1	0.033	25.4
ABM07753.1	0.033	25.3
QNA90820.1	0.033	25.3
QNA98060.1	0.033	25.3
QXJ21539.1	0.033	25.3
AFV98295.1	0.033	25.3
APO75702.1	0.033	25.3
ABR44935.1	0.033	25.3
QRO14950.1	0.033	25.3
QUY44733.1	0.034	25.3
AFV02100.1	0.034	25.3
AOT01738.1	0.034	25.3
UGY21724.1	0.034	25.3
UQK42078.1	0.035	25.3
QOD92036.1	0.035	25.3
ASC14608.1	0.035	25.3
ATQ91172.1	0.035	25.3
ATQ96771.1	0.035	25.3
AXS47755.1	0.035	25.3
QFH98016.1	0.035	25.3
ALS14223.1	0.035	25.3
AWF56783.1	0.035	25.3
AWF63688.1	0.035	25.3
AYF71656.1	0.035	25.3
AYQ84686.1	0.035	25.3
AYR10881.1	0.035	25.3
AZN02759.1	0.035	25.3
AZN08482.1	0.035	25.3
AZN15513.1	0.035	25.3
AZN44276.1	0.035	25.3
AZN54213.1	0.035	25.3
AZN56359.1	0.035	25.3
AZP62837.1	0.035	25.3
BAQ42845.1	0.035	25.3
BAT68284.1	0.035	25.3
QJE75715.1	0.035	25.3
QJE82159.1	0.035	25.3
QJE88544.1	0.035	25.3
ALC04867.1	0.035	25.2
AUU07164.1	0.036	25.2
ABJ14383.1	0.036	25.2
ALY73893.1	0.036	25.2
ALY77745.1	0.036	25.2
ASM88177.1	0.036	25.2
AYW62742.1	0.036	25.2
AYW69002.1	0.036	25.2
QBL23750.1	0.036	25.2
SCM65247.1	0.036	25.2
QWF70710.1	0.036	25.2
QDT03402.1	0.037	25.2
QHC59328.1	0.037	25.2
AEH00881.1	0.037	25.2
UPG87730.1	0.037	25.2
ALL23146.1	0.037	25.2
UBM51677.1	0.037	25.2
UOK47915.1	0.037	25.2
ACI07015.1	0.038	25.1
ART08481.1	0.038	25.1
AVJ62651.1	0.038	25.1
AWX79712.1	0.038	25.1
AXO73878.1	0.038	25.1
AYW22197.1	0.038	25.1
QAA75013.1	0.038	25.1
QET27927.1	0.038	25.1
QFY25289.1	0.038	25.1
QMV20020.1	0.038	25.1
BBL88747.1	0.038	25.1
QKX65767.1	0.038	25.1
AIQ67165.1	0.039	25.1
BCN17488.1	0.039	25.1
AFZ51006.1	0.039	25.1
AEI48160.1	0.04	25.1
VEE83361.1	0.04	25.1
ATF62776.1	0.041	25.0
AXF05537.1	0.041	25.0
QUH25051.1	0.041	25.0
CCI79176.1	0.041	25.0
UEM07123.1	0.041	25.0
QEE49459.1	0.041	25.0
UQK39267.1	0.041	25.0
UQS67638.1	0.042	25.0
QIG99798.1	0.042	25.0
QND55891.1	0.042	25.0
UOA08276.1	0.042	25.0
QWT21705.1	0.042	25.0
AWI76807.1	0.042	25.0
QCF26288.1	0.043	25.0
ARO31511.1	0.043	25.0
AFM69018.1	0.043	24.9
AND72008.1	0.043	24.9
QIV89499.1	0.043	24.9
QKX68870.1	0.043	24.9
QKX73291.1	0.043	24.9
QNG04954.1	0.043	24.9
QQY22174.1	0.043	24.9
UQN38994.1	0.043	24.9
UQR04253.1	0.043	24.9
UQR34856.1	0.043	24.9
ABR79351.1	0.044	24.9
AIK82060.1	0.044	24.9
ARM25552.1	0.044	24.9
ARS97337.1	0.044	24.9
ART02903.1	0.044	24.9
ART13898.1	0.044	24.9
ASA12269.1	0.044	24.9
ASB09435.1	0.044	24.9
ASB15379.1	0.044	24.9
ASC31354.1	0.044	24.9
ASC36987.1	0.044	24.9
ASC42479.1	0.044	24.9
ASG36690.1	0.044	24.9
ASG62179.1	0.044	24.9
ASS82660.1	0.044	24.9
AST76962.1	0.044	24.9
ASV28634.1	0.044	24.9
ASV94034.1	0.044	24.9
ATF47314.1	0.044	24.9
ATM34815.1	0.044	24.9
ATM40234.1	0.044	24.9
ATM45837.1	0.044	24.9
ATM51203.1	0.044	24.9
ATM56769.1	0.044	24.9
ATM62495.1	0.044	24.9
ATM68302.1	0.044	24.9
ATM73506.1	0.044	24.9
ATO02322.1	0.044	24.9
ATO07932.1	0.044	24.9
ATO26136.1	0.044	24.9
ATR01856.1	0.044	24.9
ATR07029.1	0.044	24.9
ATR12425.1	0.044	24.9
ATR18154.1	0.044	24.9
ATR28306.1	0.044	24.9
ATR33699.1	0.044	24.9
ATR39232.1	0.044	24.9
ATR44806.1	0.044	24.9
ATR50124.1	0.044	24.9
ATR55451.1	0.044	24.9
ATR60500.1	0.044	24.9
ATR66030.1	0.044	24.9
ATR71589.1	0.044	24.9
ATR77117.1	0.044	24.9
ATS16605.1	0.044	24.9
ATX27569.1	0.044	24.9
ATX32918.1	0.044	24.9
AUA01837.1	0.044	24.9
AUA07376.1	0.044	24.9
AUA53763.1	0.044	24.9
AUD20327.1	0.044	24.9
AUD31196.1	0.044	24.9
AUD36746.1	0.044	24.9
AUH82685.1	0.044	24.9
AUH88212.1	0.044	24.9
AUH93999.1	0.044	24.9
AUH99372.1	0.044	24.9
AUN59938.1	0.044	24.9
AUN65284.1	0.044	24.9
AUN70626.1	0.044	24.9
AUN75572.1	0.044	24.9
AUN80627.1	0.044	24.9
AUN86076.1	0.044	24.9
AUS24005.1	0.044	24.9
AUT24951.1	0.044	24.9
AUV41214.1	0.044	24.9
AUY22569.1	0.044	24.9
AVB74663.1	0.044	24.9
AVE13833.1	0.044	24.9
AVF14720.1	0.044	24.9
AVG07909.1	0.044	24.9
AVJ68055.1	0.044	24.9
AVK69901.1	0.044	24.9
AVO19792.1	0.044	24.9
AVO98063.1	0.044	24.9
AVS24098.1	0.044	24.9
AVS29570.1	0.044	24.9
AVT91552.1	0.044	24.9
AVT97300.1	0.044	24.9
AVU27938.1	0.044	24.9
AVW79257.1	0.044	24.9
AVZ92526.1	0.044	24.9
AVZ98044.1	0.044	24.9
AWA14159.1	0.044	24.9
AWA54776.1	0.044	24.9
AWA60180.1	0.044	24.9
AWA71156.1	0.044	24.9
AWA76926.1	0.044	24.9
AWC05361.1	0.044	24.9
AWD01098.1	0.044	24.9
AWD98815.1	0.044	24.9
AWE04229.1	0.044	24.9
AWF04867.1	0.044	24.9
AWG14993.1	0.044	24.9
AWJ12722.1	0.044	24.9
AWJ18376.1	0.044	24.9
AWJ24313.1	0.044	24.9
AWL48667.1	0.044	24.9
AWL54167.1	0.044	24.9
AWO38728.1	0.044	24.9
AWO44041.1	0.044	24.9
AWO49302.1	0.044	24.9
AWQ55256.1	0.044	24.9
AWR57633.1	0.044	24.9
AWR66364.1	0.044	24.9
AWS76599.1	0.044	24.9
AWS86983.1	0.044	24.9
AWX85080.1	0.044	24.9
AWY26540.1	0.044	24.9
AWY31930.1	0.044	24.9
AWZ73859.1	0.044	24.9
AXK99673.1	0.044	24.9
AXL58845.1	0.044	24.9
AXL63934.1	0.044	24.9
AXO58077.1	0.044	24.9
AXQ45414.1	0.044	24.9
AXQ85052.1	0.044	24.9
AXR53911.1	0.044	24.9
AXS06168.1	0.044	24.9
AXS11524.1	0.044	24.9
AXS16604.1	0.044	24.9
AXS22267.1	0.044	24.9
AXS52989.1	0.044	24.9
AXS58178.1	0.044	24.9
AXZ10533.1	0.044	24.9
AXZ16151.1	0.044	24.9
AXZ22045.1	0.044	24.9
AXZ29660.1	0.044	24.9
AXZ34952.1	0.044	24.9
AXZ56017.1	0.044	24.9
AXZ61695.1	0.044	24.9
AYB68232.1	0.044	24.9
AYC86284.1	0.044	24.9
AYC91599.1	0.044	24.9
AYD31865.1	0.044	24.9
AYD37113.1	0.044	24.9
AYJ96341.1	0.044	24.9
AYK01705.1	0.044	24.9
AYP10032.1	0.044	24.9
AYQ09815.1	0.044	24.9
AYW27372.1	0.044	24.9
AYY24679.1	0.044	24.9
AZA41515.1	0.044	24.9
AZB79375.1	0.044	24.9
AZG61965.1	0.044	24.9
AZG67505.1	0.044	24.9
AZG83950.1	0.044	24.9
AZG94223.1	0.044	24.9
AZH23043.1	0.044	24.9
AZH52166.1	0.044	24.9
AZH95279.1	0.044	24.9
AZI01346.1	0.044	24.9
AZI06991.1	0.044	24.9
AZI12640.1	0.044	24.9
AZK58324.1	0.044	24.9
AZL46552.1	0.044	24.9
AZP01556.1	0.044	24.9
AZP88795.1	0.044	24.9
AZV17267.1	0.044	24.9
BAH65745.1	0.044	24.9
QAA18305.1	0.044	24.9
QAT12178.1	0.044	24.9
QAV81864.1	0.044	24.9
QAW64464.1	0.044	24.9
QAW70230.1	0.044	24.9
QAW75886.1	0.044	24.9
QAW81361.1	0.044	24.9
QAW86996.1	0.044	24.9
QAW92404.1	0.044	24.9
QAW98049.1	0.044	24.9
QAX02994.1	0.044	24.9
QAX08131.1	0.044	24.9
QAX18333.1	0.044	24.9
QAX23363.1	0.044	24.9
QAZ99495.1	0.044	24.9
QBA28863.1	0.044	24.9
QBA36042.1	0.044	24.9
QBD93695.1	0.044	24.9
QBE75086.1	0.044	24.9
QBF99169.1	0.044	24.9
QBG04610.1	0.044	24.9
QBH10957.1	0.044	24.9
QBH35169.1	0.044	24.9
QBH40846.1	0.044	24.9
QBH46453.1	0.044	24.9
QBH51741.1	0.044	24.9
QBH60943.1	0.044	24.9
QBI10388.1	0.044	24.9
QBI27402.1	0.044	24.9
QBI37172.1	0.044	24.9
QBI89189.1	0.044	24.9
QBI95742.1	0.044	24.9
QBK46026.1	0.044	24.9
QBQ33121.1	0.044	24.9
QCO53665.1	0.044	24.9
QCO63011.1	0.044	24.9
QCQ28262.1	0.044	24.9
QCS89310.1	0.044	24.9
QCU26073.1	0.044	24.9
QCU38256.1	0.044	24.9
QCU43966.1	0.044	24.9
QCU88411.1	0.044	24.9
QCX07386.1	0.044	24.9
QDA44974.1	0.044	24.9
QDC86901.1	0.044	24.9
QDF35302.1	0.044	24.9
QDF88176.1	0.044	24.9
QDF93917.1	0.044	24.9
QDJ79622.1	0.044	24.9
QDL61865.1	0.044	24.9
QDP07947.1	0.044	24.9
QDP35300.1	0.044	24.9
QDW15471.1	0.044	24.9
QDX68944.1	0.044	24.9
QDX74254.1	0.044	24.9
QDZ35490.1	0.044	24.9
QEG84234.1	0.044	24.9
QEI38940.1	0.044	24.9
QEI54257.1	0.044	24.9
QEI59049.1	0.044	24.9
QEO73117.1	0.044	24.9
QET22674.1	0.044	24.9
QEW94326.1	0.044	24.9
QEX44845.1	0.044	24.9
QFH43248.1	0.044	24.9
QFP85061.1	0.044	24.9
QFU52626.1	0.044	24.9
QFU73349.1	0.044	24.9
QFY19874.1	0.044	24.9
QFY30840.1	0.044	24.9
QFY36409.1	0.044	24.9
QGA63731.1	0.044	24.9
QGG31507.1	0.044	24.9
QGM55352.1	0.044	24.9
QGM60889.1	0.044	24.9
QGQ12520.1	0.044	24.9
QGT66879.1	0.044	24.9
QGV95230.1	0.044	24.9
QGW94453.1	0.044	24.9
QGZ80121.1	0.044	24.9
QGZ85564.1	0.044	24.9
QHB98464.1	0.044	24.9
QHC42832.1	0.044	24.9
QHD77567.1	0.044	24.9
QHG07581.1	0.044	24.9
QHJ18991.1	0.044	24.9
QHJ24061.1	0.044	24.9
QHP06564.1	0.044	24.9
QHP17836.1	0.044	24.9
QHP22970.1	0.044	24.9
QHP28812.1	0.044	24.9
QHP33958.1	0.044	24.9
QHP39257.1	0.044	24.9
QHP44582.1	0.044	24.9
QHP50022.1	0.044	24.9
QHQ45909.1	0.044	24.9
QHU42168.1	0.044	24.9
QHU47915.1	0.044	24.9
QHU53602.1	0.044	24.9
QHU59198.1	0.044	24.9
QHU64940.1	0.044	24.9
QHU70517.1	0.044	24.9
QHU76016.1	0.044	24.9
QIA83339.1	0.044	24.9
QID31496.1	0.044	24.9
QIH61250.1	0.044	24.9
QIH84093.1	0.044	24.9
QIH89517.1	0.044	24.9
QIH94476.1	0.044	24.9
QIJ12032.1	0.044	24.9
QIJ17178.1	0.044	24.9
QIJ22782.1	0.044	24.9
QIJ37899.1	0.044	24.9
QIQ40324.1	0.044	24.9
QIV53281.1	0.044	24.9
QLB33248.1	0.044	24.9
QOH45370.1	0.044	24.9
QKJ95441.1	0.044	24.9
QPB22040.1	0.044	24.9
QXJ63676.1	0.044	24.9
BDD87617.1	0.045	24.9
AHA30769.1	0.046	24.9
BCJ93407.1	0.046	24.9
API89868.1	0.046	24.9
AXT68646.1	0.047	24.8
QCW04938.1	0.047	24.8
QKC82723.1	0.047	24.8
QKD16219.1	0.047	24.8
QIH32816.1	0.047	24.8
AST32687.2	0.047	24.8
ASV82762.1	0.048	24.8
QET12081.1	0.049	24.8
ATM08057.1	0.05	24.7
ATM18352.1	0.05	24.7
QZO08514.1	0.051	24.7
AKZ84877.1	0.051	24.7
ALA02851.1	0.051	24.7
APR41025.1	0.051	24.7
ARA28770.1	0.051	24.7
ASA03689.1	0.051	24.7
ASB83217.1	0.051	24.7
AWV75529.1	0.051	24.7
AZU67493.1	0.051	24.7
BBW31895.1	0.051	24.7
BBW36609.1	0.051	24.7
QBH62744.1	0.051	24.7
QEI62967.1	0.051	24.7
QEI72220.1	0.051	24.7
QEL32988.1	0.051	24.7
QFH36555.1	0.051	24.7
QFI01132.1	0.051	24.7
QFI23143.1	0.051	24.7
QPD69614.1	0.051	24.7
QQW44328.1	0.051	24.7
QSB71418.1	0.051	24.7
QDQ05344.1	0.051	24.7
AEY01577.1	0.052	24.7
ALT82457.1	0.052	24.7
UQK46247.1	0.052	24.7
QIF39082.1	0.053	24.7
BCH01025.1	0.054	24.6
QKC63747.1	0.054	24.6
QKD09659.1	0.054	24.6
BCH08785.1	0.054	24.6
QFU68074.1	0.054	24.6
ANN58180.1	0.054	24.6
QDW95116.1	0.055	24.6
QKI47599.1	0.055	24.6
QHR93084.1	0.055	24.6
QLU00351.1	0.055	24.6
QLU72687.1	0.055	24.6
QLU92876.1	0.055	24.6
AXL99113.1	0.055	24.6
BBK35930.1	0.055	24.6
AWZ47522.1	0.056	24.6
ALU46899.1	0.056	24.6
ANE33877.1	0.056	24.6
CCO04327.1	0.056	24.6
AXT20738.1	0.057	24.6
ART77770.1	0.057	24.6
BCF98254.1	0.057	24.6
QIH31513.1	0.057	24.6
APC86071.1	0.057	24.5
BDB23454.1	0.058	24.5
ULR40553.1	0.058	24.5
BAU28093.1	0.059	24.5
APC41944.1	0.06	24.5
QSR32552.1	0.06	24.5
AFM67561.1	0.06	24.5
AGO42474.1	0.06	24.5
AHC79772.1	0.06	24.5
ALY51224.1	0.06	24.5
ALY53076.1	0.06	24.5
ALZ01385.1	0.06	24.5
ALZ21978.1	0.06	24.5
ANI08327.1	0.06	24.5
APJ43886.1	0.06	24.5
APJ49505.1	0.06	24.5
APJ55125.1	0.06	24.5
AXA01654.1	0.06	24.5
AYW75595.1	0.06	24.5
BAR70461.1	0.06	24.5
CRZ32644.1	0.06	24.5
QBL27833.1	0.06	24.5
QCJ33304.1	0.06	24.5
QDD49781.1	0.06	24.5
QDR11349.1	0.06	24.5
QHI62587.1	0.06	24.5
QKP83821.1	0.06	24.5
QKR26042.1	0.06	24.5
QKR70777.1	0.06	24.5
VEG00899.1	0.06	24.5
VTQ09628.1	0.06	24.5
VTQ12024.1	0.06	24.5
VVH81779.1	0.06	24.5
QYF95083.1	0.061	24.5
AKM78992.1	0.061	24.5
SQL02114.1	0.061	24.5
QTR46424.1	0.061	24.5
AID31413.1	0.061	24.4
BAK37877.1	0.062	24.4
UNP76365.1	0.063	24.4
AIF48398.1	0.064	24.4
SNV19776.1	0.064	24.4
ANF45123.1	0.065	24.4
AGH72185.1	0.065	24.4
UBU79947.1	0.065	24.4
UCQ21205.1	0.065	24.4
UCQ24543.1	0.065	24.4
UCQ31354.1	0.065	24.4
UCQ34680.1	0.065	24.4
UCQ57679.1	0.065	24.4
UJT79076.1	0.065	24.4
CBL00402.1	0.065	24.4
BAZ10226.1	0.066	24.3
BAZ56373.1	0.066	24.3
QOP43172.1	0.066	24.3
QAV62121.1	0.066	24.3
QII08115.1	0.066	24.3
BBZ27157.1	0.066	24.3
CAD0119851.1	0.067	24.3
CAD0127425.1	0.067	24.3
QCT35998.1	0.067	24.3
QEM90879.1	0.068	24.3
QKX71378.1	0.068	24.3
AKL97949.1	0.069	24.3
BBX83860.1	0.069	24.3
SYX81948.1	0.07	24.3
AFY56614.1	0.071	24.2
CAL78477.1	0.071	24.2
AGX06513.1	0.072	24.2
AJH75536.1	0.075	24.2
QIE36263.1	0.075	24.2
QKH58410.1	0.075	24.2
AJG79233.1	0.075	24.2
QKH26448.1	0.075	24.2
QQV07435.1	0.075	24.2
QQY28739.1	0.075	24.2
ANW62696.1	0.078	24.1
AVQ89066.1	0.078	24.1
CBL05385.1	0.078	24.1
ADO37384.1	0.079	24.1
QIY10654.1	0.079	24.1
QOH81520.1	0.079	24.1
QMI81376.1	0.08	24.1
SBV26541.1	0.081	24.1
BCG87076.1	0.082	24.0
QUO34112.1	0.083	24.0
BAB49306.1	0.083	24.0
BBE36406.1	0.083	24.0
QGX77777.1	0.083	24.0
QJF01809.1	0.083	24.0
QJF07880.1	0.083	24.0
QJI83751.1	0.083	24.0
QJI89824.1	0.083	24.0
SHH65373.1	0.084	24.0
QUT82542.1	0.087	24.0
QDM12135.1	0.088	23.9
BBY75176.1	0.088	23.9
QHE77286.1	0.088	23.9
QHE81710.1	0.088	23.9
BBY86462.1	0.088	23.9
ADY36301.1	0.088	23.9
BAZ41635.1	0.089	23.9
QZZ37443.1	0.09	23.9
AWU95457.1	0.091	23.9
CCO59625.1	0.091	23.9
AXT61832.1	0.092	23.9
CUS05034.2	0.092	23.9
AXH96882.1	0.092	23.9
UPG92079.1	0.094	23.8
UBS33622.1	0.094	23.8
UJF15391.1	0.094	23.8
QIO38874.1	0.094	23.8
ACV47589.1	0.094	23.8
QCD66052.1	0.094	23.8
QFR20857.1	0.094	23.8
QWT85706.1	0.095	23.8
QXI59822.1	0.095	23.8
QMV66321.1	0.095	23.8
QGY95488.1	0.095	23.8
QOY61979.1	0.095	23.8
BBB24137.1	0.096	23.8
QET17005.1	0.096	23.8
QPQ31966.1	0.096	23.8
ACV54619.1	0.099	23.8
UBK66659.1	0.099	23.8
BAN95422.1	0.1	23.8
ACY82927.1	0.1	23.8
ADM40176.1	0.1	23.8
QBB12314.1	0.1	23.8
QHR95770.1	0.1	23.8
UCQ14781.1	0.1	23.8
UCQ37970.1	0.1	23.8
UCQ41260.1	0.1	23.8
UJT82629.1	0.1	23.8
UJT85898.1	0.1	23.8
QKQ63101.1	0.1	23.8
ALA59059.1	0.1	23.7
AZO42349.1	0.1	23.7
UKJ62250.1	0.1	23.7
UAC00526.1	0.1	23.7
QQS99768.1	0.1	23.7
QDR55319.1	0.1	23.7
AOE10487.1	0.1	23.7
AHI29917.1	0.1	23.7
AII63525.1	0.1	23.7
AEA33705.1	0.1	23.7
QLK60821.1	0.1	23.7
UBD69976.1	0.11	23.7
CAB1238923.1	0.11	23.7
ALL04495.1	0.11	23.6
ABF42148.1	0.11	23.6
AWS99527.1	0.11	23.6
QMW74254.1	0.11	23.6
QPS12474.1	0.11	23.6
QSH41674.1	0.11	23.6
QWT87082.1	0.11	23.6
QKC89489.1	0.11	23.6
QKC70513.1	0.11	23.6
AXE91455.1	0.11	23.6
AQW22834.1	0.11	23.6
QGZ93379.1	0.12	23.5
AOX62054.1	0.12	23.5
ASG78862.1	0.12	23.5
QSY87877.1	0.12	23.5
UKS55665.1	0.12	23.5
QKD79880.1	0.12	23.5
ADU50765.1	0.12	23.5
AWQ82447.1	0.12	23.5
QQV03418.1	0.12	23.5
VFB03264.1	0.12	23.5
QEZ69852.1	0.12	23.5
AJG58220.1	0.12	23.4
QKI12425.1	0.12	23.4
QKF69947.1	0.13	23.4
SDT55694.1	0.13	23.4
UJW33689.1	0.13	23.4
UPG92584.1	0.13	23.4
SAZ58965.1	0.13	23.4
SAZ88512.1	0.13	23.4
BBE36276.1	0.13	23.4
BBE36344.1	0.13	23.4
QOG11498.1	0.13	23.4
AEG48163.1	0.13	23.4
BCN19226.1	0.13	23.3
UBE41385.1	0.13	23.3
AIJ08287.1	0.13	23.3
UBU94797.1	0.13	23.3
UOU78981.1	0.13	23.3
QBQ39858.1	0.13	23.3
AIY66939.1	0.13	23.3
BBH68030.1	0.14	23.3
UBM34015.1	0.14	23.3
UBK35298.1	0.14	23.3
UKN02852.1	0.14	23.3
QNG87141.1	0.14	23.3
QNG91665.1	0.14	23.3
QTE29659.1	0.14	23.3
SCG68642.1	0.14	23.3
QRM90171.1	0.14	23.3
CBJ42488.1	0.14	23.2
QJT81541.1	0.14	23.2
AVI92964.1	0.14	23.2
UKY36421.1	0.14	23.2
AYB55633.2	0.15	23.2
URJ61503.1	0.15	23.2
QKC95844.1	0.15	23.2
ATJ85898.1	0.15	23.1
QZY94812.1	0.15	23.1
AHI57535.1	0.15	23.1
AKD04456.1	0.15	23.1
AQS94215.1	0.15	23.1
UGY01841.1	0.15	23.1
QUU10416.1	0.16	23.1
AKJ69001.1	0.16	23.1
APR96537.1	0.16	23.1
AHF60600.1	0.16	23.1
UMY56030.1	0.16	23.1
AVM66449.1	0.16	23.1
UKK47950.1	0.16	23.1
UFN69808.1	0.16	23.1
AEH44571.1	0.16	23.1
QQK64613.1	0.16	23.0
QCX39135.1	0.17	23.0
AMN40237.1	0.17	23.0
QDU84923.1	0.17	23.0
QOW18792.1	0.17	23.0
AKM52718.1	0.17	23.0
UCI21897.1	0.17	23.0
UNK50969.1	0.18	22.9
ADD01943.1	0.18	22.9
BCN21014.1	0.18	22.9
APY09989.1	0.18	22.9
ADL07282.1	0.18	22.9
UAC47867.1	0.18	22.9
AJC23072.1	0.18	22.9
QWB29690.1	0.18	22.9
QFS62347.1	0.18	22.9
QKW15059.1	0.18	22.9
ASN20407.1	0.18	22.9
UQK58485.1	0.18	22.9
QWE10888.1	0.18	22.9
QIZ29174.1	0.19	22.9
ANP74094.1	0.19	22.9
UGA45585.1	0.19	22.9
AZZ37773.1	0.19	22.9
AVT31522.1	0.19	22.8
AVT38812.1	0.19	22.8
QYC38114.1	0.19	22.8
QQQ60827.1	0.19	22.8
ARD18226.1	0.19	22.8
QDU23919.1	0.19	22.8
QEY59399.1	0.19	22.8
QTY28360.1	0.2	22.8
QBC48901.1	0.2	22.8
ADL54264.1	0.2	22.8
ANM11967.1	0.2	22.8
AEH87623.1	0.2	22.8
ANM18459.1	0.2	22.8
ANM24845.1	0.2	22.8
AMO60425.1	0.2	22.7
VEG08545.1	0.2	22.7
BBO33508.1	0.2	22.7
SEU05581.1	0.2	22.7
SCG68656.1	0.21	22.7
QMD61427.1	0.21	22.7
SCA96314.1	0.21	22.7
QBX66167.1	0.21	22.7
VEI66994.1	0.21	22.7
AKA51389.1	0.22	22.7
BAD48295.1	0.22	22.7
CUA18075.1	0.22	22.7
UBF18140.1	0.22	22.7
AGB45414.1	0.22	22.6
AOX65327.1	0.22	22.6
SNU88272.1	0.22	22.6
SCF33559.1	0.22	22.6
QKC76477.1	0.22	22.6
APG25912.1	0.22	22.6
APG43983.1	0.22	22.6
BCG79239.1	0.22	22.6
BCY11882.1	0.22	22.6
AGK55733.1	0.22	22.6
ALF52924.1	0.23	22.6
AFK86440.1	0.23	22.6
AEA44165.1	0.23	22.6
QFU94113.1	0.23	22.6
QUT22729.1	0.23	22.5
AEM78206.1	0.23	22.5
QTL69031.2	0.23	22.5
QTL76172.1	0.23	22.5
SNR17700.1	0.24	22.5
AMG55164.1	0.24	22.5
AUZ65277.1	0.24	22.5
BCU47752.1	0.24	22.5
BCN21865.1	0.24	22.5
AZO53704.1	0.24	22.5
AZZ34731.1	0.24	22.5
QJP10954.1	0.24	22.5
AGK95885.1	0.24	22.5
UPM41897.1	0.25	22.5
QNE15581.1	0.25	22.4
AOY71364.1	0.25	22.4
BCW84424.1	0.25	22.4
QMU82577.1	0.25	22.4
QOI63232.1	0.25	22.4
QSZ54290.1	0.25	22.4
UDB88162.1	0.25	22.4
UPO87343.1	0.25	22.4
AKU15926.1	0.25	22.4
AGC76443.1	0.25	22.4
AEV30021.1	0.25	22.4
BAT23208.1	0.25	22.4
ARU50645.1	0.25	22.4
SDT33635.1	0.26	22.4
AII62365.1	0.26	22.4
QKS29783.1	0.26	22.4
AXB46722.1	0.26	22.4
BBE17901.1	0.26	22.4
QJS29066.1	0.27	22.4
QSZ00043.1	0.27	22.4
UFW93223.1	0.27	22.4
UED30622.1	0.27	22.3
QIJ41913.1	0.27	22.3
QND18955.1	0.27	22.3
QKE74329.1	0.27	22.3
QYL17870.1	0.28	22.3
ANF24447.1	0.28	22.3
AKM83612.1	0.28	22.3
AEQ53693.1	0.28	22.3
QJR20143.1	0.28	22.3
QIZ39795.1	0.28	22.3
ALP35757.1	0.28	22.3
SOH03064.1	0.29	22.3
QGA24502.1	0.29	22.3
QNQ55914.1	0.29	22.2
ANZ06896.1	0.3	22.2
QKJ26654.1	0.3	22.2
AHN24566.1	0.3	22.2
CDM69986.1	0.3	22.2
AWH73726.1	0.3	22.2
AYF43034.1	0.3	22.2
AEV69361.1	0.3	22.2
QEW38043.1	0.3	22.2
VTR94376.1	0.31	22.1
QIO46608.1	0.31	22.1
BBO62225.1	0.31	22.1
AXB81627.1	0.31	22.1
UGS20541.1	0.32	22.1
SDT58962.1	0.32	22.1
ANI98169.1	0.32	22.1
UQA99542.1	0.32	22.1
QMK77636.1	0.32	22.1
QMK82249.1	0.32	22.1
QPB33542.1	0.32	22.1
QZA37698.1	0.32	22.1
ARJ49510.1	0.32	22.1
AEM52937.1	0.33	22.0
APE87233.1	0.33	22.0
ASC52434.1	0.33	22.0
AGW89223.1	0.33	22.0
QBA72865.1	0.33	22.0
AZO09171.1	0.34	22.0
EAP86965.1	0.34	22.0
UNK45811.1	0.34	22.0
ADH60451.1	0.34	22.0
ALC82659.1	0.34	22.0
QGY45946.1	0.34	22.0
UQQ36489.1	0.35	22.0
ADG16598.1	0.35	22.0
UAA39644.1	0.35	22.0
QYL24172.1	0.35	22.0
QHO70226.1	0.35	22.0
BBK24232.1	0.36	21.9
QEW35254.1	0.36	21.9
AMX99531.1	0.36	21.9
ARP66631.1	0.36	21.9
AUB57731.1	0.36	21.9
QJW35974.1	0.37	21.9
UOD79538.1	0.37	21.9
QKC98581.1	0.37	21.9
QSY93701.1	0.38	21.8
AUC97850.1	0.38	21.8
AVC43967.1	0.38	21.8
ARV19704.1	0.38	21.8
UNG18197.1	0.38	21.8
ANE81791.1	0.38	21.8
AIY03617.1	0.39	21.8
QQR35426.1	0.39	21.8
ADL68441.1	0.39	21.8
BAW93335.1	0.39	21.8
AMN43649.1	0.39	21.8
QDF98951.1	0.39	21.8
QOY34905.1	0.4	21.8
ARS34773.1	0.4	21.8
AIY11701.1	0.4	21.8
AUS25435.1	0.4	21.8
QDA25856.1	0.4	21.8
UMR36934.1	0.4	21.8
URJ54456.1	0.4	21.8
URJ66299.1	0.4	21.8
URJ68965.1	0.4	21.8
BBY63022.1	0.4	21.8
AAM34937.1	0.41	21.7
AGH75581.1	0.41	21.7
AJD66629.1	0.41	21.7
AJY80164.1	0.41	21.7
AJY84586.1	0.41	21.7
AJY89008.1	0.41	21.7
AJY93480.1	0.41	21.7
AJY97904.1	0.41	21.7
AJZ02328.1	0.41	21.7
AJZ06750.1	0.41	21.7
AJZ11221.1	0.41	21.7
AJZ15650.1	0.41	21.7
AJZ20074.1	0.41	21.7
AJZ24500.1	0.41	21.7
AJZ28916.1	0.41	21.7
AJZ33380.1	0.41	21.7
AJZ37849.1	0.41	21.7
AKM23338.1	0.41	21.7
APR09052.1	0.41	21.7
APR15705.1	0.41	21.7
APR18439.1	0.41	21.7
APR25521.1	0.41	21.7
AUZ49275.1	0.41	21.7
AYL19001.1	0.41	21.7
AYL23442.1	0.41	21.7
QOX03032.1	0.41	21.7
QRD54886.1	0.41	21.7
QRD74002.1	0.41	21.7
QRD78401.1	0.41	21.7
QXF02022.1	0.41	21.7
QYF33422.1	0.41	21.7
QYF38039.1	0.41	21.7
QYF42810.1	0.41	21.7
UPS77920.1	0.41	21.7
AOY61000.1	0.41	21.7
ARV21071.1	0.41	21.7
QDR43337.1	0.41	21.7
QDS05519.1	0.41	21.7
QDS09807.1	0.41	21.7
QDS18432.1	0.41	21.7
QEQ71682.1	0.41	21.7
QTK34763.1	0.41	21.7
QTK39227.1	0.41	21.7
UIX75119.1	0.41	21.7
QJR15668.1	0.41	21.7
AHM64849.1	0.41	21.7
AGS23195.1	0.42	21.7
QDT57583.1	0.42	21.7
QJA48543.1	0.42	21.7
QJA68009.1	0.42	21.7
QJH99080.1	0.42	21.7
QJI04994.1	0.42	21.7
AZP15857.1	0.42	21.7
ALK85637.1	0.43	21.7
QPC93117.1	0.43	21.7
QOZ16427.1	0.43	21.7
AJW38591.1	0.43	21.7
AJY75710.1	0.43	21.7
VEC63581.1	0.43	21.7
AGB39276.1	0.43	21.7
QTL39799.1	0.43	21.7
UOB19432.1	0.43	21.6
BBC01456.1	0.43	21.6
UPK45217.1	0.44	21.6
AUR51103.1	0.44	21.6
ACO27347.1	0.44	21.6
AEW58378.1	0.44	21.6
AJG52494.1	0.44	21.6
AZA77142.1	0.44	21.6
UDN25713.1	0.44	21.6
QDV67246.1	0.44	21.6
AUW44189.1	0.44	21.6
UKO93257.1	0.44	21.6
UOG20938.1	0.44	21.6
ALR36013.1	0.45	21.6
AHB77185.1	0.45	21.6
AHN74414.1	0.45	21.6
QFU10330.1	0.45	21.6
AMP37071.1	0.45	21.6
AXV85885.1	0.45	21.6
AXW05393.1	0.45	21.6
AXW23134.1	0.45	21.6
AXW80066.1	0.45	21.6
AGI06249.1	0.45	21.6
AJZ42659.1	0.45	21.6
AJZ47275.1	0.45	21.6
AJZ51894.1	0.45	21.6
AJZ64689.1	0.45	21.6
ARR14358.1	0.45	21.6
ARR15512.1	0.45	21.6
ARR22254.1	0.45	21.6
QCR43880.1	0.45	21.6
ADM68976.1	0.45	21.6
AMY23414.1	0.46	21.6
AZV23840.1	0.46	21.6
BAX55168.1	0.46	21.6
UBS88381.1	0.46	21.6
UII21897.1	0.46	21.6
QCP50011.1	0.46	21.6
QOZ35421.1	0.47	21.5
QYK60853.1	0.47	21.5
ACI21918.1	0.47	21.5
UQD79081.1	0.47	21.5
QXE23317.1	0.48	21.5
AWH22890.1	0.48	21.5
ASM16020.1	0.48	21.5
AXK23323.1	0.48	21.5
BBG68665.1	0.48	21.5
QEW36400.1	0.49	21.5
CCV66263.1	0.49	21.5
QTR57320.1	0.49	21.5
ULJ27548.1	0.49	21.5
UEO57249.1	0.49	21.5
CCA84560.1	0.49	21.5
ADV14059.1	0.5	21.4
AMX92033.1	0.5	21.4
ANC32711.1	0.5	21.4
BAV87442.1	0.5	21.4
QQT90079.1	0.5	21.4
AUO05423.1	0.51	21.4
QPK51735.1	0.51	21.4
QPK56821.1	0.51	21.4
UOD87740.1	0.51	21.4
URJ37626.1	0.51	21.4
QWU45442.1	0.51	21.4
SDT59471.1	0.51	21.4
ALC89195.1	0.51	21.4
UHQ21265.1	0.51	21.4
SKB04986.1	0.52	21.4
ADO55187.1	0.52	21.4
AJE50655.1	0.52	21.4
CCC84035.1	0.52	21.4
QOH60960.1	0.52	21.4
AOO55190.1	0.52	21.4
QOW29938.1	0.52	21.4
ANL68267.1	0.52	21.4
ANL81078.1	0.52	21.4
AKM83330.1	0.52	21.4
SDI99069.1	0.52	21.4
QWF79799.1	0.53	21.4
QGS04884.1	0.53	21.4
QYA52276.1	0.53	21.4
ADL51150.1	0.53	21.4
AOO92137.1	0.53	21.4
QIO60176.1	0.53	21.4
QIO74364.1	0.53	21.4
QIO81382.1	0.53	21.4
QEM45579.1	0.53	21.4
ALS59129.2	0.53	21.4
QDT73933.1	0.53	21.4
UNL95787.1	0.53	21.4
QCT99473.1	0.54	21.3
AXK73902.1	0.54	21.3
BCX45563.1	0.54	21.3
AKM82173.1	0.55	21.3
ACR67329.1	0.55	21.3
AVZ82158.1	0.55	21.3
QPW28676.1	0.55	21.3
AGZ41479.1	0.55	21.3
QTV77408.1	0.57	21.3
SPP97672.1	0.57	21.3
SOE21954.1	0.57	21.3
AIY13939.1	0.57	21.3
UOQ83174.1	0.57	21.3
AXI10469.1	0.58	21.2
ASW56430.1	0.58	21.2
BBA32737.1	0.59	21.2
CBW75375.1	0.59	21.2
AKC72020.1	0.59	21.2
URM37318.1	0.59	21.2
ASO22915.1	0.59	21.2
CZQ24749.1	0.6	21.2
BBM81677.1	0.6	21.2
SQD92655.1	0.6	21.2
QTU96974.1	0.6	21.2
QWV18464.1	0.6	21.2
QXH67987.1	0.6	21.2
AIM60219.1	0.6	21.2
ADP69175.1	0.61	21.2
BAE41451.1	0.61	21.2
ANT60663.1	0.61	21.2
CEH24855.1	0.62	21.1
QPW25464.1	0.62	21.1
QYO77754.1	0.62	21.1
QGA28002.1	0.62	21.1
UIJ78930.1	0.63	21.1
BCA54097.1	0.63	21.1
QKH84369.1	0.64	21.1
QIK18024.1	0.64	21.1
ASW42414.1	0.64	21.1
APB73447.1	0.64	21.1
ASM99326.1	0.65	21.1
ASN07547.1	0.65	21.1
ASY82738.1	0.65	21.1
QGL16161.1	0.65	21.1
BBD84954.1	0.65	21.1
BCA50479.1	0.65	21.1
AZZ83439.1	0.65	21.1
QRO49990.1	0.65	21.1
ASW42286.1	0.65	21.1
AZA99336.1	0.66	21.1
QKD02730.1	0.67	21.0
AOL17923.1	0.67	21.0
ASY87093.1	0.67	21.0
URJ40699.1	0.67	21.0
CAD0155763.1	0.67	21.0
QBR99785.1	0.67	21.0
QBR99862.1	0.67	21.0
CBL17128.1	0.68	21.0
ULU24024.1	0.68	21.0
QCZ66580.1	0.68	21.0
QCZ70293.1	0.68	21.0
QCZ73448.1	0.68	21.0
QCZ75516.1	0.68	21.0
QCZ80169.1	0.68	21.0
QCZ83828.1	0.68	21.0
QCZ88563.1	0.68	21.0
UIE42848.1	0.68	21.0
UIS27251.1	0.68	21.0
QRK07631.1	0.68	21.0
AHC18798.1	0.69	21.0
ALA44774.1	0.69	21.0
AOK93060.1	0.69	21.0
APB77130.1	0.69	21.0
APQ62063.1	0.69	21.0
QNR68557.1	0.69	21.0
URJ46728.1	0.69	21.0
URJ48450.1	0.69	21.0
API78200.1	0.69	21.0
ATY55811.1	0.69	21.0
ATZ86049.1	0.69	21.0
BBN30888.1	0.69	21.0
CCE57960.1	0.69	21.0
QDZ03767.1	0.69	21.0
ULA39544.1	0.69	21.0
ULM93605.1	0.69	21.0
UMT78261.1	0.69	21.0
UMT80773.1	0.69	21.0
UPO20946.1	0.69	21.0
VEE64713.1	0.69	21.0
UDI79362.1	0.69	21.0
UMY66395.1	0.69	21.0
QUT58347.1	0.7	21.0
UPA31294.1	0.7	21.0
ADL64189.1	0.71	20.9
ADQ75829.1	0.71	20.9
AFH68449.1	0.71	20.9
AFR72134.1	0.71	20.9
AGP27130.1	0.71	20.9
AGY88242.1	0.71	20.9
AID38558.1	0.71	20.9
AIO19799.1	0.71	20.9
AIW25825.1	0.71	20.9
ALS68572.1	0.71	20.9
ALS71206.1	0.71	20.9
ALS84442.1	0.71	20.9
ALY19760.1	0.71	20.9
ALY21952.1	0.71	20.9
ALY24775.1	0.71	20.9
ALY27718.1	0.71	20.9
AND34720.1	0.71	20.9
AND43369.1	0.71	20.9
ARH65552.1	0.71	20.9
ARH68255.1	0.71	20.9
ARH73621.1	0.71	20.9
ARH76416.1	0.71	20.9
ARI72420.1	0.71	20.9
ATN56554.1	0.71	20.9
AUS73844.1	0.71	20.9
AUU47205.1	0.71	20.9
AUU62273.1	0.71	20.9
AVR99779.1	0.71	20.9
AVU12533.1	0.71	20.9
AWI95182.1	0.71	20.9
AWQ87785.1	0.71	20.9
AWR31736.1	0.71	20.9
AWR77058.1	0.71	20.9
AWW92179.1	0.71	20.9
AWW95218.1	0.71	20.9
AXJ39871.1	0.71	20.9
AXJ42379.1	0.71	20.9
AXJ50018.1	0.71	20.9
AXJ52539.1	0.71	20.9
AXJ55060.1	0.71	20.9
AXN68331.1	0.71	20.9
AZB48133.1	0.71	20.9
AZG94535.1	0.71	20.9
AZL90239.1	0.71	20.9
BBA22797.1	0.71	20.9
BBK63654.1	0.71	20.9
BBK66229.1	0.71	20.9
CAG39160.1	0.71	20.9
CAQ48583.1	0.71	20.9
CBI48026.1	0.71	20.9
EEV05390.1	0.71	20.9
QAZ58073.1	0.71	20.9
QBQ50244.1	0.71	20.9
QBX58224.1	0.71	20.9
QCV69674.1	0.71	20.9
QCV75248.1	0.71	20.9
QCW85042.1	0.71	20.9
QCW87664.1	0.71	20.9
QCW90305.1	0.71	20.9
QDS42922.1	0.71	20.9
QDS61916.1	0.71	20.9
QEQ40141.1	0.71	20.9
QER12183.1	0.71	20.9
QGQ73412.1	0.71	20.9
QGQ76817.1	0.71	20.9
QOG15487.1	0.71	20.9
SQE59029.1	0.71	20.9
SQF43363.1	0.71	20.9
SQI81240.1	0.71	20.9
VDZ36771.1	0.71	20.9
VEG29301.1	0.71	20.9
BDG73482.1	0.73	20.9
URT70555.1	0.73	20.9
QYK66066.1	0.74	20.9
QXW93620.1	0.74	20.9
ASV76481.1	0.74	20.9
AUC21317.1	0.75	20.9
QAA34768.1	0.75	20.9
SDS43414.1	0.75	20.9
API92973.1	0.76	20.8
CBL39385.1	0.77	20.8
AEF17834.1	0.78	20.8
QDL09354.1	0.78	20.8
QDL15710.1	0.78	20.8
QCD17424.1	0.78	20.8
QCD21195.1	0.78	20.8
QCO77326.1	0.78	20.8
BBU38264.1	0.78	20.8
AIK39580.1	0.78	20.8
AJI15993.1	0.78	20.8
UIR21901.1	0.78	20.8
AXT61818.1	0.79	20.8
QII44201.1	0.8	20.8
UQY97981.1	0.81	20.8
BCN18199.1	0.81	20.8
AXY99801.1	0.81	20.8
AMR28957.1	0.81	20.7
AOS82749.1	0.82	20.7
AEG99954.1	0.82	20.7
QUJ69315.1	0.83	20.7
QAY69028.1	0.83	20.7
CUV12258.1	0.83	20.7
ADH64583.1	0.84	20.7
QIN62833.1	0.85	20.7
AZE81913.1	0.85	20.7
ACU35687.1	0.85	20.7
AXX29114.1	0.85	20.7
QUF06611.1	0.85	20.7
ARG28377.1	0.85	20.7
ATE53353.1	0.85	20.7
BAY24258.1	0.86	20.7
CAD0126756.1	0.86	20.7
ABM93687.1	0.86	20.7
ARS26153.1	0.86	20.7
QNK76814.1	0.86	20.7
AXT51956.1	0.86	20.7
BCJ58252.1	0.87	20.7
QJR30766.1	0.87	20.7
QOZ11563.1	0.88	20.6
QCR41360.1	0.88	20.6
QGM63289.1	0.88	20.6
QQA11914.1	0.89	20.6
UBK92224.1	0.89	20.6
UBL01305.1	0.89	20.6
QDY86518.1	0.89	20.6
CDF82553.1	0.89	20.6
QUT75842.1	0.89	20.6
BBZ18452.1	0.89	20.6
AMV25803.1	0.9	20.6
QDS96261.1	0.9	20.6
UCI18888.1	0.9	20.6
BBM86055.1	0.91	20.6
UID80682.1	0.91	20.6
QGW64636.1	0.91	20.6
CUQ67391.1	0.92	20.6
QRD60297.1	0.92	20.6
QRD64789.1	0.92	20.6
QRD69377.1	0.92	20.6
AMY10077.1	0.92	20.6
AUB55292.1	0.93	20.6
API50374.1	0.93	20.6
BAY46352.1	0.93	20.6
QQT30859.1	0.93	20.6
QSA98933.1	0.93	20.6
BDA72730.1	0.94	20.5
ARH70875.1	0.94	20.5
QDV90221.1	0.94	20.5
AHX13669.1	0.95	20.5
QTO24474.1	0.96	20.5
QSO23350.1	0.97	20.5
ARV07283.1	0.97	20.5
ATX92611.1	0.98	20.5
AVD78992.1	0.98	20.5
AWN14294.1	0.98	20.5
UCI29359.1	0.98	20.5
QSR28056.1	1.0	20.5
ASS55989.1	1.0	20.5
AVC51231.1	1.0	20.5
UIK10211.1	1.0	20.5
ADD01936.1	1.0	20.5
AQS10767.1	1.0	20.5
UAL45125.1	1.0	20.4
BAZ43841.1	1.0	20.4
AJC45523.1	1.0	20.4
UFW77160.1	1.0	20.4
ASK36421.1	1.0	20.4
UIJ97983.1	1.0	20.4
QUF80484.1	1.0	20.4
QCD44491.1	1.0	20.4
QKF62457.1	1.0	20.4
QPL53820.1	1.0	20.4
SOD70296.1	1.0	20.4
AYQ71265.1	1.0	20.4
ASM68838.1	1.0	20.4
QVI58405.1	1.1	20.4
AYJ93096.1	1.1	20.4
AYJ93114.1	1.1	20.4
BAT23187.1	1.1	20.4
AGF56356.1	1.1	20.4
ABM38783.1	1.1	20.4
ALC97472.1	1.1	20.4
UNP78859.1	1.1	20.3
AVQ27648.1	1.1	20.3
SQJ15721.1	1.1	20.3
QOL32652.1	1.1	20.3
AHF57292.1	1.1	20.3
AKM53751.1	1.1	20.3
UCP12161.1	1.1	20.3
QOY90869.1	1.1	20.3
AEB87243.1	1.1	20.3
QIE24817.1	1.1	20.3
AZE92621.1	1.1	20.3
QIO07036.1	1.1	20.3
QTH38760.1	1.1	20.3
UMT75799.1	1.1	20.3
USA52367.1	1.1	20.3
QAY67785.1	1.1	20.3
QEP40525.1	1.1	20.3
QYR62778.1	1.1	20.3
QPI75406.1	1.1	20.3
AIM16239.1	1.1	20.3
AGY76812.1	1.1	20.3
ALU36964.1	1.1	20.3
BCT77058.1	1.1	20.3
AEW64155.1	1.2	20.3
AGO28521.1	1.2	20.3
AGU60243.1	1.2	20.3
AHZ98063.1	1.2	20.3
AJE63560.1	1.2	20.3
AJP18634.1	1.2	20.3
AJP25976.1	1.2	20.3
AJP28618.1	1.2	20.3
AKJ48000.1	1.2	20.3
ALF31899.1	1.2	20.3
ALH98218.1	1.2	20.3
AMO18325.1	1.2	20.3
AMQ78990.1	1.2	20.3
AMV76173.1	1.2	20.3
AMV78717.1	1.2	20.3
AMV81249.1	1.2	20.3
AMV83894.1	1.2	20.3
AMV86525.1	1.2	20.3
AMV89140.1	1.2	20.3
ANI72202.1	1.2	20.3
ANI73112.1	1.2	20.3
AOH60094.1	1.2	20.3
APC76115.1	1.2	20.3
AQD19640.1	1.2	20.3
ARR24918.1	1.2	20.3
ASI54302.1	1.2	20.3
ATN51175.1	1.2	20.3
ATN59308.1	1.2	20.3
ATW78959.1	1.2	20.3
ATX71783.1	1.2	20.3
AUJ54277.1	1.2	20.3
AUJ56855.1	1.2	20.3
AUU45005.1	1.2	20.3
AUU67881.1	1.2	20.3
AUW99265.1	1.2	20.3
AVG53225.1	1.2	20.3
AVP09754.1	1.2	20.3
AVS41566.1	1.2	20.3
AWE55858.1	1.2	20.3
AWE60720.1	1.2	20.3
AWQ21715.1	1.2	20.3
AWQ24412.1	1.2	20.3
AWQ30299.1	1.2	20.3
AWQ65512.1	1.2	20.3
AWQ99323.1	1.2	20.3
AWR04621.1	1.2	20.3
AWR27045.1	1.2	20.3
AWR27930.1	1.2	20.3
AWR34869.1	1.2	20.3
AXF99590.1	1.2	20.3
AXG02284.1	1.2	20.3
AXH26638.1	1.2	20.3
AXJ27045.1	1.2	20.3
AXJ29547.1	1.2	20.3
AXS25518.1	1.2	20.3
AXS28258.1	1.2	20.3
AYU98477.1	1.2	20.3
AYV00885.1	1.2	20.3
BAB93970.1	1.2	20.3
BAR07619.1	1.2	20.3
BAR10343.1	1.2	20.3
BAS50286.1	1.2	20.3
BAX74087.1	1.2	20.3
BBD10240.1	1.2	20.3
BBG06964.1	1.2	20.3
BBG09547.1	1.2	20.3
BBL16462.1	1.2	20.3
BBN33424.1	1.2	20.3
CCG14816.1	1.2	20.3
CKG77781.1	1.2	20.3
QAZ54933.1	1.2	20.3
QBB15036.1	1.2	20.3
QBB18527.1	1.2	20.3
QBP95047.1	1.2	20.3
QCJ11180.1	1.2	20.3
QCJ22031.1	1.2	20.3
QCT53406.1	1.2	20.3
QCT58717.1	1.2	20.3
QCT66998.1	1.2	20.3
QDS40175.1	1.2	20.3
QDS46545.1	1.2	20.3
QDS51747.1	1.2	20.3
QDS54325.1	1.2	20.3
QDX01969.1	1.2	20.3
QDX10112.1	1.2	20.3
QEN59840.1	1.2	20.3
QER09607.1	1.2	20.3
QER20727.1	1.2	20.3
QER22006.1	1.2	20.3
QFJ13121.1	1.2	20.3
QFJ88521.1	1.2	20.3
QFK14455.1	1.2	20.3
QFK63354.1	1.2	20.3
QFL39512.1	1.2	20.3
QFZ03569.1	1.2	20.3
QFZ06259.1	1.2	20.3
QGY89352.1	1.2	20.3
QHE01620.1	1.2	20.3
QHG58252.1	1.2	20.3
QID97828.1	1.2	20.3
QID99200.1	1.2	20.3
QIT37991.1	1.2	20.3
QIT40180.1	1.2	20.3
QJP39878.1	1.2	20.3
QJR40633.1	1.2	20.3
QKK88922.1	1.2	20.3
QKV58804.1	1.2	20.3
QRX77292.1	1.2	20.3
QRX79953.1	1.2	20.3
QWB98083.1	1.2	20.3
QWC02147.1	1.2	20.3
QWC04726.1	1.2	20.3
QWC06859.1	1.2	20.3
QWC13260.1	1.2	20.3
SQE39618.1	1.2	20.3
SQE62826.1	1.2	20.3
SQE67833.1	1.2	20.3
SQE75457.1	1.2	20.3
SQE98730.1	1.2	20.3
VDY47077.1	1.2	20.3
VDZ16150.1	1.2	20.3
VDZ18862.1	1.2	20.3
VDZ22616.1	1.2	20.3
VDZ91475.1	1.2	20.3
VEB63560.1	1.2	20.3
VED70575.1	1.2	20.3
BCB22810.1	1.2	20.3
QWG28430.1	1.2	20.2
QWG33865.1	1.2	20.2
QWG45283.1	1.2	20.2
QWH12370.1	1.2	20.2
UOE55142.1	1.2	20.2
AAW38759.1	1.2	20.2
AHW65850.1	1.2	20.2
QDD45983.1	1.2	20.2
QNL20576.1	1.2	20.2
QCQ52374.1	1.2	20.2
QRM68543.1	1.2	20.2
UPW13339.1	1.2	20.2
QDU40072.1	1.2	20.2
BAM94553.1	1.2	20.2
AJP21397.1	1.2	20.2
ATZ15579.1	1.2	20.2
CRL31634.1	1.2	20.2
QER02127.1	1.2	20.2
QER04577.1	1.2	20.2
QER14787.1	1.2	20.2
QER17245.1	1.2	20.2
QER26809.1	1.2	20.2
AEU34988.1	1.2	20.2
AGS58339.1	1.2	20.2
QSW91309.1	1.2	20.2
BDL50562.1	1.2	20.2
SNR16486.1	1.2	20.1
QBC33059.1	1.2	20.1
AUI46008.1	1.2	20.1
ATD72880.1	1.2	20.1
ASG27310.1	1.3	20.1
QKT03230.1	1.3	20.1
AXA39646.1	1.3	20.1
BBL03212.1	1.3	20.1
BBL15248.1	1.3	20.1
QFI70122.1	1.3	20.1
CCJ10067.1	1.3	20.1
CCJ12031.1	1.3	20.1
CCJ13996.1	1.3	20.1
CCJ17925.1	1.3	20.1
CCJ19888.1	1.3	20.1
CCJ21852.1	1.3	20.1
CCJ23820.1	1.3	20.1
CCJ25786.1	1.3	20.1
ASS39706.1	1.3	20.1
VEI22493.1	1.3	20.1
QDU73488.1	1.3	20.1
AHF85360.1	1.3	20.1
ADE72587.1	1.3	20.1
BCM08576.1	1.3	20.0
ASR09371.1	1.3	20.0
QHW26148.1	1.3	20.0
EAP87676.1	1.4	20.0
BDA68173.1	1.4	20.0
AGX43824.1	1.4	20.0
AQR91124.1	1.4	20.0
AQS01028.1	1.4	20.0
AQS15011.1	1.4	20.0
QRA43871.1	1.4	20.0
QCO92056.1	1.4	20.0
ABQ47924.1	1.4	20.0
ACY10046.1	1.4	20.0
ADC36343.1	1.4	20.0
AHM69682.1	1.4	20.0
AKA98270.1	1.4	20.0
ALD79669.1	1.4	20.0
AMG42529.1	1.4	20.0
AMX44208.1	1.4	20.0
AND01376.1	1.4	20.0
AND28992.1	1.4	20.0
AND31877.1	1.4	20.0
AOO97364.1	1.4	20.0
APZ36111.1	1.4	20.0
ASC49681.1	1.4	20.0
ATN45826.1	1.4	20.0
ATN53828.1	1.4	20.0
AUU42000.1	1.4	20.0
AUU55344.1	1.4	20.0
AUU70230.1	1.4	20.0
AUU77781.1	1.4	20.0
AVG49840.1	1.4	20.0
AVG55096.1	1.4	20.0
AVG70769.1	1.4	20.0
AVT22868.1	1.4	20.0
AVU05705.1	1.4	20.0
AVU15336.1	1.4	20.0
AWE58592.1	1.4	20.0
AWE63706.1	1.4	20.0
AWE66999.1	1.4	20.0
AWQ69672.1	1.4	20.0
AWQ71684.1	1.4	20.0
AWQ77156.1	1.4	20.0
AWQ78781.1	1.4	20.0
AWQ90379.1	1.4	20.0
AWR01841.1	1.4	20.0
AWR18017.1	1.4	20.0
AWR24958.1	1.4	20.0
AWZ66749.1	1.4	20.0
AXG25850.1	1.4	20.0
AXG28606.1	1.4	20.0
AXI04892.1	1.4	20.0
AXJ34565.1	1.4	20.0
AXJ37228.1	1.4	20.0
AXJ60241.1	1.4	20.0
AXJ62906.1	1.4	20.0
AXJ65571.1	1.4	20.0
AXR95319.1	1.4	20.0
AZR70029.1	1.4	20.0
BAB41346.1	1.4	20.0
BAB56293.1	1.4	20.0
BAF77013.1	1.4	20.0
BAU33710.1	1.4	20.0
BBH84975.1	1.4	20.0
BBJ11489.1	1.4	20.0
BBJ14277.1	1.4	20.0
BBJ17099.1	1.4	20.0
BBN39140.1	1.4	20.0
BBN41467.1	1.4	20.0
BBN44159.1	1.4	20.0
CBX33490.1	1.4	20.0
QAW56638.1	1.4	20.0
QBZ84366.1	1.4	20.0
QCT61424.1	1.4	20.0
QCV72521.1	1.4	20.0
QCW37456.1	1.4	20.0
QDS48639.1	1.4	20.0
QDS56600.1	1.4	20.0
QDS59752.1	1.4	20.0
QDS65537.1	1.4	20.0
QEP04782.1	1.4	20.0
QER07628.1	1.4	20.0
QER30267.1	1.4	20.0
QFI81224.1	1.4	20.0
QFI86975.1	1.4	20.0
QFI92610.1	1.4	20.0
QFJ01353.1	1.4	20.0
QFJ04321.1	1.4	20.0
QFJ18613.1	1.4	20.0
QFJ30360.1	1.4	20.0
QFJ33225.1	1.4	20.0
QFJ36001.1	1.4	20.0
QFJ41845.1	1.4	20.0
QFJ44746.1	1.4	20.0
QFJ50524.1	1.4	20.0
QFJ59477.1	1.4	20.0
QFJ62422.1	1.4	20.0
QFJ65380.1	1.4	20.0
QFJ68173.1	1.4	20.0
QFJ74118.1	1.4	20.0
QFJ76956.1	1.4	20.0
QFJ85538.1	1.4	20.0
QFJ91326.1	1.4	20.0
QFJ97215.1	1.4	20.0
QFK05683.1	1.4	20.0
QFK11488.1	1.4	20.0
QFK17228.1	1.4	20.0
QFK28928.1	1.4	20.0
QFK31885.1	1.4	20.0
QFK40375.1	1.4	20.0
QFK43107.1	1.4	20.0
QFK48908.1	1.4	20.0
QFK51845.1	1.4	20.0
QFK54652.1	1.4	20.0
QFK57536.1	1.4	20.0
QFK60361.1	1.4	20.0
QFK73528.1	1.4	20.0
QFK87791.1	1.4	20.0
QFK90668.1	1.4	20.0
QFK93609.1	1.4	20.0
QFK96550.1	1.4	20.0
QFK99336.1	1.4	20.0
QFL02220.1	1.4	20.0
QFL13779.1	1.4	20.0
QFL19599.1	1.4	20.0
QFL25385.1	1.4	20.0
QFL28199.1	1.4	20.0
QFL30995.1	1.4	20.0
QFL33920.1	1.4	20.0
QFL36712.1	1.4	20.0
QFL47961.1	1.4	20.0
QFL53583.1	1.4	20.0
QFL56537.1	1.4	20.0
QFL68142.1	1.4	20.0
QFL79658.1	1.4	20.0
QFL82483.1	1.4	20.0
QFL85436.1	1.4	20.0
QFL97047.1	1.4	20.0
QFL99949.1	1.4	20.0
QFM11505.1	1.4	20.0
QFM32044.1	1.4	20.0
QFM34998.1	1.4	20.0
QFM40743.1	1.4	20.0
QFM46531.1	1.4	20.0
QFM49514.1	1.4	20.0
QFM52341.1	1.4	20.0
QFM55322.1	1.4	20.0
QFM61023.1	1.4	20.0
QFM66946.1	1.4	20.0
QFM69915.1	1.4	20.0
QFM75534.1	1.4	20.0
QFM87207.1	1.4	20.0
QFM90064.1	1.4	20.0
QGG83250.1	1.4	20.0
QGV34463.1	1.4	20.0
QGV37296.1	1.4	20.0
QGV40130.1	1.4	20.0
QGV42913.1	1.4	20.0
QGV45668.1	1.4	20.0
QGV48423.1	1.4	20.0
QGV51178.1	1.4	20.0
QGV53998.1	1.4	20.0
QGV57252.1	1.4	20.0
QGV60006.1	1.4	20.0
QGV62761.1	1.4	20.0
QGW05530.1	1.4	20.0
QIB61514.1	1.4	20.0
QJR31311.1	1.4	20.0
QKL38413.1	1.4	20.0
QKL46901.1	1.4	20.0
QKL49440.1	1.4	20.0
BAK80610.1	1.4	20.0
QKK18204.1	1.4	20.0
QKK30430.1	1.4	20.0
QDC11295.1	1.4	20.0
QCD50744.1	1.4	20.0
AAM23912.1	1.4	20.0
ATV02916.1	1.4	19.9
AUG72559.1	1.4	19.9
ANP86951.1	1.4	19.9
CAK09314.1	1.4	19.9
UIK16687.1	1.4	19.9
ADR22634.1	1.5	19.9
ARP87426.1	1.5	19.9
ARP91407.1	1.5	19.9
QNL52046.1	1.5	19.9
QIO67719.1	1.5	19.9
SHH40442.1	1.5	19.9
QIY72674.1	1.5	19.9
QUW80367.1	1.5	19.9
AFY53058.1	1.5	19.9
UGU18399.1	1.5	19.9
AMC01523.1	1.5	19.9
ARU00910.1	1.5	19.9
AJH80326.1	1.5	19.9
QEF20412.1	1.5	19.9
AXC11266.1	1.5	19.9
ACS57654.1	1.5	19.9
AVM41848.1	1.5	19.9
AZA75231.1	1.5	19.9
ABD21809.1	1.5	19.9
ABD29274.1	1.5	19.9
ABX28180.1	1.5	19.9
ADI96620.1	1.5	19.9
ADL22072.1	1.5	19.9
AEV77215.1	1.5	19.9
AEZ36246.1	1.5	19.9
AGU53959.1	1.5	19.9
AGW32612.1	1.5	19.9
AGW35146.1	1.5	19.9
AHJ05947.1	1.5	19.9
AIA26719.1	1.5	19.9
AII54677.1	1.5	19.9
AIL56610.1	1.5	19.9
AJC27466.1	1.5	19.9
AJC30312.1	1.5	19.9
AJC33155.1	1.5	19.9
AJC35998.1	1.5	19.9
AJC38843.1	1.5	19.9
AJC41689.1	1.5	19.9
AKJ16002.1	1.5	19.9
AKK57310.1	1.5	19.9
AKK59941.1	1.5	19.9
AKR45518.1	1.5	19.9
AKR51730.1	1.5	19.9
ALK35457.1	1.5	19.9
ALK38088.1	1.5	19.9
ALK40636.1	1.5	19.9
ALQ98410.1	1.5	19.9
AMO15525.1	1.5	19.9
AMO52987.1	1.5	19.9
AOH62286.1	1.5	19.9
AOH64697.1	1.5	19.9
AOH67171.1	1.5	19.9
AOH71261.1	1.5	19.9
AOH88349.1	1.5	19.9
APD03070.1	1.5	19.9
APW49590.1	1.5	19.9
AQQ82739.1	1.5	19.9
AQQ85666.1	1.5	19.9
AQQ88591.1	1.5	19.9
AQQ91533.1	1.5	19.9
AQQ94472.1	1.5	19.9
AQQ97412.1	1.5	19.9
AQR00377.1	1.5	19.9
AQR03316.1	1.5	19.9
AQR06262.1	1.5	19.9
AQR09201.1	1.5	19.9
AQR12140.1	1.5	19.9
AQR15079.1	1.5	19.9
AQR17953.1	1.5	19.9
AQR20896.1	1.5	19.9
AQR23840.1	1.5	19.9
AQR26826.1	1.5	19.9
AQR29771.1	1.5	19.9
AQR32718.1	1.5	19.9
AQR35664.1	1.5	19.9
AQR38608.1	1.5	19.9
AQR41546.1	1.5	19.9
AQR44488.1	1.5	19.9
AQR47424.1	1.5	19.9
AQR50359.1	1.5	19.9
ARG44668.1	1.5	19.9
ARH56757.1	1.5	19.9
ATC66327.1	1.5	19.9
ATC70172.1	1.5	19.9
ATF40313.1	1.5	19.9
ATH56227.1	1.5	19.9
ATN48551.1	1.5	19.9
ATW76113.1	1.5	19.9
AUI12593.1	1.5	19.9
AUU54238.1	1.5	19.9
AUU58436.1	1.5	19.9
AUU64475.1	1.5	19.9
AUU72612.1	1.5	19.9
AUU75229.1	1.5	19.9
AUU81637.1	1.5	19.9
AVG59141.1	1.5	19.9
AVG60720.1	1.5	19.9
AVG62856.1	1.5	19.9
AVM10923.1	1.5	19.9
AVM21490.1	1.5	19.9
AVS03827.1	1.5	19.9
AVT84151.1	1.5	19.9
AWI92192.1	1.5	19.9
AWQ33015.1	1.5	19.9
AWQ75971.1	1.5	19.9
AWQ95267.1	1.5	19.9
AWR08302.1	1.5	19.9
AWR11498.1	1.5	19.9
AWZ64798.1	1.5	19.9
AXJ32057.1	1.5	19.9
AXJ57624.1	1.5	19.9
AXJ79618.1	1.5	19.9
AXJ82284.1	1.5	19.9
AXJ84970.1	1.5	19.9
AXP42469.1	1.5	19.9
AXP50846.1	1.5	19.9
AXP67377.1	1.5	19.9
AXP70007.1	1.5	19.9
AXP72652.1	1.5	19.9
AXU07286.1	1.5	19.9
AYC76920.1	1.5	19.9
AZH08660.1	1.5	19.9
BAF66347.1	1.5	19.9
BAX04653.1	1.5	19.9
BBN28330.1	1.5	19.9
BBN35978.1	1.5	19.9
BCD42347.1	1.5	19.9
CCC86875.1	1.5	19.9
CCW20478.1	1.5	19.9
QAZ57782.1	1.5	19.9
QBC19918.1	1.5	19.9
QBC22683.1	1.5	19.9
QBS00892.1	1.5	19.9
QBS03461.1	1.5	19.9
QBS05894.1	1.5	19.9
QBS22675.1	1.5	19.9
QBS25507.1	1.5	19.9
QBX60734.1	1.5	19.9
QBY47111.1	1.5	19.9
QCA25403.1	1.5	19.9
QCT50368.1	1.5	19.9
QCT64179.1	1.5	19.9
QCV20613.1	1.5	19.9
QCV66796.1	1.5	19.9
QCY28779.1	1.5	19.9
QCY65346.1	1.5	19.9
QDD21551.1	1.5	19.9
QEA17758.1	1.5	19.9
QEA20541.1	1.5	19.9
QEK53519.1	1.5	19.9
QEK56334.1	1.5	19.9
QEK59149.1	1.5	19.9
QEM74475.1	1.5	19.9
QEM77358.1	1.5	19.9
QEM84352.1	1.5	19.9
QEP00907.1	1.5	19.9
QET90629.1	1.5	19.9
QFI78322.1	1.5	19.9
QFI84121.1	1.5	19.9
QFI98406.1	1.5	19.9
QFJ07198.1	1.5	19.9
QFJ10063.1	1.5	19.9
QFJ21608.1	1.5	19.9
QFJ24571.1	1.5	19.9
QFJ27471.1	1.5	19.9
QFJ38973.1	1.5	19.9
QFJ47614.1	1.5	19.9
QFJ56592.1	1.5	19.9
QFJ71127.1	1.5	19.9
QFJ79770.1	1.5	19.9
QFJ82654.1	1.5	19.9
QFJ94296.1	1.5	19.9
QFK00123.1	1.5	19.9
QFK02988.1	1.5	19.9
QFK08618.1	1.5	19.9
QFK20180.1	1.5	19.9
QFK23065.1	1.5	19.9
QFK25990.1	1.5	19.9
QFK34743.1	1.5	19.9
QFK45940.1	1.5	19.9
QFK66077.1	1.5	19.9
QFK76273.1	1.5	19.9
QFK81997.1	1.5	19.9
QFK84943.1	1.5	19.9
QFL05102.1	1.5	19.9
QFL07914.1	1.5	19.9
QFL10852.1	1.5	19.9
QFL16747.1	1.5	19.9
QFL22513.1	1.5	19.9
QFL42283.1	1.5	19.9
QFL45104.1	1.5	19.9
QFL50717.1	1.5	19.9
QFL59319.1	1.5	19.9
QFL65188.1	1.5	19.9
QFL71096.1	1.5	19.9
QFL73997.1	1.5	19.9
QFL76895.1	1.5	19.9
QFL88384.1	1.5	19.9
QFL91249.1	1.5	19.9
QFL94138.1	1.5	19.9
QFM03953.1	1.5	19.9
QFM05784.1	1.5	19.9
QFM08632.1	1.5	19.9
QFM14418.1	1.5	19.9
QFM17374.1	1.5	19.9
QFM20322.1	1.5	19.9
QFM23291.1	1.5	19.9
QFM26258.1	1.5	19.9
QFM37861.1	1.5	19.9
QFM43699.1	1.5	19.9
QFM58202.1	1.5	19.9
QFM64020.1	1.5	19.9
QFM72772.1	1.5	19.9
QFM78499.1	1.5	19.9
QFM81241.1	1.5	19.9
QFM84249.1	1.5	19.9
QFM95902.1	1.5	19.9
QFM98855.1	1.5	19.9
QGM75429.1	1.5	19.9
QHG76416.1	1.5	19.9
QHG79453.1	1.5	19.9
QJS20597.1	1.5	19.9
QJS23246.1	1.5	19.9
QKE56689.1	1.5	19.9
QKL40181.1	1.5	19.9
QKL42895.1	1.5	19.9
QQV83156.1	1.5	19.9
QST92379.1	1.5	19.9
QST94996.1	1.5	19.9
QST97609.1	1.5	19.9
QSU00185.1	1.5	19.9
QSU02749.1	1.5	19.9
QSU05340.1	1.5	19.9
QSU07902.1	1.5	19.9
QSU10434.1	1.5	19.9
QSU13027.1	1.5	19.9
QSU15600.1	1.5	19.9
QSU18219.1	1.5	19.9
QSU20887.1	1.5	19.9
QSU23506.1	1.5	19.9
QSU26065.1	1.5	19.9
QSU28647.1	1.5	19.9
QSU31256.1	1.5	19.9
QSU33924.1	1.5	19.9
QSU36529.1	1.5	19.9
QSU39156.1	1.5	19.9
QSU41668.1	1.5	19.9
QSU44947.1	1.5	19.9
QSU46961.1	1.5	19.9
QSU49559.1	1.5	19.9
QSU52250.1	1.5	19.9
QSU54960.1	1.5	19.9
QSU57521.1	1.5	19.9
QSU60073.1	1.5	19.9
QSU62588.1	1.5	19.9
QSU65175.1	1.5	19.9
QSU67809.1	1.5	19.9
QSU70413.1	1.5	19.9
QSU77214.1	1.5	19.9
QSU79839.1	1.5	19.9
QSU82445.1	1.5	19.9
QSU85042.1	1.5	19.9
QSU87616.1	1.5	19.9
QSU90223.1	1.5	19.9
QSU92782.1	1.5	19.9
QSU95310.1	1.5	19.9
QSU97856.1	1.5	19.9
QSV00464.1	1.5	19.9
QSV03037.1	1.5	19.9
QSV05752.1	1.5	19.9
SIM50574.1	1.5	19.9
SQE82368.1	1.5	19.9
SQF72460.1	1.5	19.9
VDZ10910.1	1.5	19.9
VDZ23902.1	1.5	19.9
VED76993.1	1.5	19.9
VEE69574.1	1.5	19.9
QSE98399.1	1.5	19.8
QDU80796.1	1.5	19.8
AAL95434.1	1.5	19.8
AVQ16007.1	1.5	19.8
QOV92272.1	1.5	19.8
AVQ24122.1	1.6	19.8
BCM94291.1	1.6	19.8
QDM22650.1	1.6	19.8
AUP79391.1	1.6	19.8
QDM45974.1	1.6	19.8
UBS48191.1	1.6	19.8
AXW62843.1	1.6	19.8
AWB90870.1	1.6	19.8
BDF22135.1	1.6	19.8
BDF27038.1	1.6	19.8
QEQ70874.1	1.6	19.8
UGS37744.1	1.6	19.8
QAA76324.1	1.6	19.8
ASR50000.1	1.6	19.8
QIB26984.1	1.6	19.8
APU17755.1	1.6	19.8
APU23833.1	1.6	19.8
ARX66616.1	1.7	19.7
AQR95097.1	1.7	19.7
QGQ39062.1	1.7	19.7
UDF12634.1	1.7	19.7
QIA64473.1	1.7	19.7
AMG40242.1	1.7	19.7
QBQ47218.1	1.7	19.7
QWD04214.1	1.7	19.7
AGO43567.1	1.7	19.7
ALY48826.1	1.7	19.7
ALZ03683.1	1.7	19.7
ANI11496.1	1.7	19.7
BAR66813.1	1.7	19.7
QBL30672.1	1.7	19.7
QDR07880.1	1.7	19.7
QIF35765.1	1.7	19.7
QKP80668.1	1.7	19.7
QKR68950.1	1.7	19.7
VEG03270.1	1.7	19.7
BCM03547.1	1.7	19.7
AGM98622.1	1.7	19.7
APY01514.1	1.7	19.7
ADG12409.1	1.7	19.7
AVQ03993.1	1.7	19.7
CAM02454.1	1.7	19.7
CCV65146.1	1.7	19.7
ANI58030.1	1.8	19.7
BDC50452.1	1.8	19.6
UGS47661.1	1.8	19.6
AEK59285.1	1.8	19.6
AUW33668.1	1.8	19.6
QER43619.1	1.8	19.6
QDV93415.1	1.8	19.6
ALC93073.1	1.8	19.6
QFI89908.1	1.8	19.6
QFI95570.1	1.8	19.6
QFJ15812.1	1.8	19.6
QFK37627.1	1.8	19.6
QFK79200.1	1.8	19.6
ALK85597.1	1.8	19.6
ARU22247.1	1.8	19.6
AMC01359.1	1.9	19.6
AKJ29895.1	1.9	19.6
ANZ42270.1	1.9	19.6
QBA22909.1	1.9	19.5
ASG67558.1	1.9	19.5
BCD90068.1	1.9	19.5
QSZ27754.1	1.9	19.5
ALM84030.1	1.9	19.5
AXT51965.1	1.9	19.5
QER24421.1	1.9	19.5
QPK05386.1	1.9	19.5
QCI79568.1	2.0	19.5
APD11524.1	2.0	19.5
AAK22152.1	2.0	19.5
ACL93631.1	2.0	19.5
ATC26998.1	2.0	19.5
QXZ52260.1	2.0	19.5
QGM99237.1	2.0	19.5
QUE54321.1	2.0	19.5
ASG31835.1	2.0	19.5
ARS34774.1	2.0	19.5
QUC65046.1	2.0	19.4
QNU20467.1	2.0	19.4
AZS17522.1	2.1	19.4
QCX50709.1	2.1	19.4
QRK92712.1	2.1	19.4
AZE87217.1	2.1	19.4
SNX52935.1	2.1	19.4
AHV99278.1	2.1	19.4
QWI49829.1	2.1	19.4
ACZ42775.1	2.1	19.4
QWF72577.1	2.1	19.4
URF04764.1	2.1	19.4
UQZ75703.1	2.1	19.4
AFY62395.1	2.1	19.4
QSX04772.1	2.1	19.4
ARD23449.1	2.1	19.4
QXP60665.1	2.1	19.4
QCI60197.1	2.1	19.4
QJT07953.1	2.2	19.4
AZE97964.1	2.2	19.4
QNR99201.1	2.2	19.4
AUJ46415.1	2.2	19.4
QCT00096.1	2.2	19.4
QSS26260.1	2.2	19.4
AZB96395.1	2.2	19.3
QPL06574.1	2.2	19.3
VDR31551.1	2.2	19.3
BAU81589.1	2.2	19.3
ATO56654.1	2.2	19.3
APX98902.1	2.2	19.3
ADD03737.1	2.2	19.3
APW66222.1	2.2	19.3
AGH83094.1	2.3	19.3
AKM30019.1	2.3	19.3
AZH69605.1	2.3	19.3
UOB98178.1	2.3	19.3
AEG70113.1	2.3	19.3
AMP68253.1	2.3	19.3
AMP74851.1	2.3	19.3
AYB61539.1	2.3	19.3
QJC24415.1	2.3	19.3
ALS76419.1	2.3	19.3
AWI25066.1	2.3	19.3
BAH37607.1	2.3	19.3
QGT74014.1	2.3	19.3
QIF18143.1	2.3	19.3
QXU49116.1	2.3	19.3
QII31195.1	2.3	19.3
BAO06467.1	2.3	19.3
BBM15746.1	2.3	19.3
QCJ55889.1	2.3	19.3
UPJ69339.1	2.3	19.3
ADY35057.1	2.3	19.2
UPS92549.1	2.3	19.2
BCW68849.1	2.4	19.2
BBI94309.1	2.4	19.2
UMV48132.1	2.4	19.2
UDY35506.1	2.4	19.2
BCL39487.1	2.4	19.2
QQP92746.1	2.4	19.2
ATW51763.1	2.4	19.2
QMW75851.1	2.4	19.2
QPS13812.1	2.4	19.2
QQV05680.1	2.4	19.2
QQY27368.1	2.4	19.2
AMS27648.1	2.4	19.2
BAQ00994.1	2.4	19.2
UCM43850.1	2.4	19.2
UCQ47872.1	2.4	19.2
UCQ51135.1	2.4	19.2
QIJ88876.1	2.5	19.2
QIJ91604.1	2.5	19.2
UBS48407.1	2.5	19.2
ADY32468.1	2.5	19.2
SNV32943.1	2.5	19.2
UJB15612.1	2.5	19.2
UOK58766.1	2.5	19.2
AXH10236.1	2.5	19.2
ASD61750.1	2.5	19.2
QDL67286.1	2.5	19.2
APK63775.1	2.5	19.1
APK66361.1	2.5	19.1
ARA34439.1	2.5	19.1
AUO58169.1	2.5	19.1
AVF99628.1	2.5	19.1
BAQ02138.1	2.5	19.1
BAQ02259.1	2.5	19.1
BAQ02275.1	2.5	19.1
QEF58467.1	2.5	19.1
QHI93011.1	2.5	19.1
QHJ66498.1	2.5	19.1
SQE43633.1	2.5	19.1
AFY87966.1	2.5	19.1
URD52886.1	2.5	19.1
QYR62064.1	2.5	19.1
ACZ09944.1	2.5	19.1
QOG08196.1	2.5	19.1
ACX62871.1	2.6	19.1
AYB46676.1	2.6	19.1
QOT08875.1	2.6	19.1
BAM94639.1	2.6	19.1
BBU54157.1	2.6	19.1
BDA10571.1	2.6	19.1
QIB60670.1	2.6	19.1
QWH37774.1	2.6	19.1
QNA91991.1	2.6	19.1
QYM65221.1	2.6	19.1
ABZ09093.1	2.6	19.1
AGM23247.1	2.6	19.1
ARS41748.1	2.6	19.1
ADF51468.1	2.6	19.1
SDS94914.1	2.6	19.1
CAA7599628.1	2.6	19.1
UOQ97469.1	2.6	19.1
ALF21267.1	2.6	19.1
VEE10017.1	2.7	19.1
CAI79758.1	2.7	19.1
SQE32500.1	2.7	19.1
VDZ33847.1	2.7	19.1
UJW84608.1	2.7	19.0
QWH29028.1	2.7	19.0
QDT05628.1	2.7	19.0
AZO09393.1	2.7	19.0
ACZ37922.1	2.7	19.0
AAN43636.1	2.7	19.0
AAP17465.1	2.7	19.0
ABF04218.1	2.7	19.0
ADA74471.1	2.7	19.0
AKK54627.1	2.7	19.0
AMM78826.1	2.7	19.0
AMN58475.1	2.7	19.0
AMN62208.1	2.7	19.0
ASQ53668.1	2.7	19.0
ASQ57486.1	2.7	19.0
ASQ62972.1	2.7	19.0
ASQ81672.1	2.7	19.0
ATH68393.1	2.7	19.0
AUU31385.1	2.7	19.0
AXC56045.1	2.7	19.0
AYV03547.1	2.7	19.0
AZG50677.1	2.7	19.0
CDX07482.1	2.7	19.0
QBQ23086.1	2.7	19.0
QCC31244.1	2.7	19.0
QEO92832.1	2.7	19.0
QGK12274.1	2.7	19.0
QGU52033.1	2.7	19.0
QGU60044.1	2.7	19.0
QGU72038.1	2.7	19.0
QGU76087.1	2.7	19.0
QHQ04456.1	2.7	19.0
QIY44822.1	2.7	19.0
QKV84503.1	2.7	19.0
QKW70660.1	2.7	19.0
QKW74777.1	2.7	19.0
QKX19368.1	2.7	19.0
QKX25429.1	2.7	19.0
QLG53038.1	2.7	19.0
QQM50675.1	2.7	19.0
UGN72493.1	2.7	19.0
UON86893.1	2.7	19.0
UPR45392.1	2.7	19.0
UGQ54461.1	2.7	19.0
ABC23889.1	2.7	19.0
AEO49633.1	2.7	19.0
QXG79835.1	2.7	19.0
QEC46659.1	2.8	19.0
CAG9431532.1	2.8	19.0
CAG9434597.1	2.8	19.0
CAG9434704.1	2.8	19.0
CAG9435110.1	2.8	19.0
CAG9435187.1	2.8	19.0
AGB58270.1	2.8	19.0
QOK83113.1	2.9	19.0
QKJ66050.1	2.9	19.0
AEJ12026.1	2.9	19.0
BAO07260.1	2.9	18.9
AYQ39474.1	2.9	18.9
ANN27783.1	2.9	18.9
AYZ73060.1	2.9	18.9
AOT02836.1	2.9	18.9
QRM27260.1	2.9	18.9
AYF06836.1	2.9	18.9
AXP79254.1	2.9	18.9
SCA96010.1	2.9	18.9
ALL04288.1	2.9	18.9
AJW41080.1	3.0	18.9
UPG88085.1	3.0	18.9
BBN25707.1	3.0	18.9
QIV80777.1	3.0	18.9
QLF04500.1	3.0	18.9
SDU25726.1	3.0	18.9
AZQ45455.1	3.0	18.9
BAE38641.1	3.0	18.9
ASK17330.1	3.1	18.8
QBQ85315.1	3.1	18.8
AOE50452.1	3.1	18.8
BBM41745.1	3.1	18.8
APZ79098.1	3.1	18.8
AXB55378.1	3.1	18.8
QUS41632.1	3.2	18.8
QBP10822.1	3.2	18.8
QNK58173.1	3.2	18.8
QII69806.1	3.2	18.8
BCL93206.1	3.2	18.8
BCL96417.1	3.2	18.8
BCM11730.1	3.2	18.8
BCN05772.1	3.2	18.8
BCN11023.1	3.2	18.8
QYR65354.1	3.2	18.8
QTO18174.1	3.3	18.8
QKZ20780.1	3.3	18.8
AWL11656.1	3.3	18.8
AXZ00116.1	3.3	18.8
QHM74993.1	3.3	18.7
AMO84783.1	3.3	18.7
UKD10976.1	3.3	18.7
QHC62507.1	3.3	18.7
AZZ52119.1	3.3	18.7
AOD25534.1	3.3	18.7
QPG64186.1	3.3	18.7
EEO41668.2	3.4	18.7
BCW40649.1	3.4	18.7
ALS25665.1	3.4	18.7
ARJ22402.1	3.4	18.7
AJI56777.1	3.4	18.7
ALS75902.1	3.4	18.7
AHX21203.1	3.4	18.7
SCF11609.1	3.4	18.7
ARP95092.1	3.4	18.7
AUV55507.1	3.4	18.7
BCB22805.1	3.4	18.7
ATB40970.1	3.4	18.7
QGA22831.1	3.4	18.7
BAZ22478.1	3.4	18.7
ALU76105.1	3.4	18.7
SCG59226.1	3.5	18.7
AKZ27532.1	3.5	18.7
AST26237.1	3.5	18.7
AXZ00003.1	3.5	18.7
AXT69665.1	3.5	18.7
QGH59742.1	3.5	18.7
QUH06163.1	3.5	18.7
ABW67458.1	3.5	18.7
AJR26930.1	3.5	18.6
AIM21109.1	3.5	18.6
AWC79609.1	3.5	18.6
QNL01845.1	3.5	18.6
UAN25736.1	3.5	18.6
UMK54223.1	3.5	18.6
AZO39089.1	3.6	18.6
BDA59923.1	3.6	18.6
QQZ51583.1	3.6	18.6
ALJ05577.1	3.6	18.6
AEC46197.1	3.6	18.6
QIH36794.1	3.6	18.6
AQX56153.1	3.6	18.6
QCS54464.1	3.6	18.6
AST31227.2	3.6	18.6
AOM76825.1	3.6	18.6
QBJ87516.1	3.6	18.6
QIC63112.1	3.6	18.6
CAD14089.1	3.6	18.6
QTR04375.1	3.7	18.6
ATC33451.1	3.7	18.6
UBD68870.1	3.7	18.6
UJX24217.1	3.8	18.6
AOH56469.1	3.8	18.6
AUN14535.1	3.8	18.6
QOK93467.1	3.8	18.6
QOK98373.1	3.8	18.6
UNK77407.1	3.8	18.6
QHG15275.1	3.8	18.5
SMB21565.1	3.8	18.5
AXX87639.1	3.8	18.5
ALF24620.1	3.8	18.5
ALF25687.1	3.8	18.5
AVF67390.1	3.8	18.5
ANN35356.1	3.8	18.5
ANV74044.1	3.8	18.5
BCA31789.1	3.8	18.5
UDW03943.1	3.8	18.5
APD12718.1	3.8	18.5
SNU88661.1	3.8	18.5
QOV80902.1	3.8	18.5
QQO13558.1	3.8	18.5
ALJ04577.1	3.9	18.5
BCL87972.1	3.9	18.5
BCN00527.1	3.9	18.5
QFF90370.1	3.9	18.5
QOS23339.1	3.9	18.5
ATP34298.1	3.9	18.5
QGX67505.1	3.9	18.5
ADQ68843.1	4.0	18.5
QZK89017.1	4.0	18.5
AWW29642.1	4.0	18.5
UIP03941.1	4.0	18.5
QSE87039.1	4.0	18.5
ASF31081.1	4.0	18.5
AVG65922.1	4.0	18.5
CAG41873.1	4.0	18.5
UOB24554.1	4.0	18.5
QSN62105.1	4.0	18.5
QNI94093.1	4.0	18.5
QDD84012.1	4.1	18.4
CBJ44095.1	4.1	18.4
ALQ09314.1	4.2	18.4
AZH79634.1	4.2	18.4
BAK55829.1	4.2	18.4
BAK79189.1	4.2	18.4
QEF00979.1	4.2	18.4
ULJ56630.1	4.2	18.4
UMV35806.1	4.2	18.4
QIY79746.1	4.2	18.4
ATC23181.1	4.2	18.4
AZH14744.1	4.2	18.4
AOE88713.1	4.3	18.4
APF88114.1	4.3	18.4
ARS55157.1	4.3	18.4
AXV70325.1	4.3	18.4
AXV96811.1	4.3	18.4
AXW02030.1	4.3	18.4
AXW11489.1	4.3	18.4
AXW29509.1	4.3	18.4
AXW34438.1	4.3	18.4
AXW44049.1	4.3	18.4
AXW48889.1	4.3	18.4
AXW58298.1	4.3	18.4
AXW67390.1	4.3	18.4
AZU57036.1	4.3	18.4
CUV46042.1	4.3	18.4
CUV55334.1	4.3	18.4
QIK19549.1	4.3	18.4
QKL52995.1	4.3	18.4
QKL72660.1	4.3	18.4
QKL77863.1	4.3	18.4
QKL83071.1	4.3	18.4
QKL88280.1	4.3	18.4
QKM03648.1	4.3	18.4
QKM08859.1	4.3	18.4
QKM14070.1	4.3	18.4
QKM19293.1	4.3	18.4
QKM24250.1	4.3	18.4
QKM29057.1	4.3	18.4
QKZ28895.1	4.3	18.4
QKZ33862.1	4.3	18.4
QMT10080.1	4.3	18.4
QOK86062.1	4.3	18.4
QUP59537.1	4.3	18.4
UQY82045.1	4.3	18.4
UIA84594.1	4.3	18.4
UIA93186.1	4.3	18.4
ATJ87174.1	4.3	18.4
QWH17954.1	4.3	18.4
QIB26939.1	4.3	18.4
AUM02440.1	4.3	18.4
BBJ57445.1	4.3	18.4
AYG70167.1	4.3	18.4
AYG76542.1	4.3	18.4
UQS12747.1	4.3	18.4
SYV91908.1	4.3	18.4
QNL92857.1	4.3	18.4
UPG87776.1	4.4	18.3
QIY91742.1	4.4	18.3
UIP95334.1	4.4	18.3
APF20196.1	4.4	18.3
BCW10809.1	4.4	18.3
BCW14892.1	4.4	18.3
BCW23227.1	4.4	18.3
BCW27495.1	4.4	18.3
BCW31762.1	4.4	18.3
UKE97388.1	4.4	18.3
UKF02174.1	4.4	18.3
AZO07633.1	4.5	18.3
AUZ54046.1	4.5	18.3
AZA57854.1	4.5	18.3
ALF89018.1	4.5	18.3
ATI28419.1	4.5	18.3
QHB54107.1	4.5	18.3
QHB58154.1	4.5	18.3
APG65853.1	4.5	18.3
QFZ18008.1	4.5	18.3
AIW84901.1	4.6	18.3
QBP91158.1	4.6	18.3
QEL85411.1	4.6	18.3
QWG90148.1	4.6	18.3
QWH61226.1	4.6	18.3
QWI22318.1	4.6	18.3
AJH21895.1	4.6	18.3
QQA18448.1	4.6	18.3
QWG39481.1	4.6	18.3
QWG50846.1	4.6	18.3
QWG56419.1	4.6	18.3
QWG67499.1	4.6	18.3
QWG70763.1	4.6	18.3
QWG76399.1	4.6	18.3
QWG84346.1	4.6	18.3
QWH01200.1	4.6	18.3
QWH06757.1	4.6	18.3
QWH23420.1	4.6	18.3
QWH34649.1	4.6	18.3
QWH78649.1	4.6	18.3
QWH92599.1	4.6	18.3
QWI11416.1	4.6	18.3
QWI38282.1	4.6	18.3
QWI43696.1	4.6	18.3
QWI60795.1	4.6	18.3
QWI68127.1	4.6	18.3
QWI74469.1	4.6	18.3
UNJ93337.1	4.6	18.3
ADL51860.1	4.6	18.3
QOL00466.1	4.6	18.3
AEB07384.1	4.6	18.3
QYR68244.1	4.7	18.3
AMQ18662.1	4.7	18.3
QQO06885.1	4.7	18.2
UAB86438.1	4.7	18.2
ARP44335.1	4.7	18.2
AOP02603.1	4.7	18.2
AOP03664.1	4.7	18.2
AOP03696.1	4.7	18.2
ARA39632.1	4.7	18.2
ATQ87951.1	4.7	18.2
ATQ93351.1	4.7	18.2
AXV82515.1	4.7	18.2
AXW53637.1	4.7	18.2
AKK66427.1	4.7	18.2
QDI90458.1	4.7	18.2
AMV51103.1	4.7	18.2
AMV56251.1	4.7	18.2
QHF24744.1	4.7	18.2
AJG25819.1	4.8	18.2
APD31691.1	4.8	18.2
ASL34633.1	4.8	18.2
ATX39599.1	4.8	18.2
AYB02613.1	4.8	18.2
AYB04484.1	4.8	18.2
VEG91104.1	4.8	18.2
AIO24133.1	4.8	18.2
ALK16516.1	4.8	18.2
ASE94864.1	4.8	18.2
ATF76956.1	4.8	18.2
QCY04422.1	4.8	18.2
QOH34543.1	4.8	18.2
UQO34766.1	4.8	18.2
UQO48260.1	4.8	18.2
UQP10160.1	4.8	18.2
AYH02182.1	4.8	18.2
AYH11001.1	4.8	18.2
AYH18284.1	4.8	18.2
AYH28448.1	4.8	18.2
BBU27098.1	4.8	18.2
QQL44473.1	4.8	18.2
QGW76793.1	4.8	18.2
BCM18838.1	4.8	18.2
ASZ68387.1	4.8	18.2
API75772.1	4.8	18.2
AUS43310.1	4.8	18.2
AVV67783.1	4.8	18.2
AYA47550.1	4.8	18.2
VEJ56934.1	4.8	18.2
AYO85434.1	4.9	18.2
QEV48946.1	4.9	18.2
ATP30390.1	4.9	18.2
ULJ78775.1	4.9	18.2
BAM01409.1	4.9	18.2
APF17773.1	4.9	18.2
AQP48798.1	5.0	18.2
AMP38494.1	5.0	18.2
AQW29677.1	5.0	18.2
AXV77894.1	5.0	18.2
AXV87322.1	5.0	18.2
AXV91919.1	5.0	18.2
AXW06806.1	5.0	18.2
AXW20005.1	5.0	18.2
AXW24547.1	5.0	18.2
AXW76805.1	5.0	18.2
AXW81484.1	5.0	18.2
CCA80082.1	5.0	18.2
QQV56460.1	5.0	18.2
QUP55507.1	5.0	18.2
AEH86269.1	5.0	18.1
ABG60969.1	5.1	18.1
AHC81401.1	5.1	18.1
AHC86830.1	5.1	18.1
QKW48726.1	5.1	18.1
CZQ24332.1	5.1	18.1
QEN03939.1	5.1	18.1
AHG22949.1	5.1	18.1
SNB54886.1	5.2	18.1
AUG76346.1	5.2	18.1
UKE47601.1	5.2	18.1
UKE69962.1	5.2	18.1
UAM98226.1	5.3	18.1
ADC69773.1	5.3	18.1
QDW19520.1	5.3	18.1
QKG53276.1	5.3	18.1
AHW95487.1	5.3	18.1
QLV58318.1	5.3	18.1
QQE40599.1	5.3	18.1
QVK35643.1	5.3	18.1
UAN18204.1	5.3	18.1
CAH0337424.1	5.3	18.1
QOQ69295.1	5.3	18.1
AEX14291.1	5.3	18.1
AFX74495.1	5.3	18.1
AHA41301.1	5.3	18.1
QEA02024.1	5.3	18.1
QPC29482.1	5.3	18.1
VEU58053.1	5.3	18.1
BCB05870.1	5.4	18.1
UNP79234.1	5.4	18.0
ANA80671.1	5.4	18.0
AVV55258.1	5.4	18.0
AWP29844.1	5.4	18.0
UQB78128.1	5.4	18.0
QIP37626.1	5.5	18.0
ANH46649.1	5.5	18.0
AKK72529.1	5.5	18.0
VEA62952.1	5.5	18.0
AOL14788.1	5.5	18.0
BAU55755.1	5.5	18.0
AUC82415.1	5.6	18.0
UAN35610.1	5.6	18.0
QBJ32288.1	5.6	18.0
QOF63821.1	5.6	18.0
QVM97070.1	5.6	18.0
ASL72890.1	5.6	18.0
QIK22509.1	5.6	18.0
QIK29454.1	5.6	18.0
QIK34361.1	5.6	18.0
QUR43905.1	5.6	18.0
AZN96298.1	5.7	18.0
CKG85245.1	5.7	18.0
AZO45363.1	5.7	18.0
QNT40706.1	5.7	18.0
ADL00458.1	5.7	18.0
BBO68079.1	5.8	17.9
QKV58142.1	5.8	17.9
ASF19232.1	5.8	17.9
BAE17214.1	5.8	17.9
QCY41419.1	5.8	17.9
UPQ76122.1	5.8	17.9
QKH90073.1	5.8	17.9
QCU73920.1	5.9	17.9
UFU02384.1	5.9	17.9
SMD44621.1	5.9	17.9
AWG21430.1	5.9	17.9
AMY11709.1	5.9	17.9
BCG96120.1	6.0	17.9
ADX75035.1	6.0	17.9
ANC39299.1	6.0	17.9
QEI31627.1	6.0	17.9
SDH28863.1	6.0	17.9
CAH0335778.1	6.0	17.9
AGO53724.1	6.0	17.9
QBY41716.1	6.0	17.9
UFU14568.1	6.0	17.9
AZQ66501.1	6.1	17.9
ACL02068.1	6.1	17.9
QAZ40217.1	6.1	17.9
QEU43921.1	6.1	17.9
QTX05433.1	6.2	17.9
SDU16684.1	6.2	17.9
QNE19821.1	6.2	17.8
AUC16632.1	6.2	17.8
UIY56147.1	6.2	17.8
SDS52650.1	6.2	17.8
AXH51538.1	6.2	17.8
QES59219.1	6.3	17.8
QTR98334.1	6.3	17.8
AAQ61867.1	6.3	17.8
APZ38995.1	6.3	17.8
AWQ98391.1	6.3	17.8
AWR14277.1	6.3	17.8
QFM93043.1	6.3	17.8
QQY96054.1	6.3	17.8
BBL76652.1	6.3	17.8
AZA86096.1	6.3	17.8
AZA94504.1	6.3	17.8
BBY17621.1	6.4	17.8
ATX76611.1	6.4	17.8
AOJ03435.1	6.5	17.8
AAZ26806.1	6.5	17.8
AXT18585.1	6.5	17.8
SNV25473.1	6.5	17.8
QDY62094.1	6.5	17.8
UQS66402.1	6.5	17.8
AKR09758.1	6.5	17.8
AWZ13970.1	6.5	17.8
QDU66277.1	6.5	17.8
QDV00603.1	6.5	17.8
UCI25307.1	6.5	17.8
AUT31379.1	6.5	17.8
APB38211.1	6.6	17.8
QPG53944.1	6.6	17.8
AHL71512.1	6.6	17.8
AKC66081.1	6.6	17.8
AKU32400.1	6.6	17.8
AMB89835.1	6.6	17.8
AMM89040.1	6.6	17.8
ANT56699.1	6.6	17.8
APP17053.1	6.6	17.8
ATH72320.1	6.6	17.8
ATP94012.1	6.6	17.8
BAT48773.1	6.6	17.8
BDC54952.1	6.6	17.8
BDC58662.1	6.6	17.8
QAR54236.1	6.6	17.8
QCU19000.1	6.6	17.8
QDZ94190.1	6.6	17.8
QEO62263.1	6.6	17.8
QII24680.1	6.6	17.8
QKJ40291.1	6.6	17.8
QKL21673.1	6.6	17.8
QKL25405.1	6.6	17.8
QOV51296.1	6.6	17.8
QQX15281.1	6.6	17.8
QRF85383.1	6.6	17.8
QSI46112.1	6.6	17.8
QTV14173.1	6.6	17.8
QXJ50069.1	6.6	17.8
QXY95788.1	6.6	17.8
UJM29307.1	6.6	17.8
UNG02758.1	6.6	17.8
UOG09318.1	6.6	17.8
QWH66766.1	6.6	17.8
UOE35885.1	6.6	17.8
AUZ86816.1	6.6	17.8
QDH61352.1	6.6	17.7
ADD28774.1	6.7	17.7
QQK08965.1	6.7	17.7
ALM29258.1	6.7	17.7
ALM45796.1	6.7	17.7
ANY97277.1	6.7	17.7
UDE95133.1	6.7	17.7
AJF61643.1	6.7	17.7
QDU56450.1	6.7	17.7
UPK88308.1	6.8	17.7
AGK05778.1	6.8	17.7
QFS37887.1	6.8	17.7
UPU49071.1	6.9	17.7
UQN15129.1	6.9	17.7
QCJ41651.1	6.9	17.7
QHB24126.1	6.9	17.7
QOY87694.1	6.9	17.7
BCY24158.1	6.9	17.7
AUN15276.1	6.9	17.7
QDB80222.1	6.9	17.7
AKK08124.1	6.9	17.7
QNK85496.1	6.9	17.7
QNJ43615.1	7.0	17.7
QPW57302.1	7.0	17.7
BAU62809.1	7.0	17.7
QOT20626.1	7.0	17.7
AYE35193.1	7.0	17.7
QAS60597.1	7.0	17.7
AOH45507.1	7.0	17.7
QDX23330.1	7.0	17.7
UQG56800.1	7.0	17.7
UQG65604.1	7.0	17.7
UQG69884.1	7.0	17.7
UIK89067.1	7.1	17.7
AHB75177.2	7.1	17.7
QNI60589.1	7.1	17.7
AHB04433.2	7.1	17.7
CCF20875.1	7.1	17.7
QDT54952.1	7.1	17.6
QIK42421.1	7.1	17.6
AIU26920.2	7.3	17.6
ADQ45276.1	7.3	17.6
QDV84815.1	7.3	17.6
AIO64982.1	7.3	17.6
AJX31284.1	7.3	17.6
AOI44083.1	7.3	17.6
AOI47624.1	7.3	17.6
UOX34014.1	7.3	17.6
AJI46660.1	7.3	17.6
AJI49561.1	7.3	17.6
QWR76475.1	7.3	17.6
AZW08942.1	7.3	17.6
QEF31452.1	7.4	17.6
QIC81233.1	7.4	17.6
AHN76452.1	7.4	17.6
ANC44150.1	7.4	17.6
QBL09599.1	7.4	17.6
ARN56292.1	7.4	17.6
ATP58112.1	7.4	17.6
ACA18389.1	7.4	17.6
QGS69480.1	7.4	17.6
AZO03223.1	7.4	17.6
AID43993.1	7.5	17.6
QHM74043.1	7.5	17.6
UON93016.1	7.6	17.6
QGZ60985.1	7.6	17.6
ABR44991.1	7.7	17.5
UQQ34857.1	7.7	17.5
URJ57302.1	7.7	17.5
URJ64723.1	7.7	17.5
URJ71807.1	7.7	17.5
BCN20816.1	7.7	17.5
UOB95488.1	7.7	17.5
AYV45601.1	7.7	17.5
UJH92326.1	7.7	17.5
ARC84852.1	7.7	17.5
QGT51273.1	7.7	17.5
AWV72380.1	7.8	17.5
QEC77642.1	7.8	17.5
ADU82855.1	7.8	17.5
ADU79633.1	7.8	17.5
QHN81685.1	7.8	17.5
QHN81686.1	7.8	17.5
QHS54484.1	7.8	17.5
CCG54662.1	7.9	17.5
QSF57031.1	7.9	17.5
QFU99280.1	8.0	17.5
QDO69390.1	8.0	17.5
UCB33569.1	8.0	17.5
UCB37810.1	8.0	17.5
AIS51839.1	8.0	17.5
QBO58907.1	8.0	17.5
QCO91894.1	8.0	17.5
VFH60414.1	8.0	17.5
VFH96067.1	8.0	17.5
QWH20203.1	8.0	17.5
AHC48803.1	8.0	17.5
AUZ18604.1	8.0	17.5
AXA78951.1	8.0	17.5
CCH10040.1	8.0	17.5
CKH91218.1	8.0	17.5
QEQ24567.1	8.0	17.5
QKI68989.1	8.0	17.5
QKI74102.1	8.0	17.5
QKQ53111.1	8.0	17.5
QQE59711.1	8.0	17.5
SQG76467.1	8.0	17.5
UON41685.1	8.0	17.5
BBB23032.1	8.1	17.5
AME00948.1	8.1	17.5
SNV46542.1	8.1	17.5
ADB36004.1	8.1	17.5
AFV97999.1	8.2	17.5
UNB51036.1	8.2	17.4
QDT50827.1	8.2	17.4
ARC82328.1	8.2	17.4
AUA86001.1	8.2	17.4
AUA92091.1	8.2	17.4
VEU58842.1	8.2	17.4
QIC83800.1	8.4	17.4
QEL00569.1	8.4	17.4
QDY58055.1	8.5	17.4
AJI75399.1	8.5	17.4
QGG46609.1	8.5	17.4
QEF37713.1	8.5	17.4
QLB52127.1	8.6	17.4
VDY71262.1	8.6	17.4
AJG17100.1	8.7	17.4
APP03581.1	8.7	17.4
AMB87422.1	8.7	17.4
QUR93752.1	8.7	17.4
QTQ09020.1	8.7	17.4
QIK70035.1	8.7	17.4
QEF41055.1	8.8	17.4
ALU39580.1	8.8	17.3
AWV43930.1	8.8	17.3
AER67531.1	8.8	17.3
QTO27150.1	8.8	17.3
VFI28617.1	8.9	17.3
AVI88802.1	8.9	17.3
AMU82650.1	8.9	17.3
ATC02252.1	8.9	17.3
AUZ01066.1	8.9	17.3
AVB45184.1	8.9	17.3
AWF19857.1	8.9	17.3
AZH44508.1	8.9	17.3
QBF90985.1	8.9	17.3
QGQ14820.1	8.9	17.3
QHW83102.1	8.9	17.3
QIF72853.1	8.9	17.3
QLO67809.1	8.9	17.3
AUJ51919.1	8.9	17.3
BAQ01907.1	9.0	17.3
AKL03559.1	9.0	17.3
AOV08783.1	9.0	17.3
AMY70564.1	9.1	17.3
AFM16085.1	9.1	17.3
BBA43217.1	9.2	17.3
APA14352.1	9.2	17.3
QKK99211.1	9.2	17.3
QOE08217.1	9.2	17.3
URM37889.1	9.2	17.3
AKJ15413.1	9.2	17.3
ASM48708.1	9.3	17.3
QDO99979.1	9.3	17.3
AGA75714.1	9.4	17.3
AAK80988.1	9.4	17.3
ADZ22091.1	9.4	17.3
AEI32665.1	9.4	17.3
AWV78601.1	9.4	17.3
QDS27273.1	9.4	17.2
QFR09879.1	9.4	17.2
QGW74223.1	9.4	17.2
QUN48447.1	9.4	17.2
UMY27079.1	9.4	17.2
AVG15700.1	9.4	17.2
BAG30059.1	9.4	17.2
VEH74671.1	9.4	17.2
ABY36505.1	9.5	17.2
QHJ76396.1	9.5	17.2
AKL01243.1	9.5	17.2
QPL32136.1	9.5	17.2
QDY63522.1	9.5	17.2
QEC68023.1	9.6	17.2
BCG78316.1	9.6	17.2
AAR33555.1	9.6	17.2
UAC04317.1	9.6	17.2
APK47246.1	9.6	17.2
ARA02077.1	9.6	17.2
ARA07232.1	9.6	17.2
UNH26575.1	9.7	17.2
QBJ80198.1	9.7	17.2
QOS19161.1	9.7	17.2
QOS28177.1	9.7	17.2
AMR30554.1	9.7	17.2
QED37739.1	9.8	17.2
QKE63350.1	9.8	17.2
AZK45966.1	9.8	17.2
BCL82559.1	9.8	17.2
ALM08444.1	9.8	17.2
QUC58111.1	9.9	17.2
ACY18243.1	9.9	17.2
QEN92400.1	9.9	17.2
QPW60082.1	10.0	17.2
AJO24450.1	10.0	17.2
AKN54084.1	10.0	17.2
ATW84272.1	10.0	17.2
QAU28412.1	10.0	17.2
QYF70838.1	10.0	17.2
